{"type":"header","name":"Header group","sections":{"announcement-bar":{"type":"announcement-bar","blocks":{"5b1ab378-833d-4a94-a02e-8325ec1551d0":{"type":"text","disabled":true,"settings":{"icon":"none","text":"🇬🇧 FREE SHIPPING ON ALL ORDERS ABOVE £70","link":""}},"83dbf2d3-758b-48f8-9656-aacbc64c427f":{"type":"text","settings":{"icon":"none","text":"<b>Pay in 30 Days with Klarna or Clearpay<\/b>","link":""}},"c5f1b3e7-e79d-454c-a5a5-51b27c3e8407":{"type":"text","settings":{"icon":"none","text":"<b>Order before 23h, send same day<\/b>","link":""}},"0ce44074-faa3-497f-8552-9b8decd91b55":{"type":"text","disabled":true,"settings":{"icon":"none","text":"<b>2 DAYS WORLDWIDE SHIPPING<\/b>","link":""}}},"block_order":["5b1ab378-833d-4a94-a02e-8325ec1551d0","83dbf2d3-758b-48f8-9656-aacbc64c427f","c5f1b3e7-e79d-454c-a5a5-51b27c3e8407","0ce44074-faa3-497f-8552-9b8decd91b55"],"disabled":true,"settings":{"announcement_bar":true,"announcement_bar_homepage_only":false,"announcement_bar_layout":"carousel","direction":"left","speed":"20s"}},"richtext_lp_FXWmcm":{"type":"richtext_lp","blocks":{"richtext_JkWhAK":{"type":"richtext","settings":{"text":"<p>Enjoy Free Shipping <strong>over £50* <\/strong><\/p>","custom_class":"top_bar_text"}}},"block_order":["richtext_JkWhAK"],"settings":{"custom_class":"top_bar_main","custom_id":"","svg_desktop":"","svg_mobile":"","svg_desktop2":"","svg_mobile2":"","bg_color":"#262626","bg_color2":"","color":"#fafaf8","position":"center","padding_top":6,"padding_bottom":7,"padding_top_mobile":4,"padding_bottom_mobile":4}},"header":{"type":"header","settings":{"sticky_header":false,"logo":"shopify:\/\/shop_images\/logo.webp","logo_height_range":36,"logo_height_range_mobile":24,"style":"style3","header_shadow":"header--shadow-none","menu":"main-menu-new","transparent_header":false,"logo_light":"shopify:\/\/shop_images\/Zonder_titel_1200_x_250_px_1200_x_150_px_600_x_100_px_700_x_150_px_700_x_400_px_2.png","show_language_switcher":false,"show_currency_switcher":false,"mobile_secondary_menu":"mobile-new","mobile_promo_heading":"Promotion heading","mobile_promo_link_label":"Shop","mobile_promo_link":"","quiz_text":"","quiz_link":"shopify:\/\/pages\/take-our-quiz","icon_menu_text_1":"Shop all","icon_menu_text_2":"Detox & Weight Loss","icon_menu_image_2":"shopify:\/\/shop_images\/icons8-weighing-50.png","icon_menu_text_3":"Daily Health","icon_menu_image_3":"shopify:\/\/shop_images\/icons8-health-50.png","icon_menu_text_4":"Energy","icon_menu_image_4":"shopify:\/\/shop_images\/icons8-energy-50.png","icon_menu_text_5":"Hair & Skin","icon_menu_image_5":"shopify:\/\/shop_images\/icons8-skin-90.png","icon_menu_text_6":"","icon_menu_text_7":"","icon_menu_text_8":"","title":"Shop","icon1":"shopify:\/\/shop_images\/menu_icon1.webp","text1":"10,000+ Happy Customers","icon2":"shopify:\/\/shop_images\/menu_icon2.webp","text2":"100% Satisfaction Guarantee","image1":"shopify:\/\/shop_images\/menu_img_1dex.webp","image1_mobile":"shopify:\/\/shop_images\/menu_img_1mobile.webp","title1":"Detox & Weight Loss","button1_text":"Shop Now","products1":["flat-belly-30-day-colon-detox","liver-cleanse-1","burn-boost-natural-fat-burner","hormone-balance-myo-chiro-inositol-1"],"image2":"shopify:\/\/shop_images\/menu_img_2dex.webp","image2_mobile":"shopify:\/\/shop_images\/menu_img_2mobile.webp","title2":"Daily Health","button2_text":"Shop Now","products2":["burn-boost-natural-fat-burner","hormone-balance-myo-chiro-inositol-1","magic-magnesium-relaxation-brain-health-rest","hair-growth"],"image3":"shopify:\/\/shop_images\/menu_img_3dex.webp","image3_mobile":"shopify:\/\/shop_images\/menu_img_3mobile.webp","title3":"Hair & Skin","button3_text":"Shop Now","products3":["hair-growth","collagen-care-reduce-wrinkles-and-restore-your-skin-elasticity","glow-essence-brightening-and-hydrating-facial-serum","oriental-oasis-luxury-skin-hair-oil-with-argan-oil-grape-seed-oil"],"image4":"shopify:\/\/shop_images\/menu_img_4dex.webp","image4_mobile":"shopify:\/\/shop_images\/menu_img_4mobile.webp","title4":"Energy","button4_text":"Shop Now","image5":"shopify:\/\/shop_images\/image5.webp","title5":"Shop All","button5_text":"Shop Now","button5_link":"shopify:\/\/collections\/shop-all","image6":"shopify:\/\/shop_images\/image6.webp","title6":"Bundle Builder","button6_text":"Shop Now","button6_link":"https:\/\/jennahorganics.com\/a\/collections\/bundle\/bundlbuilder","products4":["burn-boost-natural-fat-burner","liver-cleanse-1"],"follow_title":"Follow us on instagram","social_link":"https:\/\/www.instagram.com\/Jennahorganic\/","social_svg":"<svg xmlns=\"http:\/\/www.w3.org\/2000\/svg\" width=\"21\" height=\"21\" viewBox=\"0 0 21 21\" fill=\"none\">\n  <g clip-path=\"url(#clip0_196_27323)\">\n    <path d=\"M10.5 1.89082C13.3055 1.89082 13.6377 1.90312 14.741 1.95234C15.7664 1.99746 16.3201 2.16973 16.6893 2.31328C17.1773 2.50195 17.5301 2.73164 17.8951 3.09668C18.2643 3.46582 18.4898 3.81445 18.6785 4.30254C18.8221 4.67168 18.9943 5.22949 19.0395 6.25078C19.0887 7.3582 19.101 7.69043 19.101 10.4918C19.101 13.2973 19.0887 13.6295 19.0395 14.7328C18.9943 15.7582 18.8221 16.3119 18.6785 16.6811C18.4898 17.1691 18.2602 17.5219 17.8951 17.8869C17.526 18.2561 17.1773 18.4816 16.6893 18.6703C16.3201 18.8139 15.7623 18.9861 14.741 19.0312C13.6336 19.0805 13.3014 19.0928 10.5 19.0928C7.69453 19.0928 7.3623 19.0805 6.25898 19.0312C5.23359 18.9861 4.67988 18.8139 4.31074 18.6703C3.82266 18.4816 3.46992 18.252 3.10488 17.8869C2.73574 17.5178 2.51016 17.1691 2.32148 16.6811C2.17793 16.3119 2.00566 15.7541 1.96055 14.7328C1.91133 13.6254 1.89902 13.2932 1.89902 10.4918C1.89902 7.68633 1.91133 7.3541 1.96055 6.25078C2.00566 5.22539 2.17793 4.67168 2.32148 4.30254C2.51016 3.81445 2.73984 3.46172 3.10488 3.09668C3.47402 2.72754 3.82266 2.50195 4.31074 2.31328C4.67988 2.16973 5.2377 1.99746 6.25898 1.95234C7.3623 1.90312 7.69453 1.89082 10.5 1.89082ZM10.5 0C7.64941 0 7.29258 0.0123047 6.17285 0.0615234C5.05723 0.110742 4.29023 0.291211 3.62578 0.549609C2.93262 0.820312 2.34609 1.17715 1.76367 1.76367C1.17715 2.34609 0.820312 2.93262 0.549609 3.62168C0.291211 4.29023 0.110742 5.05312 0.0615234 6.16875C0.0123047 7.29258 0 7.64941 0 10.5C0 13.3506 0.0123047 13.7074 0.0615234 14.8271C0.110742 15.9428 0.291211 16.7098 0.549609 17.3742C0.820312 18.0674 1.17715 18.6539 1.76367 19.2363C2.34609 19.8188 2.93262 20.1797 3.62168 20.4463C4.29023 20.7047 5.05312 20.8852 6.16875 20.9344C7.28848 20.9836 7.64531 20.9959 10.4959 20.9959C13.3465 20.9959 13.7033 20.9836 14.823 20.9344C15.9387 20.8852 16.7057 20.7047 17.3701 20.4463C18.0592 20.1797 18.6457 19.8188 19.2281 19.2363C19.8105 18.6539 20.1715 18.0674 20.4381 17.3783C20.6965 16.7098 20.877 15.9469 20.9262 14.8313C20.9754 13.7115 20.9877 13.3547 20.9877 10.5041C20.9877 7.65352 20.9754 7.29668 20.9262 6.17695C20.877 5.06133 20.6965 4.29434 20.4381 3.62988C20.1797 2.93262 19.8229 2.34609 19.2363 1.76367C18.6539 1.18125 18.0674 0.820312 17.3783 0.553711C16.7098 0.295312 15.9469 0.114844 14.8312 0.065625C13.7074 0.0123047 13.3506 0 10.5 0Z\" fill=\"#141414\"\/>\n    <path d=\"M10.4995 5.10645C7.52178 5.10645 5.10596 7.52227 5.10596 10.5C5.10596 13.4777 7.52178 15.8936 10.4995 15.8936C13.4772 15.8936 15.8931 13.4777 15.8931 10.5C15.8931 7.52227 13.4772 5.10645 10.4995 5.10645ZM10.4995 13.9986C8.56768 13.9986 7.00088 12.4318 7.00088 10.5C7.00088 8.56816 8.56768 7.00137 10.4995 7.00137C12.4313 7.00137 13.9981 8.56816 13.9981 10.5C13.9981 12.4318 12.4313 13.9986 10.4995 13.9986Z\" fill=\"#141414\"\/>\n    <path d=\"M17.366 4.89297C17.366 5.59024 16.8 6.15215 16.1068 6.15215C15.4096 6.15215 14.8477 5.58614 14.8477 4.89297C14.8477 4.1957 15.4137 3.63379 16.1068 3.63379C16.8 3.63379 17.366 4.19981 17.366 4.89297Z\" fill=\"#141414\"\/>\n  <\/g>\n  <defs>\n    <clipPath id=\"clip0_196_27323\">\n      <rect width=\"21\" height=\"21\" fill=\"white\"\/>\n    <\/clipPath>\n  <\/defs>\n<\/svg>","social_text":"@Jennahorganic","bottom_text":"<ul><li><a href=\"\/pages\/about-jennah\" title=\"About Jennah\">About Jennah<\/a><\/li><li><a href=\"\/pages\/take-our-quiz\" title=\"Take Our Quiz\">Take Our Quiz<\/a><\/li><li><a href=\"\/pages\/jennah-community\" title=\"jennah community\">Jennah Community<\/a><\/li><li><a href=\"\/blogs\/nieuws\" title=\"Nieuws\">Blogs<\/a><\/li><\/ul>"}},"icons_with_text_lp_tJxCYt":{"type":"icons_with_text_lp","blocks":{"column_DBkTzi":{"type":"column","settings":{"svg":"<svg xmlns=\"http:\/\/www.w3.org\/2000\/svg\" width=\"12\" height=\"12\" viewBox=\"0 0 12 12\" fill=\"none\">\n  <path d=\"M5.71023 1.08077C5.78971 0.784358 6.21029 0.784359 6.28977 1.08077L7.22371 4.56421C7.25146 4.6677 7.3323 4.74854 7.43579 4.77629L10.9192 5.71023C11.2156 5.78971 11.2156 6.21029 10.9192 6.28977L7.43579 7.22371C7.3323 7.25146 7.25146 7.3323 7.22371 7.43579L6.28977 10.9192C6.21029 11.2156 5.78971 11.2156 5.71023 10.9192L4.77629 7.43579C4.74854 7.3323 4.6677 7.25146 4.56421 7.22371L1.08077 6.28977C0.784358 6.21029 0.784359 5.78971 1.08077 5.71023L4.56421 4.77629C4.6677 4.74854 4.74854 4.6677 4.77629 4.56421L5.71023 1.08077Z\" fill=\"#FF6F61\"\/>\n<\/svg>","text":"100% Organic Ingredients"}},"column_NT4gc8":{"type":"column","settings":{"svg":"<svg xmlns=\"http:\/\/www.w3.org\/2000\/svg\" width=\"12\" height=\"12\" viewBox=\"0 0 12 12\" fill=\"none\">\n  <path d=\"M5.71023 1.08077C5.78971 0.784358 6.21029 0.784359 6.28977 1.08077L7.22371 4.56421C7.25146 4.6677 7.3323 4.74854 7.43579 4.77629L10.9192 5.71023C11.2156 5.78971 11.2156 6.21029 10.9192 6.28977L7.43579 7.22371C7.3323 7.25146 7.25146 7.3323 7.22371 7.43579L6.28977 10.9192C6.21029 11.2156 5.78971 11.2156 5.71023 10.9192L4.77629 7.43579C4.74854 7.3323 4.6677 7.25146 4.56421 7.22371L1.08077 6.28977C0.784358 6.21029 0.784359 5.78971 1.08077 5.71023L4.56421 4.77629C4.6677 4.74854 4.74854 4.6677 4.77629 4.56421L5.71023 1.08077Z\" fill=\"#FF6F61\"\/>\n<\/svg>","text":"Clinically-Backed for Proven Results"}},"column_dQGNT3":{"type":"column","settings":{"svg":"<svg xmlns=\"http:\/\/www.w3.org\/2000\/svg\" width=\"12\" height=\"12\" viewBox=\"0 0 12 12\" fill=\"none\">\n  <path d=\"M5.71023 1.08077C5.78971 0.784358 6.21029 0.784359 6.28977 1.08077L7.22371 4.56421C7.25146 4.6677 7.3323 4.74854 7.43579 4.77629L10.9192 5.71023C11.2156 5.78971 11.2156 6.21029 10.9192 6.28977L7.43579 7.22371C7.3323 7.25146 7.25146 7.3323 7.22371 7.43579L6.28977 10.9192C6.21029 11.2156 5.78971 11.2156 5.71023 10.9192L4.77629 7.43579C4.74854 7.3323 4.6677 7.25146 4.56421 7.22371L1.08077 6.28977C0.784358 6.21029 0.784359 5.78971 1.08077 5.71023L4.56421 4.77629C4.6677 4.74854 4.74854 4.6677 4.77629 4.56421L5.71023 1.08077Z\" fill=\"#FF6F61\"\/>\n<\/svg>","text":"Free Shipping on All Orders Over $50"}},"column_ne9nLt":{"type":"column","settings":{"svg":"<svg xmlns=\"http:\/\/www.w3.org\/2000\/svg\" width=\"12\" height=\"12\" viewBox=\"0 0 12 12\" fill=\"none\">\n  <path d=\"M5.71023 1.08077C5.78971 0.784358 6.21029 0.784359 6.28977 1.08077L7.22371 4.56421C7.25146 4.6677 7.3323 4.74854 7.43579 4.77629L10.9192 5.71023C11.2156 5.78971 11.2156 6.21029 10.9192 6.28977L7.43579 7.22371C7.3323 7.25146 7.25146 7.3323 7.22371 7.43579L6.28977 10.9192C6.21029 11.2156 5.78971 11.2156 5.71023 10.9192L4.77629 7.43579C4.74854 7.3323 4.6677 7.25146 4.56421 7.22371L1.08077 6.28977C0.784358 6.21029 0.784359 5.78971 1.08077 5.71023L4.56421 4.77629C4.6677 4.74854 4.74854 4.6677 4.77629 4.56421L5.71023 1.08077Z\" fill=\"#FF6F61\"\/>\n<\/svg>","text":"100% Organic Ingredients"}},"column_NxgTfi":{"type":"column","settings":{"svg":"<svg xmlns=\"http:\/\/www.w3.org\/2000\/svg\" width=\"12\" height=\"12\" viewBox=\"0 0 12 12\" fill=\"none\">\n  <path d=\"M5.71023 1.08077C5.78971 0.784358 6.21029 0.784359 6.28977 1.08077L7.22371 4.56421C7.25146 4.6677 7.3323 4.74854 7.43579 4.77629L10.9192 5.71023C11.2156 5.78971 11.2156 6.21029 10.9192 6.28977L7.43579 7.22371C7.3323 7.25146 7.25146 7.3323 7.22371 7.43579L6.28977 10.9192C6.21029 11.2156 5.78971 11.2156 5.71023 10.9192L4.77629 7.43579C4.74854 7.3323 4.6677 7.25146 4.56421 7.22371L1.08077 6.28977C0.784358 6.21029 0.784359 5.78971 1.08077 5.71023L4.56421 4.77629C4.6677 4.74854 4.74854 4.6677 4.77629 4.56421L5.71023 1.08077Z\" fill=\"#FF6F61\"\/>\n<\/svg>","text":"Clinically-Backed for Proven Results"}},"column_JTUE8C":{"type":"column","settings":{"svg":"<svg xmlns=\"http:\/\/www.w3.org\/2000\/svg\" width=\"12\" height=\"12\" viewBox=\"0 0 12 12\" fill=\"none\">\n  <path d=\"M5.71023 1.08077C5.78971 0.784358 6.21029 0.784359 6.28977 1.08077L7.22371 4.56421C7.25146 4.6677 7.3323 4.74854 7.43579 4.77629L10.9192 5.71023C11.2156 5.78971 11.2156 6.21029 10.9192 6.28977L7.43579 7.22371C7.3323 7.25146 7.25146 7.3323 7.22371 7.43579L6.28977 10.9192C6.21029 11.2156 5.78971 11.2156 5.71023 10.9192L4.77629 7.43579C4.74854 7.3323 4.6677 7.25146 4.56421 7.22371L1.08077 6.28977C0.784358 6.21029 0.784359 5.78971 1.08077 5.71023L4.56421 4.77629C4.6677 4.74854 4.74854 4.6677 4.77629 4.56421L5.71023 1.08077Z\" fill=\"#FF6F61\"\/>\n<\/svg>","text":"Free Shipping on All Orders Over $50"}}},"block_order":["column_DBkTzi","column_NT4gc8","column_dQGNT3","column_ne9nLt","column_NxgTfi","column_JTUE8C"],"settings":{"custom_class":"header_topbar_scroll","custom_id":"","bg_color":"","text_color":"#212121","enable_slider":true,"slider_speed":9,"columns_desktop":3,"columns_mobile":2,"padding_top":11,"padding_bottom":11,"padding_top_mobile":7,"padding_bottom_mobile":7}}},"order":["announcement-bar","richtext_lp_FXWmcm","header","icons_with_text_lp_tJxCYt"]}