{"sections":{"breadcrumbs":{"type":"breadcrumbs","disabled":true,"settings":{}},"main-article":{"type":"main-article","blocks":{"title":{"type":"title","settings":{"article_show_excerpt":true,"excerpt_length":28,"article_show_sharing":true}},"featured_image":{"type":"featured_image","settings":{"image_ratio":"small"}},"content":{"type":"content","settings":{}},"tags":{"type":"tags","disabled":true,"settings":{}}},"block_order":["title","featured_image","content","tags"],"settings":{"article_show_date":false,"article_show_author":false}},"featured_collection_xXf6Hq":{"type":"featured-collection","settings":{"heading":"Bestsellers","heading_left":true,"description":"","full_width":true,"collection":"best-sellers","display_type":"grid","product_limit":4,"columns_desktop":4,"show_view_all":true,"mobile_swipe":true,"show_progress_bar":true,"disable_top_spacing":false,"disable_bottom_spacing":false}}},"order":["breadcrumbs","main-article","featured_collection_xXf6Hq"]}