{"sections":{"breadcrumbs":{"type":"breadcrumbs","disabled":true,"settings":{}},"main-article":{"type":"main-article","blocks":{"title":{"type":"title","settings":{"article_show_excerpt":true,"excerpt_length":28,"article_show_sharing":true}},"featured_image":{"type":"featured_image","settings":{"image_ratio":"small"}},"content":{"type":"content","settings":{}},"tags":{"type":"tags","disabled":true,"settings":{}}},"block_order":["title","featured_image","content","tags"],"settings":{"article_show_date":false,"article_show_author":false}}},"order":["breadcrumbs","main-article"]}