{"sections":{"1663670702acb57791":{"type":"spacer","settings":{"spacer_mobile":20,"spacer_desktop":60,"border_separator":false,"border_separator_full":false}},"main-blog-header":{"type":"main-blog-header","disabled":true,"settings":{"heading":"Bericht van Onze Oprichter","description":"<p>Bij Jennah Organics geloven we in de kracht van de natuur om optimale gezondheid en welzijn te bevorderen. Onze missie is geworteld in het leveren van hoogwaardige kruidensupplementen die zijn ontworpen om jou te ondersteunen op je reis naar een gezonder en evenwichtiger leven. Door zorgvuldig geselecteerde ingrediënten van betrouwbare bronnen te gebruiken, streven we ernaar om jou natuurlijke oplossingen te bieden die naadloos passen bij verschillende behoeften en levensstijlen. Lees verder om te ontdekken hoe Jennah Organics je kan helpen om je beste zelf te worden door middel van de helende kracht van de natuur.<\/p>","show_category_list":false}},"main-blog":{"type":"main-blog","settings":{"image_ratio":"landscape","show_date":true,"show_excerpt":true}}},"order":["1663670702acb57791","main-blog-header","main-blog"]}