{"sections":{"main-cart":{"type":"main-cart","settings":{"cart_notes_enable":true}},"product-recommendations":{"type":"product-recommendations","settings":{"heading":"You may also like","heading_left":false,"description":"<p>Describe your featured collection here<\/p>","full_width":true,"mobile_swipe":true,"disable_top_spacing":true,"disable_bottom_spacing":true}},"recently-viewed-products":{"type":"recently-viewed-products","settings":{"heading":"Recently viewed products","heading_left":false,"description":"<p>Describe your recently viewed products here<\/p>","full_width":true,"mobile_swipe":true,"disable_top_spacing":false,"disable_bottom_spacing":false}}},"order":["main-cart","product-recommendations","recently-viewed-products"]}