{"sections":{"richtext_lp_Kp4fYR":{"type":"richtext_lp","blocks":{"heading_DbzqEx":{"type":"heading","settings":{"text":"Best Sellers","heading_size":"h1","h1":true,"custom_class":"collection_heading_lp"}},"richtext_4ncME8":{"type":"richtext","settings":{"text":"<p>Top picks delivering natural, effective results.<\/p>","custom_class":"collection_text_lp"}},"icon_with_text_CVQnMK":{"type":"icon_with_text","settings":{"svg1":"","text1":"Pure, Organic Ingredients","loading":"lazy","fetchpriority":"low","custom_class":"collection_icon_lp"}},"icon_with_text_rbT9WU":{"type":"icon_with_text","settings":{"svg1":"","text1":"Science-Backed Formulas","loading":"lazy","fetchpriority":"low","custom_class":"collection_icon_lp"}},"icon_with_text_DwEexp":{"type":"icon_with_text","settings":{"svg1":"","text1":"Holistic Wellness Solutions","loading":"lazy","fetchpriority":"low","custom_class":"collection_icon_lp"}}},"block_order":["heading_DbzqEx","richtext_4ncME8","icon_with_text_CVQnMK","icon_with_text_rbT9WU","icon_with_text_DwEexp"],"settings":{"custom_class":"collection_banner","custom_id":"","svg_desktop":"","svg_mobile":"","svg_desktop2":"","svg_mobile2":"","bg":"shopify:\/\/shop_images\/collection_banner.webp","bg_mobile":"shopify:\/\/shop_images\/best_section_1.png","bg_color":"#212121","bg_color2":"","color":"#ffffff","position":"left","padding_top":100,"padding_bottom":100,"padding_top_mobile":24,"padding_bottom_mobile":19}},"main-collection-banner":{"type":"main-collection-banner","disabled":true,"settings":{"show_collection_image":true,"show_collection_description":true,"show_subcollections":true,"make_heading_uppercase":true,"overlay_color":"#000000","overlay_opacity":40}},"richtext_lp_kqygND":{"type":"richtext_lp","blocks":{"menu_QT4wUn":{"type":"menu","settings":{"menu":"collection-menu","custom_class":"collection_menu"}}},"block_order":["menu_QT4wUn"],"settings":{"custom_class":"collection_tab_lp","custom_id":"","svg_desktop":"","svg_mobile":"","svg_desktop2":"","svg_mobile2":"","bg_color":"#ffffff","bg_color2":"","color":"#212121","position":"center","padding_top":0,"padding_bottom":0,"padding_top_mobile":0,"padding_bottom_mobile":0}},"product-grid":{"type":"main-collection-product-grid","blocks":{"2eb8e6da-98ad-442c-b31e-fcc9bc0532b9":{"type":"promotion","settings":{"promotion_collection":"","promotion_position":1,"promotion_width":"1","image":"shopify:\/\/shop_images\/collection_save.webp","title":"BUNDLE & SAVE","text":"<p>Save up to 47%<br\/>when you bundle<\/p>","link_label":"Bundle & Save","link":"https:\/\/jennahorganics.com\/a\/collections\/bundle\/bundlbuilder","use_text_button":false,"block_link":"","overlay_color":"#000000","overlay_opacity":0,"custom_class":"bundle_save_column"}},"promotion_gWrmJt":{"type":"promotion","settings":{"promotion_collection":"","promotion_position":4,"promotion_width":"4","title":"","text":"<ul><li>100% Traceable<\/li><li>Vegan & Organic<\/li><li>Third Party Tested<\/li><li>Ethically Sourced Ingredients<\/li><\/ul>","link_label":"","link":"","use_text_button":false,"block_link":"","overlay_color":"#000000","overlay_opacity":0,"custom_class":"full_width_bottom_bar"}}},"block_order":["2eb8e6da-98ad-442c-b31e-fcc9bc0532b9","promotion_gWrmJt"],"settings":{"full_width":false,"stock_text":"<strong>Free over £50<\/strong> – delivery by:","days":"2","products_per_page":48,"columns_desktop":4,"pagination_type":"infinite","enable_filtering":true,"enable_sorting":true,"show_counts":false,"filter_color_swatches":true,"facets_desktop":"drawer"}},"166366972953e881f5":{"type":"collection-list","disabled":true,"settings":{"heading":"","heading_left":false,"description":"","full_width":true,"collection_list":["clothing","denim","dresses","knitwear","long","pants"],"image_ratio":"square","layout":"grid","style":"style1","columns_desktop":6,"columns_mobile":"1","show_progress_bar":true,"mobile_swipe":true,"overlay_color":"#000000","overlay_opacity":0,"disable_top_spacing":true,"disable_bottom_spacing":true}},"16636704759cbf64c5":{"type":"spacer","disabled":true,"settings":{"spacer_mobile":50,"spacer_desktop":125,"border_separator":true,"border_separator_full":true}},"166367231494317262":{"type":"rich-text","blocks":{"1fc06b12-e359-41a2-b694-099a6a7d4133":{"type":"heading","settings":{"text":"Welcome to our collection of pure herbal supplements!","size":"h4"}},"16636723131a14a571-2":{"type":"text","settings":{"text":"<p>We offer a wide range of natural, herbal supplements designed to support your overall health and well-being.<\/p><p>Our herbal supplements are made from high-quality, sustainably sourced ingredients carefully selected for their purity and potency.<\/p><p>We believe in the power of nature to provide us with the tools we need to support our health, and our herbal supplements are a testament to that belief.<\/p>","size":"text-size-small"}}},"block_order":["1fc06b12-e359-41a2-b694-099a6a7d4133","16636723131a14a571-2"],"disabled":true,"settings":{"section_width":"full-width-row-full","text_width":"xlarge","text_position":"center","text_alignment":"center","color_bg":"rgba(0,0,0,0)","color_text":"#151515","color_links":"#151515","disable_top_spacing":true,"disable_bottom_spacing":true}},"image_width_text_lp_4N6CcY":{"type":"image_width_text_lp","blocks":{"heading_kWadQm":{"type":"heading","settings":{"text":"Join the <em>Wellness Journey<\/em>","heading_size":"h1","h1":false,"custom_class":"Redefined_section_11text"}},"richtext_bkeFXd":{"type":"richtext","settings":{"text":"<p>Get exclusive offers, tips, and updates delivered straight to your inbox.<\/p>","custom_class":""}},"html_YFWahQ":{"type":"html","settings":{"text":"<div class=\"signup_custom_form\">\n\t{% form 'customer', class: 'signup-form' %}\n\t\t\t<input name=\"contact[tags]\" type=\"hidden\" value=\"newsletter\" \/>\n\t\t\t{%- if form.errors -%}\n\t\t\t\t<div class=\"form-notification error\" id=\"Newsletter-error--{{ section.id }}\">\n\t\t\t\t\t{% render 'svg-icons' with 'thb-error' %} {{ form.errors.translated_fields['email'] | capitalize }} {{ form.errors.messages['email'] }}\n\t\t\t\t<\/div>\n\t\t\t{%- endif -%}\n\t\t\t{%- if form.posted_successfully? -%}\n\t\t\t\t<div class=\"form-notification success\" id=\"Newsletter-success--{{ section.id }}\">\n\t\t\t\t\t{% render 'svg-icons' with 'thb-success' %} {{ 'newsletter.success' | t }}\n\t\t\t\t<\/div>\n\t\t\t{%- endif -%}\n\t\t\t<div class=\"input_main\">\n\t\t\t\t<input\n\t\t\t\t\tplaceholder=\"Enter your email\"\n\t\t\t\t\ttype=\"email\"\n\t\t\t\t\tid=\"NewsletterForm--{{ section.id }}\"\n\t\t\t\t\tname=\"contact[email]\"\n\t\t\t\t\tautocorrect=\"off\"\n\t\t\t\t\tautocapitalize=\"off\"\n\t\t\t\t\tautocomplete=\"email\"\n\t\t\t\t\tvalue=\"{{ form.email }}\"\n\t\t\t\t\tpattern=\"^([a-zA-Z0-9_\\-\\.]+)@((\\[[0-9]{1,3}\\.[0-9]{1,3}\\.[0-9]{1,3}\\.)|(([a-zA-Z0-9\\-]+\\.)+))([a-zA-Z]{2,4}|[0-9]{1,3})(\\]?)$\"\n\t\t\t\t\ttitle=\"xxx@xxx.xxx\"\n\t\t\t\t\t{% if form.errors %}\n\t\t\t\t\t\tautofocus\n\t\t\t\t\t\taria-invalid=\"true\"\n\t\t\t\t\t\taria-describedby=\"Newsletter-error--{{ section.id }}\"\n\t\t\t\t\t{% elsif form.posted_successfully? %}\n\t\t\t\t\t\taria-describedby=\"Newsletter-success--{{ section.id }}\"\n\t\t\t\t\t{% endif %}\n\t\t\t\t\trequired\n\t\t\t\t\/>\n\t\t\t<button class=\"submit_hk_button\" type=\"submit\" aria-label=\"{{ 'sections.signup.enter_your_email' | t }}\">Submit<svg xmlns=\"http:\/\/www.w3.org\/2000\/svg\" width=\"14\" height=\"16\" viewBox=\"0 0 14 16\" fill=\"none\">\n  <path d=\"M1 7C0.447715 7 0 7.44772 0 8C0 8.55228 0.447715 9 1 9V7ZM13.7071 8.70711C14.0976 8.31658 14.0976 7.68342 13.7071 7.29289L7.34315 0.928932C6.95262 0.538408 6.31946 0.538408 5.92893 0.928932C5.53841 1.31946 5.53841 1.95262 5.92893 2.34315L11.5858 8L5.92893 13.6569C5.53841 14.0474 5.53841 14.6805 5.92893 15.0711C6.31946 15.4616 6.95262 15.4616 7.34315 15.0711L13.7071 8.70711ZM1 9H13V7H1V9Z\" fill=\"#FF6F61\"\/>\n<\/svg><\/button>\n\t\t\t<\/div>\n\n\t{% endform %}\n<\/div>","custom_class":""}}},"block_order":["heading_kWadQm","richtext_bkeFXd","html_YFWahQ"],"settings":{"custom_class":"real_results","custom_id":"","svg_desktop":"","svg_mobile":"","svg_desktop2":"","svg_mobile2":"","bg_color":"#f2f2f2","bg_color2":"","color":"#141414","position":"left","position_image":"left","content_size":50,"heading1":"","image":"shopify:\/\/shop_images\/section_11_img.webp","heading2":"","loading":"lazy","fetchpriority":"low","image_size":50,"padding_top":70,"padding_bottom":70,"padding_top_mobile":14,"padding_bottom_mobile":25}}},"order":["richtext_lp_Kp4fYR","main-collection-banner","richtext_lp_kqygND","product-grid","166366972953e881f5","16636704759cbf64c5","166367231494317262","image_width_text_lp_4N6CcY"]}