{"sections":{"main-collection-banner":{"type":"main-collection-banner","disabled":true,"settings":{"show_collection_image":true,"show_collection_description":true,"show_subcollections":true,"make_heading_uppercase":true,"overlay_color":"#000000","overlay_opacity":40}},"product-grid":{"type":"main-collection-product-grid","blocks":{"2eb8e6da-98ad-442c-b31e-fcc9bc0532b9":{"type":"promotion","settings":{"promotion_collection":"shop-all","promotion_position":7,"promotion_width":"2","image":"shopify:\/\/shop_images\/DSC02113.jpg","title":"","text":"","link_label":"","link":"shopify:\/\/products\/collon-cleans-1","use_text_button":false,"block_link":"shopify:\/\/products\/collon-cleans-1","overlay_color":"#000000","overlay_opacity":0}}},"block_order":["2eb8e6da-98ad-442c-b31e-fcc9bc0532b9"],"settings":{"full_width":true,"products_per_page":48,"columns_desktop":4,"pagination_type":"infinite","enable_filtering":true,"enable_sorting":true,"show_counts":true,"filter_color_swatches":true,"facets_desktop":"drawer"}},"166366972953e881f5":{"type":"collection-list","disabled":true,"settings":{"heading":"","heading_left":false,"description":"","full_width":true,"collection_list":["clothing","denim","dresses","knitwear","long","pants"],"image_ratio":"square","layout":"grid","style":"style1","columns_desktop":6,"columns_mobile":"1","show_progress_bar":true,"mobile_swipe":true,"overlay_color":"#000000","overlay_opacity":0,"disable_top_spacing":true,"disable_bottom_spacing":true}},"16636704759cbf64c5":{"type":"spacer","settings":{"spacer_mobile":50,"spacer_desktop":125,"border_separator":true,"border_separator_full":true}},"166367231494317262":{"type":"rich-text","blocks":{"1fc06b12-e359-41a2-b694-099a6a7d4133":{"type":"heading","settings":{"text":"Welkom op onze collectie van pure kruiden supplementen!","size":"h4"}},"16636723131a14a571-2":{"type":"text","settings":{"text":"<p>Wij bieden een breed scala aan natuurlijke, plantaardige supplementen die zijn ontworpen om uw algehele gezondheid en welzijn te ondersteunen.<\/p><p>Onze kruiden supplementen zijn gemaakt van hoge kwaliteit, duurzaam afkomstige ingrediënten die zorgvuldig zijn geselecteerd voor hun zuiverheid en potentie. Wij geloven in de kracht van de natuur om ons te voorzien van de instrumenten die we nodig hebben om onze gezondheid te ondersteunen, en onze kruidensupplementen zijn een bewijs van dat geloof.<\/p>","size":"text-size-small"}}},"block_order":["1fc06b12-e359-41a2-b694-099a6a7d4133","16636723131a14a571-2"],"settings":{"section_width":"full-width-row-full","text_width":"xlarge","text_position":"center","text_alignment":"center","color_bg":"rgba(0,0,0,0)","color_text":"#151515","color_links":"#151515","disable_top_spacing":true,"disable_bottom_spacing":true}},"166367228131c52c01":{"type":"spacer","settings":{"spacer_mobile":35,"spacer_desktop":40,"border_separator":false,"border_separator_full":false}}},"order":["main-collection-banner","product-grid","166366972953e881f5","16636704759cbf64c5","166367231494317262","166367228131c52c01"]}