{"order":["main-collection-banner","product-grid","166366972953e881f5","16636704759cbf64c5","166367231494317262","166367228131c52c01"],"sections":{"166366972953e881f5":{"disabled":true,"settings":{"collection_list":["clothing","denim","dresses","knitwear","long","pants"],"columns_desktop":6,"columns_mobile":"1","description":"","disable_bottom_spacing":true,"disable_top_spacing":true,"full_width":true,"heading":"","heading_left":false,"image_ratio":"square","layout":"grid","mobile_swipe":true,"overlay_color":"#000000","overlay_opacity":0,"show_progress_bar":true,"style":"style1"},"type":"collection-list"},"16636704759cbf64c5":{"settings":{"border_separator":true,"border_separator_full":true,"spacer_desktop":125,"spacer_mobile":50},"type":"spacer"},"166367228131c52c01":{"settings":{"border_separator":false,"border_separator_full":false,"spacer_desktop":40,"spacer_mobile":35},"type":"spacer"},"166367231494317262":{"block_order":["1fc06b12-e359-41a2-b694-099a6a7d4133","16636723131a14a571-2"],"blocks":{"16636723131a14a571-2":{"settings":{"size":"text-size-small","text":"\u003cp\u003eWe offer a wide range of natural, herbal supplements designed to support your overall health and well-being.\u003c/p\u003e\u003cp\u003eOur herbal supplements are made from high-quality, sustainably sourced ingredients carefully selected for their purity and potency.\u003c/p\u003e\u003cp\u003eWe believe in the power of nature to provide us with the tools we need to support our health, and our herbal supplements are a testament to that belief.\u003c/p\u003e"},"type":"text"},"1fc06b12-e359-41a2-b694-099a6a7d4133":{"settings":{"size":"h4","text":"Welcome to our collection of pure herbal supplements!"},"type":"heading"}},"settings":{"color_bg":"rgba(0,0,0,0)","color_links":"#151515","color_text":"#151515","disable_bottom_spacing":true,"disable_top_spacing":true,"section_width":"full-width-row-full","text_alignment":"center","text_position":"center","text_width":"xlarge"},"type":"rich-text"},"main-collection-banner":{"disabled":true,"settings":{"make_heading_uppercase":true,"overlay_color":"#000000","overlay_opacity":40,"show_collection_description":true,"show_collection_image":true,"show_subcollections":true},"type":"main-collection-banner"},"product-grid":{"block_order":["2eb8e6da-98ad-442c-b31e-fcc9bc0532b9"],"blocks":{"2eb8e6da-98ad-442c-b31e-fcc9bc0532b9":{"settings":{"block_link":"shopify://products/collon-cleans-1","image":"shopify://shop_images/Blog_Banner_for_Website_Content_1800_x_1260_px_1800_x_1260_px_2_bd39b67e-0bac-4d0c-92b2-0293cacf4a17.png","link":"shopify://products/magic-magnesium-relaxation-brain-health-rest","link_label":"Shop Now","overlay_color":"#000000","overlay_opacity":0,"promotion_collection":"shop-all","promotion_position":7,"promotion_width":"2","text":"A refreshing blend of relaxation and well-being, straight into\nyour glass.","title":"Your secret ingredient for rest and recovery!","use_text_button":false},"type":"promotion"}},"settings":{"columns_desktop":4,"enable_filtering":true,"enable_sorting":true,"facets_desktop":"drawer","filter_color_swatches":true,"full_width":true,"pagination_type":"infinite","products_per_page":48,"show_counts":true},"type":"main-collection-product-grid"}}}