{"order":["image_with_text_overlay_U6UpNQ","slideshow_3mr8CN","16479477632637c9a7","16620983071df6eb29","logo_list_gHeWmT","f5d29db7-641b-4e32-9f66-46c0d9cf7132","7999db93-42c2-479f-a494-b6a40f764b8e","spacer_RNadTA","collection_list_QaYBKt","rich_text_8yKVWr","kopstorm_categories_rUNgG6","ff29f283-c5a6-4b67-88a2-defdb0bc5d88","16614195534fb74bc3","a6bb45aa-628a-4ce5-ba4f-eec92bbdd960","3423e0ff-d915-4b4d-8ddc-be133f55deff","rich_text_McgL7Y","171361665120259384"],"sections":{"16479477632637c9a7":{"block_order":["slide_LehFKB","164794776393e76b8e-2"],"blocks":{"164794776393e76b8e-2":{"disabled":true,"settings":{"button_1_link":"shopify://collections/all","button_1_outline":false,"button_1_text":"SHOP NOW","button_2_link":"","button_2_outline":false,"button_2_text":"","content":"Supplements made from natural plants.","content_position":"middle-left","content_size":"medium","description_size":"small","heading":"The power of nature for a\nhealthier you.","heading_size":"h2","image":"shopify://shop_images/Zonder_titel_800_x_500_px_800_x_800_px_800_x_500_px_1.jpg","overlay_color":"#ffffff","overlay_gradient":"linear-gradient(180deg, rgba(239, 239, 239, 0.1), rgba(0, 0, 0, 0.4) 100%)","overlay_opacity":0,"slide_link":"","subheading":"","text_alignment":"left","video":"","video_background":false},"type":"slide"},"slide_LehFKB":{"settings":{"button_1_link":"","button_1_outline":true,"button_1_text":"Shop Now","button_2_link":"","button_2_outline":false,"button_2_text":"Shop Now","content":"Add descriptive text for your slide here.","content_position":"middle-center","content_size":"medium","description_size":"medium","heading":"Slide Heading","heading_size":"h1-xlarge","overlay_color":"#000000","overlay_gradient":"linear-gradient(180deg, rgba(0,0,0, 0.1), rgba(0, 0, 0, 0.4) 100%)","overlay_opacity":70,"slide_link":"","subheading":"Add a tagline","text_alignment":"center","video":"https://www.youtube.com/watch?v=_9VUPq3SxOc","video_background":false},"type":"slide"}},"disabled":true,"settings":{"autoplay":true,"autoplay_length":10,"desktop_height":"desktop-height-full","disable_bottom_spacing":true,"disable_top_spacing":true,"full_width":true,"mobile_height":"mobile-height-500","transition":"swipe"},"type":"slideshow"},"16614195534fb74bc3":{"block_order":["9dc5629d-3c1a-4dcc-b25a-0aa3972a2cb7","191d1bf8-6af4-4b14-9771-20d83c38faf7"],"blocks":{"191d1bf8-6af4-4b14-9771-20d83c38faf7":{"disabled":true,"settings":{"collection":"detox"},"type":"collection"},"9dc5629d-3c1a-4dcc-b25a-0aa3972a2cb7":{"settings":{"collection":"best-sellers"},"type":"collection"}},"settings":{"columns_desktop":4,"description":"","disable_bottom_spacing":true,"disable_top_spacing":false,"full_width":false,"heading":"Most Popular Items","heading_left":false,"product_limit":4,"show_progress_bar":false,"show_view_all":false},"type":"collection-tabs"},"16620983071df6eb29":{"block_order":["1662098307788ca717-0","1662098307788ca717-1","1662098307788ca717-2","2c4a636c-cb89-4faf-82e6-13a0e7241006"],"blocks":{"1662098307788ca717-0":{"settings":{"heading":"TESTED BY THIRD PARTIES","icon":"ruler","image":"shopify://shop_images/Test_Icon_1.svg","text":""},"type":"icon"},"1662098307788ca717-1":{"settings":{"heading":"100% TRACEABLE","icon":"ruler","image":"shopify://shop_images/Trace_1_b610d2e5-ac01-4117-be65-adb1228de1dc.svg","text":""},"type":"icon"},"1662098307788ca717-2":{"settings":{"heading":"VEGAN | ORGANIC","icon":"ruler","image":"shopify://shop_images/Vegan_Icon_1.svg","text":""},"type":"icon"},"2c4a636c-cb89-4faf-82e6-13a0e7241006":{"settings":{"heading":"NO FILLERS OR JUNK","icon":"ruler","image":"shopify://shop_images/Trash_Icon_1.svg","text":""},"type":"icon"}},"settings":{"color_bg":"#b57b55","color_heading":"#151515","color_text":"#151515","disable_bottom_spacing":true,"disable_top_spacing":true,"heading_size":"small","icon_position":"left","icon_size":"medium","mobile_swipe":true,"text_alignment":"left"},"type":"text-with-icons"},"171361665120259384":{"block_order":["instafeed_app_block_BywQeb"],"blocks":{"instafeed_app_block_BywQeb":{"settings":{"alignment":"center","html_area":"","title":"","title_color":""},"type":"shopify://apps/instafeed/blocks/app-block/c447db20-095d-4a10-9725-b5977662c9d5"}},"settings":{},"type":"apps"},"3423e0ff-d915-4b4d-8ddc-be133f55deff":{"disabled":true,"settings":{"collection":"bundles","columns_desktop":3,"description":"","disable_bottom_spacing":false,"disable_top_spacing":false,"display_type":"grid","full_width":true,"heading":"Bundel \u0026 Bespaar","heading_left":false,"mobile_swipe":true,"product_limit":3,"show_progress_bar":true,"show_view_all":true},"type":"featured-collection"},"7999db93-42c2-479f-a494-b6a40f764b8e":{"block_order":["1cc57d41-22cf-4355-97da-d37fcee8a328","template--19430163153229__7999db93-42c2-479f-a494-b6a40f764b8e-heading-1","template--19430163153229__7999db93-42c2-479f-a494-b6a40f764b8e-text-1","template--19430163153229__7999db93-42c2-479f-a494-b6a40f764b8e-button-1"],"blocks":{"1cc57d41-22cf-4355-97da-d37fcee8a328":{"settings":{"text":"Flat Belly"},"type":"subheading"},"template--19430163153229__7999db93-42c2-479f-a494-b6a40f764b8e-button-1":{"settings":{"button_link":"shopify://products/flat-belly-30-day-colon-detox","button_outline":true,"button_text":"Shop flat belly"},"type":"button"},"template--19430163153229__7999db93-42c2-479f-a494-b6a40f764b8e-heading-1":{"settings":{"heading_size":"h2","text":"30-day Colon Detox for a flat tummy!"},"type":"heading"},"template--19430163153229__7999db93-42c2-479f-a494-b6a40f764b8e-text-1":{"settings":{"text":"\u003cp\u003eDiscover Flat Belly, the ultimate colon cleansing product for a slimmer and healthier body.\u003cbr/\u003e\u003cbr/\u003eOur capsules flush out toxins, promote regularity and reduce bloating for better digestion and energy.\u003cbr/\u003e\u003cbr/\u003eTake 2 capsules with water before bed and experience the power for healthy digestion and weight loss support.\u003c/p\u003e"},"type":"text"}},"settings":{"color_bg":"#eceade","color_text":"#151515","content_position":"text-left","disable_bottom_spacing":false,"disable_top_spacing":true,"frame_border":false,"image":"shopify://shop_images/Vaarwel_hormonale_onevenwichtigheden_Ontdek_ons_revolutionaire_product._79.jpg","image_height":"adapt","image_width":"split","overlay_color":"#000000","overlay_opacity":0,"section_width":"full-width-row","split_layout":"text_first"},"type":"promotional-banner"},"a6bb45aa-628a-4ce5-ba4f-eec92bbdd960":{"block_order":["template--19144187838798__a6bb45aa-628a-4ce5-ba4f-eec92bbdd960-1687348586e527fd2c-1","template--19144187838798__a6bb45aa-628a-4ce5-ba4f-eec92bbdd960-1687348586e527fd2c-2"],"blocks":{"template--19144187838798__a6bb45aa-628a-4ce5-ba4f-eec92bbdd960-1687348586e527fd2c-1":{"settings":{"heading_size":"h3","text":"Optimal Source, Dosage, Form"},"type":"heading"},"template--19144187838798__a6bb45aa-628a-4ce5-ba4f-eec92bbdd960-1687348586e527fd2c-2":{"settings":{"text":"\u003cp\u003e\u003cstrong\u003e100% Traceable Transparent source. \u003c/strong\u003e\u003cbr/\u003eWe thoroughly test for bio-identity, purity, potency, microbiological content, solvents, heavy metals and pesticides.\u003cbr/\u003e\u003c/p\u003e\u003cp\u003e\u003cstrong\u003ePalpable resultsPowerful dosage. \u003c/strong\u003e\u003cbr/\u003eHighly concentrated ingredients with clinically proven efficacy, based on studies and FDA guidelines.Bioavailability\u003cbr/\u003e\u003cbr/\u003e\u003cstrong\u003eEasily absorbable form. \u003c/strong\u003e\u003cbr/\u003eNo negative impact on microbial balance or absorption.\u003c/p\u003e"},"type":"text"}},"settings":{"color_bg":"#eceade","color_border":"#eceade","color_text":"#2e2930","content_position":"text-left","desktop_image_width":"medium","disable_bottom_spacing":false,"disable_top_spacing":false,"height":"adapt","image":"shopify://shop_images/Ontwerp_zonder_titel_5.jpg","layout":"image_first","section_width":"full-width-row-full","use_video":false,"video":"https://www.youtube.com/watch?v=_9VUPq3SxOc","video_autoplay":true,"video_controls":true},"type":"image-with-text"},"collection_list_QaYBKt":{"settings":{"collection_list":["detox","calming","hair-skin","hair-skin-1"],"columns_desktop":4,"columns_mobile":"1","description":"\u003cp\u003eExplore our supplements for different goals like losing weight, staying healthy, boosting immunity, gaining energy, and enhancing beauty.\u003c/p\u003e","disable_bottom_spacing":false,"disable_top_spacing":false,"full_width":true,"heading":"Shop by Goal","heading_left":false,"image_ratio":"portrait","layout":"grid","mobile_swipe":true,"overlay_color":"#000000","overlay_opacity":13,"show_progress_bar":false,"style":"style2"},"type":"collection-list"},"f5d29db7-641b-4e32-9f66-46c0d9cf7132":{"block_order":["acb35809-c820-4cc8-bd58-f49fa9ed2c17"],"blocks":{"acb35809-c820-4cc8-bd58-f49fa9ed2c17":{"disabled":true,"settings":{"image_full_width":false,"link":"","link_label":"","retina":true,"text":"\u003cp\u003ePair text with an image to focus on your chosen product, collection, or blog post. Add details on availability, style, or even provide a review.\u003c/p\u003e","title":"Column"},"type":"column"}},"settings":{"columns_desktop":4,"description":"\u003cp\u003eAt Jennah Organics, we're the top choice for herbal supplements. We handpick the finest plants and herbs to create our premium-quality products. We believe in the power of natural ingredients, delivering luxury and top-notch quality. Experience the difference with our natural plant-based solutions for your well-being.\u003c/p\u003e","disable_bottom_spacing":false,"disable_top_spacing":false,"display_type":"grid","full_width":true,"heading":"Plants, science and wisdom.","heading_left":false,"heading_size":"h5","image_ratio":"adapt","mobile_swipe":false,"show_progress_bar":false,"text_alignment":"left"},"type":"multicolumn"},"ff29f283-c5a6-4b67-88a2-defdb0bc5d88":{"block_order":["template--19506799575383__ff29f283-c5a6-4b67-88a2-defdb0bc5d88-title-1","template--19506799575383__ff29f283-c5a6-4b67-88a2-defdb0bc5d88-variant_picker-1","template--19506799575383__ff29f283-c5a6-4b67-88a2-defdb0bc5d88-buy_buttons-1"],"blocks":{"template--19506799575383__ff29f283-c5a6-4b67-88a2-defdb0bc5d88-buy_buttons-1":{"settings":{"show_dynamic_checkout":true,"show_quantity_selector":true},"type":"buy_buttons"},"template--19506799575383__ff29f283-c5a6-4b67-88a2-defdb0bc5d88-title-1":{"settings":{"show_products_rating":true,"uppercase":true},"type":"title"},"template--19506799575383__ff29f283-c5a6-4b67-88a2-defdb0bc5d88-variant_picker-1":{"settings":{"color_picker":true,"picker_type":"button","sizing_guide_icon":"ruler","sizing_guide_page":"","sizing_guide_text":"Sizing guide","variant_is_disabled":true},"type":"variant_picker"}},"disabled":true,"settings":{"description":"\u003cp\u003eAchieve a Toned Tummy in Just One Week!\u003c/p\u003e","disable_bottom_spacing":false,"disable_top_spacing":false,"display_captions":true,"enable_sticky_info":true,"enable_video_looping":false,"full_width":false,"heading":"Shop Flat Belly","heading_left":false,"lightbox":true,"media_aspect_ratio":"adapt","product":"flat-belly-30-day-colon-detox","show_taxes_included":true},"type":"featured-product"},"image_with_text_overlay_U6UpNQ":{"block_order":["subheading_8kCbJN","heading_dehKB6","text_hrmQ46","button_WH3Ffn"],"blocks":{"button_WH3Ffn":{"settings":{"button_link":"shopify://collections/shop-all","button_outline":false,"button_text":"Shop Now"},"type":"button"},"heading_dehKB6":{"settings":{"heading_size":"h1","text":"Natural supplements made from plants"},"type":"heading"},"subheading_8kCbJN":{"disabled":true,"settings":{"text":"COMING SOON"},"type":"subheading"},"text_hrmQ46":{"settings":{"description_size":"medium","text":"\u003cp\u003eWhere science, nature and plants meet.\u003c/p\u003e"},"type":"text"}},"settings":{"content_position":"middle-left","content_width":"medium","desktop_height":"desktop-height-750","disable_bottom_spacing":true,"disable_top_spacing":true,"image":"shopify://shop_images/Zonder_titel_2800_x_1000_px_1920_x_1080_px.png","image_parallax":false,"mobile_height":"mobile-height-500","mobile_image":"shopify://shop_images/Ontwerp_zonder_titel.png","overlay_opacity":7,"section_width":"full-width-row-full","text_alignment":"left"},"type":"image-with-text-overlay"},"kopstorm_categories_rUNgG6":{"settings":{"background":"#fff88a","collections":"collection","text-color":"#000000","text-color-2":"#000000"},"type":"kopstorm_categories"},"logo_list_gHeWmT":{"block_order":["logo_7JDrLN","logo_BwjMYA","logo_iNbpbG","logo_wKeMfQ","logo_pR4UeT"],"blocks":{"logo_7JDrLN":{"settings":{"image":"shopify://shop_images/Ontwerp_zonder_titel_-_2024-03-02T134604.282.png","link":""},"type":"logo"},"logo_BwjMYA":{"settings":{"image":"shopify://shop_images/Ontwerp_zonder_titel_-_2024-03-02T134912.407.png","link":""},"type":"logo"},"logo_iNbpbG":{"settings":{"image":"shopify://shop_images/Ontwerp_zonder_titel_-_2024-03-02T134923.447.png","link":""},"type":"logo"},"logo_pR4UeT":{"settings":{"image":"shopify://shop_images/Ontwerp_zonder_titel_7.png","link":""},"type":"logo"},"logo_wKeMfQ":{"settings":{"image":"shopify://shop_images/Ontwerp_zonder_titel_9.png","link":""},"type":"logo"}},"settings":{"center_align":true,"columns":5,"description":"","disable_bottom_spacing":true,"disable_top_spacing":true,"heading":"","mobile_swipe":true},"type":"logo-list"},"rich_text_8yKVWr":{"block_order":["heading_WzHyHN","text_AzkwNF","button_dyVrhn"],"blocks":{"button_dyVrhn":{"settings":{"button_outline":false,"link":"shopify://pages/take-our-quiz","link_label":"Take The quiz"},"type":"button"},"heading_WzHyHN":{"settings":{"size":"h3","text":"Not Sure Where To Start?"},"type":"heading"},"text_AzkwNF":{"settings":{"size":"text-size-regular","text":"\u003cp\u003eTake the quiz below to find which products are right for you.\u003c/p\u003e"},"type":"text"}},"settings":{"color_bg":"#eceade","color_links":"#151515","color_text":"#151515","disable_bottom_spacing":false,"disable_top_spacing":false,"section_width":"full-width-row-full","text_alignment":"center","text_position":"center","text_width":"large"},"type":"rich-text"},"rich_text_McgL7Y":{"block_order":["heading_6C4TaF","text_tnDcrT"],"blocks":{"heading_6C4TaF":{"settings":{"size":"h4","text":"Join Our Community"},"type":"heading"},"text_tnDcrT":{"settings":{"size":"text-size-regular","text":"\u003cp\u003e\u003ca href=\"https://www.instagram.com/jennahorganic/\" title=\"https://www.instagram.com/jennahorganic/\"\u003eFollow us  @jennahorganic\u003c/a\u003e\u003c/p\u003e"},"type":"text"}},"settings":{"color_bg":"rgba(0,0,0,0)","color_links":"#151515","color_text":"#151515","disable_bottom_spacing":true,"disable_top_spacing":true,"section_width":"grid","text_alignment":"center","text_position":"center","text_width":"large"},"type":"rich-text"},"slideshow_3mr8CN":{"block_order":["slide_bnWUBM"],"blocks":{"slide_bnWUBM":{"settings":{"button_1_link":"shopify://products/burn-boost-natural-fat-burner","button_1_outline":false,"button_1_text":"Shop Now","button_2_link":"","button_2_outline":false,"button_2_text":"","content":"Turn up the Burn with Burn Boost: Effortless Weight Loss, Naturally.","content_position":"middle-left","content_size":"medium","description_size":"medium","heading":"BURN BOOST: Natural Fat Burner","heading_size":"h1","image":"shopify://shop_images/Zonder_titel_1920_x_1080_px_dcb05b7e-1fcd-42e4-beaf-5573b6fc1990.jpg","mobile_image":"shopify://shop_images/Blog_Banner_for_Website_Content_1800_x_1260_px_1800_x_1260_px_1.jpg","overlay_color":"#000000","overlay_gradient":"linear-gradient(180deg, rgba(133, 131, 131, 0), rgba(0, 0, 0, 0.4) 100%)","overlay_opacity":14,"slide_link":"","subheading":"NEW: LIMiTED EDITION","text_alignment":"left","video":"https://www.youtube.com/watch?v=_9VUPq3SxOc","video_background":false},"type":"slide"}},"disabled":true,"settings":{"autoplay":false,"autoplay_length":5,"desktop_height":"desktop-height-auto","disable_bottom_spacing":true,"disable_top_spacing":true,"full_width":true,"mobile_height":"mobile-height-500","transition":"swipe"},"type":"slideshow"},"spacer_RNadTA":{"settings":{"border_separator":false,"border_separator_full":false,"spacer_desktop":55,"spacer_mobile":50},"type":"spacer"}}}