{"sections":{"richtext_lp_xM7qCT":{"type":"richtext_lp","blocks":{"rating_jy39dF":{"type":"rating","settings":{"svg":"<svg xmlns=\"http:\/\/www.w3.org\/2000\/svg\" width=\"99\" height=\"18\" viewBox=\"0 0 99 18\" fill=\"none\">\n  <path d=\"M90.3909 0.391113L92.3237 6.33958H98.5783L93.5182 10.0159L95.451 15.9644L90.3909 12.288L85.3309 15.9644L87.2636 10.0159L82.2036 6.33958H88.4581L90.3909 0.391113Z\" fill=\"#FF6F61\"\/>\n  <path d=\"M69.9456 0.391113L71.8784 6.33958H78.133L73.0729 10.0159L75.0057 15.9644L69.9456 12.288L64.8855 15.9644L66.8183 10.0159L61.7583 6.33958H68.0128L69.9456 0.391113Z\" fill=\"#FF6F61\"\/>\n  <path d=\"M49.5003 0.391113L51.4331 6.33958H57.6877L52.6276 10.0159L54.5604 15.9644L49.5003 12.288L44.4402 15.9644L46.373 10.0159L41.3129 6.33958H47.5675L49.5003 0.391113Z\" fill=\"#FF6F61\"\/>\n  <path d=\"M29.054 0.391113L30.9868 6.33958H37.2414L32.1813 10.0159L34.1141 15.9644L29.054 12.288L23.9939 15.9644L25.9267 10.0159L20.8667 6.33958H27.1212L29.054 0.391113Z\" fill=\"#FF6F61\"\/>\n  <path d=\"M8.6087 0.391113L10.5415 6.33958H16.7961L11.736 10.0159L13.6688 15.9644L8.6087 12.288L3.54863 15.9644L5.4814 10.0159L0.42134 6.33958H6.67592L8.6087 0.391113Z\" fill=\"#FF6F61\"\/>\n<\/svg>","text":"Rated <strong>4.8\/5.0 | Excellent<\/strong>","custom_class":"rating_text_section1"}},"heading_ErJ7T7":{"type":"heading","settings":{"text":"Supplements Made <em>Only from Plants<\/em>","heading_size":"h1","h1":true,"custom_class":"hiro_section_heading"}},"richtext_bnmmhq":{"type":"richtext","settings":{"text":"<p>Organic, science-backed solutions crafted to transform your well-being naturally.<\/p>","custom_class":"hero_section_text"}},"icons_with_text_RacLWX":{"type":"icons_with_text","settings":{"svg1":"","image1":"shopify:\/\/shop_images\/section_1_icon1.webp","title1":"Organic","text1":"Organic","svg2":"","image2":"shopify:\/\/shop_images\/section_1_icon2.webp","title2":"Clinically Proven","text2":"Clinically Proven","svg3":"","image3":"shopify:\/\/shop_images\/section_1_icon3.webp","title3":"Sustainable","text3":"Sustainable","svg4":"","title4":"","text4":"","svg5":"","title5":"","text5":"","svg6":"","title6":"","text6":"","svg7":"","title7":"","text7":"","svg8":"","title8":"","text8":"","loading":"lazy","fetchpriority":"low","custom_class":"hero_section_list"}},"button_WYr7Fg":{"type":"button","settings":{"button_label":"Shop Now","button_link":"shopify:\/\/collections\/all","custom_class":"cuttom_button_hk"}},"icons_with_text_YVzMV3":{"type":"icons_with_text","settings":{"svg1":"","image1":"shopify:\/\/shop_images\/image_19_1.png","title1":"100% satisfaction guarantee","text1":"100% satisfaction guarantee","svg2":"","title2":"","text2":"","svg3":"","title3":"","text3":"","svg4":"","title4":"","text4":"","svg5":"","title5":"","text5":"","svg6":"","title6":"","text6":"","svg7":"","title7":"","text7":"","svg8":"","title8":"","text8":"","loading":"lazy","fetchpriority":"low","custom_class":"guarantee_main"}}},"block_order":["rating_jy39dF","heading_ErJ7T7","richtext_bnmmhq","icons_with_text_RacLWX","button_WYr7Fg","icons_with_text_YVzMV3"],"settings":{"custom_class":"hiro_banner_section","custom_id":"","svg_desktop":"","svg_mobile":"","svg_desktop2":"","svg_mobile2":"","bg":"shopify:\/\/shop_images\/Group_1.webp","bg_mobile":"shopify:\/\/shop_images\/Group.webp","bg_color":"#000000","bg_color2":"","color":"#ffffff","position":"left","padding_top":100,"padding_bottom":100,"padding_top_mobile":21,"padding_bottom_mobile":0}},"icons_with_text_lp_7idjx6":{"type":"icons_with_text_lp","blocks":{"column_KXhrMr":{"type":"column","settings":{"svg":"<svg xmlns=\"http:\/\/www.w3.org\/2000\/svg\" width=\"11\" height=\"12\" viewBox=\"0 0 11 12\" fill=\"none\">\n  <path d=\"M5.21023 1.08077C5.28971 0.784358 5.71029 0.784359 5.78977 1.08077L6.72371 4.56421C6.75146 4.6677 6.8323 4.74854 6.93579 4.77629L10.4192 5.71023C10.7156 5.78971 10.7156 6.21029 10.4192 6.28977L6.93579 7.22371C6.8323 7.25146 6.75146 7.3323 6.72371 7.43579L5.78977 10.9192C5.71029 11.2156 5.28971 11.2156 5.21023 10.9192L4.27629 7.43579C4.24854 7.3323 4.1677 7.25146 4.06421 7.22371L0.580772 6.28977C0.284358 6.21029 0.284359 5.78971 0.580773 5.71023L4.06421 4.77629C4.1677 4.74854 4.24854 4.6677 4.27629 4.56421L5.21023 1.08077Z\" fill=\"#FF6F61\"\/>\n<\/svg>","text":"Trusted By Thousands"}},"column_VALhQG":{"type":"column","settings":{"svg":"<svg xmlns=\"http:\/\/www.w3.org\/2000\/svg\" width=\"11\" height=\"12\" viewBox=\"0 0 11 12\" fill=\"none\">\n  <path d=\"M5.21023 1.08077C5.28971 0.784358 5.71029 0.784359 5.78977 1.08077L6.72371 4.56421C6.75146 4.6677 6.8323 4.74854 6.93579 4.77629L10.4192 5.71023C10.7156 5.78971 10.7156 6.21029 10.4192 6.28977L6.93579 7.22371C6.8323 7.25146 6.75146 7.3323 6.72371 7.43579L5.78977 10.9192C5.71029 11.2156 5.28971 11.2156 5.21023 10.9192L4.27629 7.43579C4.24854 7.3323 4.1677 7.25146 4.06421 7.22371L0.580772 6.28977C0.284358 6.21029 0.284359 5.78971 0.580773 5.71023L4.06421 4.77629C4.1677 4.74854 4.24854 4.6677 4.27629 4.56421L5.21023 1.08077Z\" fill=\"#FF6F61\"\/>\n<\/svg>","text":"Effortless Wellness"}},"column_hi3zPM":{"type":"column","settings":{"svg":"<svg xmlns=\"http:\/\/www.w3.org\/2000\/svg\" width=\"11\" height=\"12\" viewBox=\"0 0 11 12\" fill=\"none\">\n  <path d=\"M5.21023 1.08077C5.28971 0.784358 5.71029 0.784359 5.78977 1.08077L6.72371 4.56421C6.75146 4.6677 6.8323 4.74854 6.93579 4.77629L10.4192 5.71023C10.7156 5.78971 10.7156 6.21029 10.4192 6.28977L6.93579 7.22371C6.8323 7.25146 6.75146 7.3323 6.72371 7.43579L5.78977 10.9192C5.71029 11.2156 5.28971 11.2156 5.21023 10.9192L4.27629 7.43579C4.24854 7.3323 4.1677 7.25146 4.06421 7.22371L0.580772 6.28977C0.284358 6.21029 0.284359 5.78971 0.580773 5.71023L4.06421 4.77629C4.1677 4.74854 4.24854 4.6677 4.27629 4.56421L5.21023 1.08077Z\" fill=\"#FF6F61\"\/>\n<\/svg>","text":"Vegan Friendly"}},"column_yEgdrM":{"type":"column","settings":{"svg":"<svg xmlns=\"http:\/\/www.w3.org\/2000\/svg\" width=\"11\" height=\"12\" viewBox=\"0 0 11 12\" fill=\"none\">\n  <path d=\"M5.21023 1.08077C5.28971 0.784358 5.71029 0.784359 5.78977 1.08077L6.72371 4.56421C6.75146 4.6677 6.8323 4.74854 6.93579 4.77629L10.4192 5.71023C10.7156 5.78971 10.7156 6.21029 10.4192 6.28977L6.93579 7.22371C6.8323 7.25146 6.75146 7.3323 6.72371 7.43579L5.78977 10.9192C5.71029 11.2156 5.28971 11.2156 5.21023 10.9192L4.27629 7.43579C4.24854 7.3323 4.1677 7.25146 4.06421 7.22371L0.580772 6.28977C0.284358 6.21029 0.284359 5.78971 0.580773 5.71023L4.06421 4.77629C4.1677 4.74854 4.24854 4.6677 4.27629 4.56421L5.21023 1.08077Z\" fill=\"#FF6F61\"\/>\n<\/svg>","text":"Trusted By Thousands"}},"column_UYreiQ":{"type":"column","settings":{"svg":"<svg xmlns=\"http:\/\/www.w3.org\/2000\/svg\" width=\"11\" height=\"12\" viewBox=\"0 0 11 12\" fill=\"none\">\n  <path d=\"M5.21023 1.08077C5.28971 0.784358 5.71029 0.784359 5.78977 1.08077L6.72371 4.56421C6.75146 4.6677 6.8323 4.74854 6.93579 4.77629L10.4192 5.71023C10.7156 5.78971 10.7156 6.21029 10.4192 6.28977L6.93579 7.22371C6.8323 7.25146 6.75146 7.3323 6.72371 7.43579L5.78977 10.9192C5.71029 11.2156 5.28971 11.2156 5.21023 10.9192L4.27629 7.43579C4.24854 7.3323 4.1677 7.25146 4.06421 7.22371L0.580772 6.28977C0.284358 6.21029 0.284359 5.78971 0.580773 5.71023L4.06421 4.77629C4.1677 4.74854 4.24854 4.6677 4.27629 4.56421L5.21023 1.08077Z\" fill=\"#FF6F61\"\/>\n<\/svg>","text":"Effortless Wellness"}},"column_jqNqxe":{"type":"column","settings":{"svg":"<svg xmlns=\"http:\/\/www.w3.org\/2000\/svg\" width=\"11\" height=\"12\" viewBox=\"0 0 11 12\" fill=\"none\">\n  <path d=\"M5.21023 1.08077C5.28971 0.784358 5.71029 0.784359 5.78977 1.08077L6.72371 4.56421C6.75146 4.6677 6.8323 4.74854 6.93579 4.77629L10.4192 5.71023C10.7156 5.78971 10.7156 6.21029 10.4192 6.28977L6.93579 7.22371C6.8323 7.25146 6.75146 7.3323 6.72371 7.43579L5.78977 10.9192C5.71029 11.2156 5.28971 11.2156 5.21023 10.9192L4.27629 7.43579C4.24854 7.3323 4.1677 7.25146 4.06421 7.22371L0.580772 6.28977C0.284358 6.21029 0.284359 5.78971 0.580773 5.71023L4.06421 4.77629C4.1677 4.74854 4.24854 4.6677 4.27629 4.56421L5.21023 1.08077Z\" fill=\"#FF6F61\"\/>\n<\/svg>","text":"Vegan Friendly"}}},"block_order":["column_KXhrMr","column_VALhQG","column_hi3zPM","column_yEgdrM","column_UYreiQ","column_jqNqxe"],"settings":{"custom_class":"under_banner_scroll_bar","custom_id":"","bg_color":"","text_color":"#212121","enable_slider":true,"slider_speed":9,"columns_desktop":3,"columns_mobile":2,"padding_top":16,"padding_bottom":16,"padding_top_mobile":11,"padding_bottom_mobile":10}},"image_width_text_lp_gacqxa":{"type":"image_width_text_lp","blocks":{"heading_tnq6B9":{"type":"heading","settings":{"text":"Wellness, <em>Redefined<\/em>","heading_size":"h1","h1":false,"custom_class":"Redefined_section_2text"}},"richtext_9H46JA":{"type":"richtext","settings":{"text":"<p>Jennah Organics combines science and nature to restore balance, elevate energy, and nourish your body—all without compromise.<\/p>","custom_class":""}},"icons_with_text_QLqHJr":{"type":"icons_with_text","settings":{"svg1":"","image1":"shopify:\/\/shop_images\/section_2_check.webp","text1":"Gentle & Effective","svg2":"","image2":"shopify:\/\/shop_images\/section_2_check.webp","text2":"Pure & Organic","svg3":"","image3":"shopify:\/\/shop_images\/section_2_check.webp","text3":"Holistic Care","svg4":"","image4":"shopify:\/\/shop_images\/section_2_check.webp","text4":"Proven Results","loading":"lazy","fetchpriority":"low","custom_class":"red_list left"}}},"block_order":["heading_tnq6B9","richtext_9H46JA","icons_with_text_QLqHJr"],"settings":{"custom_class":"Redefined_section_2","custom_id":"","svg_desktop":"","svg_mobile":"","svg_desktop2":"","svg_mobile2":"","bg_color":"","bg_color2":"","color":"#141414","position":"left","position_image":"left","content_size":50,"heading1":"","image":"shopify:\/\/shop_images\/section_2_img.webp","heading2":"","loading":"lazy","fetchpriority":"low","image_size":50,"padding_top":70,"padding_bottom":73,"padding_top_mobile":25,"padding_bottom_mobile":30}},"products_slider_TrbXHw":{"type":"products_slider","blocks":{"product_UwFN3t":{"type":"product","settings":{"product":"flat-belly-30-day-colon-detox","loading":"eager","fetchpriority":"high","title":"Flat Belly","text":"Colon detox","image1":"shopify:\/\/shop_images\/section_3_icon1.webp","text1":"100% organic materials","image2":"shopify:\/\/shop_images\/section_3_icon2.webp","text2":"Low calories"}},"product_eXirjb":{"type":"product","settings":{"product":"burn-boost-natural-fat-burner","loading":"eager","fetchpriority":"high","title":"Burn Boost","text":"Natural fat burner","image1":"shopify:\/\/shop_images\/section_3_icon3.webp","text1":"Boosts metabolism","image2":"shopify:\/\/shop_images\/section_3_icon4.webp","text2":"Clinically proven ingredients"}},"product_GELGXR":{"type":"product","settings":{"product":"hormone-balance-myo-chiro-inositol-1","loading":"eager","fetchpriority":"high","title":"Hormone Balance","text":"Hormonal weight management","image1":"shopify:\/\/shop_images\/section_3_icon5.webp","text1":"Scientifically backed formula","image2":"shopify:\/\/shop_images\/section_3_icon6.webp","text2":"Promotes hormonal balance"}},"product_UxbGWz":{"type":"product","settings":{"product":"liver-cleanse-1","loading":"eager","fetchpriority":"high","title":"Liver Cleanse","text":"Liver detox","image1":"shopify:\/\/shop_images\/section_3_icon7.webp","text1":"Promotes healthy liver function","image2":"shopify:\/\/shop_images\/section_3_icon8.webp","text2":"Aids in digestion & energy"}}},"block_order":["product_UwFN3t","product_eXirjb","product_GELGXR","product_UxbGWz"],"settings":{"custom_class":"","custom_id":"","bg_color":"","color":"#141414","stock_text":"<strong>Free over £50<\/strong> – delivery by:","days":"2","heading":"Bestsellers","subheading":"Top picks loved for their natural results","button_label":"","button_link":"","text1":"","loading":"lazy","fetchpriority":"low","padding_top":0,"padding_bottom":63,"padding_top_mobile":0,"padding_bottom_mobile":30}},"richtext_lp_Ejac3r":{"type":"richtext_lp","blocks":{"heading_HGU9mG":{"type":"heading","settings":{"text":"Where Science Meets <em>Self-Care<\/em>","heading_size":"h1","h1":false,"custom_class":"self_care_heading"}},"icons_with_text_rW9dGf":{"type":"icons_with_text","settings":{"svg1":"","image1":"shopify:\/\/shop_images\/section_4_img1.webp","title1":"Science-Backed Formulas","text1":"Innovative blends driven by research for proven effectiveness.","svg2":"","image2":"shopify:\/\/shop_images\/section_4_img2.webp","title2":"Sustainably Made","text2":"Eco-friendly practices, from sourcing to packaging, for a healthier planet.","svg3":"","image3":"shopify:\/\/shop_images\/section_4_img3.webp","title3":"Loved by Thousands","text3":"Highly rated by our customers for delivering noticeable results.","svg4":"","image4":"shopify:\/\/shop_images\/section_4_img4.webp","title4":"Pure & Natural","text4":"100% clean, organic ingredients with no unnecessary additives.","svg5":"","title5":"","text5":"","svg6":"","title6":"","text6":"","svg7":"","title7":"","text7":"","svg8":"","title8":"","text8":"","loading":"lazy","fetchpriority":"low","custom_class":"self_care_list"}}},"block_order":["heading_HGU9mG","icons_with_text_rW9dGf"],"settings":{"custom_class":"self_care","custom_id":"","svg_desktop":"","svg_mobile":"","svg_desktop2":"","svg_mobile2":"","bg_color":"#fceeec","bg_color2":"","color":"","position":"center","padding_top":60,"padding_bottom":60,"padding_top_mobile":40,"padding_bottom_mobile":40}},"review_slider_LtcTDJ":{"type":"review_slider","blocks":{"review_PXERpc":{"type":"review","settings":{"image":"shopify:\/\/shop_images\/image_6.png","loading":"eager","fetchpriority":"high","title":"Quick Results","text":"Within a short time, i already noticed results. Less body fat and more energy","name":"Emily"}},"review_PXHTFA":{"type":"review","settings":{"image":"shopify:\/\/shop_images\/image_6.png","loading":"eager","fetchpriority":"high","title":"Colon Cleanse Tablets","text":"I bought colon cleanse tablets really enjoyed very comfortable, would recommend I've also bought more plus the liver cleanse tablets","name":"Marie Finnegan"}},"review_dz8b4M":{"type":"review","settings":{"image":"shopify:\/\/shop_images\/image_6.png","loading":"eager","fetchpriority":"high","title":"Hormone Balance Support","text":"I've been taking the Hormone Balance supplements now for a week and I have been feeling great. My energy levels are alot better. Brilliant product 👏","name":"Sonia"}},"review_cdKDUG":{"type":"review","settings":{"image":"shopify:\/\/shop_images\/image_6.png","loading":"eager","fetchpriority":"high","title":"Wow it works!","text":"Wow! Do these work. Took two tablets and had movement after 4 hours. Visited the toilet 4 times. Feeling good thanks Jennah Organics will definitely recommend!","name":"MISSDAWNCSMITH"}},"review_yKfpRj":{"type":"review","settings":{"image":"shopify:\/\/shop_images\/image_6.png","loading":"eager","fetchpriority":"high","title":"Wasn’t sure what to expect","text":"Wasn’t sure what to expect, but what a good product. Keeping my subscription, I feel so much better in myself every day! Thankyou","name":"Sophie"}}},"block_order":["review_PXERpc","review_PXHTFA","review_dz8b4M","review_cdKDUG","review_yKfpRj"],"settings":{"custom_class":"trustpilot_reviews_slider","custom_id":"reviews","svg_desktop":"","svg_mobile":"","svg_desktop2":"","svg_mobile2":"","bg_color":"#fce5e2","color":"#212121","image":"shopify:\/\/shop_images\/section_5_star.webp","heading":"Rated <em>excellent <\/em>by others just like you","subheading":"<strong>Rated<\/strong> 4.7 \/ 5.0 | 699 Reviews","padding_top":60,"padding_bottom":60,"padding_top_mobile":40,"padding_bottom_mobile":40}},"image_width_text_lp_eUMHUA":{"type":"image_width_text_lp","blocks":{"heading_wDbzwj":{"type":"heading","settings":{"text":"Not Sure Where To Start?","heading_size":"h1","h1":false,"custom_class":"not_sure_heading"}},"richtext_k4P4jc":{"type":"richtext","settings":{"text":"<p>Take our quick quiz to find personalized recommendations tailored to your needs.<\/p>","custom_class":"not_sure_text"}},"button_mQk7ni":{"type":"button","settings":{"button_label":"Find My Match","button_link":"shopify:\/\/pages\/take-our-quiz","custom_class":"not_sure_button"}},"icon_with_text_qea94X":{"type":"icon_with_text","settings":{"svg1":"","image1":"shopify:\/\/shop_images\/hgfhgfhj.png","text1":"2 Minutes for results","loading":"lazy","fetchpriority":"low","custom_class":"not_sure_time"}}},"block_order":["heading_wDbzwj","richtext_k4P4jc","button_mQk7ni","icon_with_text_qea94X"],"settings":{"custom_class":"not_sure","custom_id":"","svg_desktop":"","svg_mobile":"","svg_desktop2":"","svg_mobile2":"","bg_color":"","bg_color2":"","color":"","position":"center","position_image":"left","content_size":50,"heading1":"","image":"shopify:\/\/shop_images\/section_5_bg.webp","image_mobile":"shopify:\/\/shop_images\/section_5_bgmobile.webp","heading2":"","loading":"lazy","fetchpriority":"low","image_size":100,"padding_top":70,"padding_bottom":70,"padding_top_mobile":30,"padding_bottom_mobile":30}},"richtext_lp_EEeecn":{"type":"richtext_lp","blocks":{"heading_LBLz7d":{"type":"heading","settings":{"text":"Real Results, Backed by <em>Nature<\/em>","heading_size":"h1","h1":false,"custom_class":"nature_section_heading"}},"richtext_Bhryrk":{"type":"richtext","settings":{"text":"<p>Pure, organic formulations designed to deliver noticeable results you can trust.<\/p>","custom_class":""}},"icons_with_text_eEBkqy":{"type":"icons_with_text","settings":{"svg1":"","image1":"shopify:\/\/shop_images\/Check_ring.webp","title1":"Expertly Formulated for Maximum Efficacy","text1":"Expertly Formulated for Maximum Efficacy","svg2":"","image2":"shopify:\/\/shop_images\/Check_ring.webp","title2":"Third-Party Tested for Purity and Safety","text2":"Third-Party Tested for Purity and Safety","svg3":"","image3":"shopify:\/\/shop_images\/Check_ring.webp","title3":"Sustainably Made for a Healthier Planet","text3":"Sustainably Made for a Healthier Planet","svg4":"","image4":"shopify:\/\/shop_images\/Check_ring.webp","title4":"Clinically Studied for Proven Benefits","text4":"Clinically Studied for Proven Benefits","svg5":"","image5":"shopify:\/\/shop_images\/Check_ring.webp","title5":"Loved and Trusted by Thousands","text5":"Loved and Trusted by Thousands","svg6":"","title6":"","text6":"","svg7":"","title7":"","text7":"","svg8":"","title8":"","text8":"","loading":"lazy","fetchpriority":"low","custom_class":"nature_section_list"}},"button_m7xNdK":{"type":"button","settings":{"button_label":"Shop Now","button_link":"shopify:\/\/collections\/all","custom_class":"nature_button"}},"icons_with_text_FKizwy":{"type":"icons_with_text","settings":{"svg1":"","image1":"shopify:\/\/shop_images\/section_1_icon4.webp","title1":"100% satisfaction guarantee","text1":"100% satisfaction guarantee","svg2":"","title2":"","text2":"","svg3":"","title3":"","text3":"","svg4":"","title4":"","text4":"","svg5":"","title5":"","text5":"","svg6":"","title6":"","text6":"","svg7":"","title7":"","text7":"","svg8":"","title8":"","text8":"","loading":"lazy","fetchpriority":"low","custom_class":"guarantee_main guarantee_main_nature"}}},"block_order":["heading_LBLz7d","richtext_Bhryrk","icons_with_text_eEBkqy","button_m7xNdK","icons_with_text_FKizwy"],"settings":{"custom_class":"nature_section","custom_id":"","svg_desktop":"","svg_mobile":"","svg_desktop2":"","svg_mobile2":"","bg_color":"","bg_color2":"","color":"","position":"center","padding_top":0,"padding_bottom":70,"padding_top_mobile":0,"padding_bottom_mobile":25}},"image_width_text_lp_7wpBKn":{"type":"image_width_text_lp","blocks":{"heading_CginGx":{"type":"heading","settings":{"text":"Breakthrough Benefits for <em>Real Results<\/em>","heading_size":"h1","h1":false,"custom_class":"Redefined_section_6text"}},"icon_with_text_qixkid":{"type":"icon_with_text","settings":{"svg1":"","image1":"shopify:\/\/shop_images\/section_6_icon1.webp","text1":"<strong>Balance Hormones<\/strong> Carefully crafted to support hormonal harmony, easing mood swings and promoting overall well-being naturally.","loading":"lazy","fetchpriority":"low","custom_class":"real_result_item"}},"icon_with_text_7TcJKp":{"type":"icon_with_text","settings":{"svg1":"","image1":"shopify:\/\/shop_images\/section_6_icon2.webp","text1":"<strong>Support Gut Health <\/strong>Formulated with digestion-friendly compounds to reduce bloating, improve regularity, and maintain a balanced gut microbiome.","loading":"lazy","fetchpriority":"low","custom_class":"real_result_item"}},"icon_with_text_JgbYTX":{"type":"icon_with_text","settings":{"svg1":"","image1":"shopify:\/\/shop_images\/section_6_icon3.webp","text1":"<strong>Promote Natural Energy <\/strong>Harness the power of organic ingredients to naturally boost your energy levels, helping you stay active and focused throughout the day.","loading":"lazy","fetchpriority":"low","custom_class":"real_result_item"}},"icon_with_text_UT9FjC":{"type":"icon_with_text","settings":{"svg1":"","image1":"shopify:\/\/shop_images\/section_6_icon4.webp","text1":"<strong>Enhance Skin Radiance <\/strong>Packed with antioxidants and nutrients to improve skin texture, leaving you with a natural, healthy glow.","loading":"lazy","fetchpriority":"low","custom_class":"real_result_item"}}},"block_order":["heading_CginGx","icon_with_text_qixkid","icon_with_text_7TcJKp","icon_with_text_JgbYTX","icon_with_text_UT9FjC"],"settings":{"custom_class":"wellness_journey sticky_image_desktop","custom_id":"","svg_desktop":"","svg_mobile":"","svg_desktop2":"","svg_mobile2":"","bg_color":"","bg_color2":"rgba(0,0,0,0)","color":"#212121","position":"left","position_image":"left","content_size":50,"heading1":"","image":"shopify:\/\/shop_images\/section_6_img.webp","heading2":"","loading":"lazy","fetchpriority":"low","image_size":50,"padding_top":70,"padding_bottom":70,"padding_top_mobile":25,"padding_bottom_mobile":30}},"richtext_lp_rhy89m":{"type":"richtext_lp","blocks":{"heading_TEbPqr":{"type":"heading","settings":{"text":"Simply Pure, <em>No Nasties<\/em>","heading_size":"h1","h1":false,"custom_class":"no_nasties_heading"}},"richtext_nJGf6x":{"type":"richtext","settings":{"text":"<p>Crafted with care to deliver only what your body truly needs.<\/p>","custom_class":""}},"icons_with_text_7r9VBb":{"type":"icons_with_text","settings":{"svg1":"","image1":"shopify:\/\/shop_images\/section_7_icon_c0a6a5c4-b354-473b-b5a9-8cc30799f296.webp","title1":"Artificial Preservatives","text1":"Artificial Preservatives","svg2":"","image2":"shopify:\/\/shop_images\/section_7_icon_c0a6a5c4-b354-473b-b5a9-8cc30799f296.webp","title2":"Synthetic Colors","text2":"Synthetic Colors","svg3":"","image3":"shopify:\/\/shop_images\/section_7_icon_c0a6a5c4-b354-473b-b5a9-8cc30799f296.webp","title3":"Parabens","text3":"Parabens","svg4":"","image4":"shopify:\/\/shop_images\/section_7_icon_c0a6a5c4-b354-473b-b5a9-8cc30799f296.webp","title4":"Gluten","text4":"Gluten","svg5":"","image5":"shopify:\/\/shop_images\/section_7_icon_c0a6a5c4-b354-473b-b5a9-8cc30799f296.webp","title5":"Animal By-Products","text5":"Animal By-Products","svg6":"","image6":"shopify:\/\/shop_images\/section_7_icon_c0a6a5c4-b354-473b-b5a9-8cc30799f296.webp","title6":"Added Sugars","text6":"Added Sugars","svg7":"","image7":"shopify:\/\/shop_images\/section_7_icon_c0a6a5c4-b354-473b-b5a9-8cc30799f296.webp","title7":"GMOs","text7":"GMOs","svg8":"","image8":"shopify:\/\/shop_images\/section_7_icon_c0a6a5c4-b354-473b-b5a9-8cc30799f296.webp","title8":"Dairy & Lactose","text8":"Dairy & Lactose","loading":"lazy","fetchpriority":"low","custom_class":"nasties_list"}},"image_NqQiw3":{"type":"image","settings":{"image":"shopify:\/\/shop_images\/section_7_bgmobile.webp","loading":"lazy","fetchpriority":"low","custom_class":"mobile_only"}}},"block_order":["heading_TEbPqr","richtext_nJGf6x","icons_with_text_7r9VBb","image_NqQiw3"],"settings":{"custom_class":"no_nasties","custom_id":"","svg_desktop":"","svg_mobile":"","svg_desktop2":"","svg_mobile2":"","bg":"shopify:\/\/shop_images\/section_7_bg.webp","bg_mobile":"shopify:\/\/shop_images\/section_7_bgmobile.webp","bg_color":"","bg_color2":"","color":"","position":"left","padding_top":50,"padding_bottom":50,"padding_top_mobile":30,"padding_bottom_mobile":0}},"richtext_lp_hUeUCf":{"type":"richtext_lp","blocks":{"heading_tcYWwe":{"type":"heading","settings":{"text":"Why Jennah <em>Stands Out<\/em>","heading_size":"h1","h1":false,"custom_class":"stand_heading"}},"richtext_hmCkRe":{"type":"richtext","settings":{"text":"<p>Discover how superior ingredients and thoughtful craftsmanship make all the difference.<\/p>","custom_class":"stand_text"}},"two_image_with_text_gMLBwK":{"type":"two_image_with_text","settings":{"image1":"shopify:\/\/shop_images\/jennah_img_5d62103e-6b68-4601-8f0d-1f470a2a63d2.png","text1":"<ul><li>100% natural, organic, and carefully sourced<\/li><li>Skincare, haircare, and herbal supplements<\/li><li>Premium blends designed for both luxury and efficacy<\/li><li>Sustainable, recyclable packaging for all products<\/li><li>Vegan, cruelty-free, and non-GMO<\/li><\/ul>","image2":"shopify:\/\/shop_images\/jennah_img1_19cc7054-e00a-47eb-9374-0c3fb9283a74.png","image2_mobile":"shopify:\/\/shop_images\/stands_out.png","text2":"<ul><li>Often contain synthetic fillers or additives<\/li><li>Primarily focused on supplements only<\/li><li>Standard formulations with minimal luxury appeal<\/li><li>Limited focus on eco-conscious packaging<\/li><li>May not cater to vegan or cruelty-free needs<\/li><\/ul>","loading":"lazy","fetchpriority":"low","custom_class":"stand_left_right_main"}},"button_HwRNfk":{"type":"button","settings":{"button_label":"Shop Now","button_link":"","custom_class":"center table_button mobile_only"}},"icon_with_text_FYpWzC":{"type":"icon_with_text","settings":{"svg1":"","image1":"shopify:\/\/shop_images\/section_1_icon4.webp","text1":"100% satisfaction guarantee","loading":"lazy","fetchpriority":"low","custom_class":"guarantee_main mobile_only table_garauntee"}}},"block_order":["heading_tcYWwe","richtext_hmCkRe","two_image_with_text_gMLBwK","button_HwRNfk","icon_with_text_FYpWzC"],"settings":{"custom_class":"stand_lp","custom_id":"","svg_desktop":"","svg_mobile":"","svg_desktop2":"","svg_mobile2":"","bg_color":"","bg_color2":"","color":"#141414","position":"center","padding_top":70,"padding_bottom":70,"padding_top_mobile":41,"padding_bottom_mobile":40}},"column_slider_qxVQ7N":{"type":"column_slider","blocks":{"column_n3PUe6":{"type":"column","settings":{"image":"shopify:\/\/shop_images\/goal1.webp","image_mobile":"shopify:\/\/shop_images\/goal_mobile1.webp","loading":"eager","fetchpriority":"high","title":"Detox & Weight Loss","text":"Cleanse your body naturally and support a healthy weight with our targeted formulas.","button_label":"Shop Now","button_link":"shopify:\/\/collections\/detox"}},"column_PBEW8q":{"type":"column","settings":{"image":"shopify:\/\/shop_images\/goal2.webp","image_mobile":"shopify:\/\/shop_images\/goal_mobile2.webp","loading":"eager","fetchpriority":"high","title":"Daily Health","text":"Elevate your everyday wellness with products designed to keep you balanced and energized.","button_label":"Shop Now","button_link":"shopify:\/\/collections\/calming"}},"column_e6LzKd":{"type":"column","settings":{"image":"shopify:\/\/shop_images\/goal3.png","image_mobile":"shopify:\/\/shop_images\/goal_mobile3.webp","loading":"eager","fetchpriority":"high","title":"Energy","text":"Boost your vitality and stay focused throughout the day with natural energy-enhancing solutions.","button_label":"Shop Now","button_link":"shopify:\/\/collections\/hair-skin"}},"column_rebJfY":{"type":"column","settings":{"image":"shopify:\/\/shop_images\/goal4.webp","image_mobile":"shopify:\/\/shop_images\/goal_mobile4.webp","loading":"eager","fetchpriority":"high","title":"Hair & Skin","text":"Glow from the inside out with nutrients that support strong hair and radiant skin.","button_label":"Shop Now","button_link":"shopify:\/\/collections\/hair-skin-1"}}},"block_order":["column_n3PUe6","column_PBEW8q","column_e6LzKd","column_rebJfY"],"settings":{"custom_class":"","custom_id":"","bg_color":"","color":"","heading":"Shop by <em>Goal<\/em>","subheading":"","button_label":"","button_link":"","text1":"","loading":"lazy","fetchpriority":"low","padding_top":0,"padding_bottom":0,"padding_top_mobile":0,"padding_bottom_mobile":50}},"video_slider_lp_DY39dH":{"type":"video_slider_lp","blocks":{"video_EAjQ3V":{"type":"video","settings":{"video":"shopify:\/\/files\/videos\/Snapinst.app_video_AQP1l3Ta6C3AXZl0zVeiYAiO9ZZlw11LFRTvgCi37fUGDP2vtvWTnYaRkdijJnjryogxXc4l3XbYI17U65ed743nUPq2fQVUzMVgUNY.mp4"}},"video_jCAHET":{"type":"video","settings":{"video":"shopify:\/\/files\/videos\/Snapinst.app_video_AQNO1r1Fg2l6O2BmsgBpYlNLXLfTS5_LJ7n3vc9ETJEqp4U3vBWHj0vQwn_NunSinUVMa-r678Ntmg7nFwRu2dnIodViRaCYsXSRAXY.mp4"}},"video_mQTHEH":{"type":"video","settings":{"video":"shopify:\/\/files\/videos\/Snapinst.app_video_AQP3OfVeNKUdu5APeH9sbzJKfe3iRwEXc1tQTlB3MOdK3vbmamwewlh3h3AFi9WZSBhUekFCs_H4PU8FLPzHZkdLzF9fbyvPt5LazNs.mp4"}},"video_gbBBTH":{"type":"video","settings":{"video":"shopify:\/\/files\/videos\/Snapinst.app_video_AQOPUbED3dfLarlwC0KYm4JlOUzvKJiAVmXZrUhuWK2tpmALUOIstbXFt_k7xZSwdwHmrS_BYX-DyevoJyZXj6B_pd2yNeymQwvMIoU.mp4"}},"video_RMCEPr":{"type":"video","settings":{"video":"shopify:\/\/files\/videos\/Snapinst.app_video_AQONE29LJU-Dn6Uiu2VCcHJgnq3N8_-fKaOY8n04Xvg7NkbGkKgrAmu4fMZ82GSD3YZhQtf3aM2zSbHdo55v3JRYiKUMvnMLl6hjImk.mp4"}}},"block_order":["video_EAjQ3V","video_jCAHET","video_mQTHEH","video_gbBBTH","video_RMCEPr"],"settings":{"custom_class":"video_slider_lp","custom_id":"","bg_color":"rgba(0,0,0,0)","heading":"Real <em>Success <\/em>Stories","subheading":"Real stories from real customers experiencing the Jennah Organics difference.","padding_top":70,"padding_bottom":70,"padding_top_mobile":40,"padding_bottom_mobile":26}},"faq_lp_NE3ay3":{"type":"faq_lp","blocks":{"faq_EqGibq":{"type":"faq","settings":{"question":"Are Jennah Organics products suitable for sensitive skin?","answer":"<p>Yes, our products are crafted with gentle, organic ingredients to suit even the most sensitive skin types.<\/p>"}},"faq_qdfamn":{"type":"faq","settings":{"question":"Are your products vegan and cruelty-free?","answer":"<p>Absolutely. Jennah Organics is proud to be 100% vegan and cruelty-free. We never test on animals, and our formulations are free of any animal-derived ingredients.<\/p>"}},"faq_wi4hQR":{"type":"faq","settings":{"question":"How long will it take to see results?","answer":"<p>Results can vary depending on individual needs, but many customers notice improvements within a few weeks of consistent use. For best results, we recommend following the suggested usage instructions regularly.<\/p>"}},"faq_TmHPXW":{"type":"faq","settings":{"question":"What are the key ingredients in your products?","answer":"<p>Our products are crafted with premium, natural ingredients like botanical extracts, vitamins, and minerals. Each formula is designed to target specific health and wellness goals while avoiding unnecessary additives.<\/p>"}},"faq_E89NFj":{"type":"faq","settings":{"question":"Do you offer a satisfaction guarantee?","answer":"<p>Yes, we stand behind the quality of our products. If you’re not completely satisfied, please contact us within 30 days of purchase for assistance or a refund.<\/p>"}},"faq_TkJHmq":{"type":"faq","settings":{"question":"How should I store Jennah Organics products?","answer":"<p>Store our products in a cool, dry place away from direct sunlight to preserve their potency and effectiveness. Always ensure the container is tightly sealed after use.<\/p>"}}},"block_order":["faq_EqGibq","faq_qdfamn","faq_wi4hQR","faq_TmHPXW","faq_E89NFj","faq_TkJHmq"],"settings":{"custom_class":"faq_main","custom_id":"","bg_color":"","color":"#141414","heading":"Frequently Asked <em>Questions<\/em>","text":"Formulated by professionals,<em>Here to help<\/em>","padding_top":70,"padding_bottom":70,"padding_top_mobile":20,"padding_bottom_mobile":32}},"image_width_text_lp_4N6CcY":{"type":"image_width_text_lp","blocks":{"heading_kWadQm":{"type":"heading","settings":{"text":"Join the <em>Wellness Journey<\/em>","heading_size":"h1","h1":false,"custom_class":"Redefined_section_11text"}},"richtext_bkeFXd":{"type":"richtext","settings":{"text":"<p>Get exclusive offers, tips, and updates delivered straight to your inbox.<\/p>","custom_class":""}},"html_YFWahQ":{"type":"html","settings":{"text":"<div class=\"signup_custom_form\">\n\t{% form 'customer', class: 'signup-form' %}\n\t\t\t<input name=\"contact[tags]\" type=\"hidden\" value=\"newsletter\" \/>\n\t\t\t{%- if form.errors -%}\n\t\t\t\t<div class=\"form-notification error\" id=\"Newsletter-error--{{ section.id }}\">\n\t\t\t\t\t{% render 'svg-icons' with 'thb-error' %} {{ form.errors.translated_fields['email'] | capitalize }} {{ form.errors.messages['email'] }}\n\t\t\t\t<\/div>\n\t\t\t{%- endif -%}\n\t\t\t{%- if form.posted_successfully? -%}\n\t\t\t\t<div class=\"form-notification success\" id=\"Newsletter-success--{{ section.id }}\">\n\t\t\t\t\t{% render 'svg-icons' with 'thb-success' %} {{ 'newsletter.success' | t }}\n\t\t\t\t<\/div>\n\t\t\t{%- endif -%}\n\t\t\t<div class=\"input_main\">\n\t\t\t\t<input\n\t\t\t\t\tplaceholder=\"Enter your email\"\n\t\t\t\t\ttype=\"email\"\n\t\t\t\t\tid=\"NewsletterForm--{{ section.id }}\"\n\t\t\t\t\tname=\"contact[email]\"\n\t\t\t\t\tautocorrect=\"off\"\n\t\t\t\t\tautocapitalize=\"off\"\n\t\t\t\t\tautocomplete=\"email\"\n\t\t\t\t\tvalue=\"{{ form.email }}\"\n\t\t\t\t\tpattern=\"^([a-zA-Z0-9_\\-\\.]+)@((\\[[0-9]{1,3}\\.[0-9]{1,3}\\.[0-9]{1,3}\\.)|(([a-zA-Z0-9\\-]+\\.)+))([a-zA-Z]{2,4}|[0-9]{1,3})(\\]?)$\"\n\t\t\t\t\ttitle=\"xxx@xxx.xxx\"\n\t\t\t\t\t{% if form.errors %}\n\t\t\t\t\t\tautofocus\n\t\t\t\t\t\taria-invalid=\"true\"\n\t\t\t\t\t\taria-describedby=\"Newsletter-error--{{ section.id }}\"\n\t\t\t\t\t{% elsif form.posted_successfully? %}\n\t\t\t\t\t\taria-describedby=\"Newsletter-success--{{ section.id }}\"\n\t\t\t\t\t{% endif %}\n\t\t\t\t\trequired\n\t\t\t\t\/>\n\t\t\t<button class=\"submit_hk_button\" type=\"submit\" aria-label=\"{{ 'sections.signup.enter_your_email' | t }}\">Submit<svg xmlns=\"http:\/\/www.w3.org\/2000\/svg\" width=\"14\" height=\"16\" viewBox=\"0 0 14 16\" fill=\"none\">\n  <path d=\"M1 7C0.447715 7 0 7.44772 0 8C0 8.55228 0.447715 9 1 9V7ZM13.7071 8.70711C14.0976 8.31658 14.0976 7.68342 13.7071 7.29289L7.34315 0.928932C6.95262 0.538408 6.31946 0.538408 5.92893 0.928932C5.53841 1.31946 5.53841 1.95262 5.92893 2.34315L11.5858 8L5.92893 13.6569C5.53841 14.0474 5.53841 14.6805 5.92893 15.0711C6.31946 15.4616 6.95262 15.4616 7.34315 15.0711L13.7071 8.70711ZM1 9H13V7H1V9Z\" fill=\"#FF6F61\"\/>\n<\/svg><\/button>\n\t\t\t<\/div>\n\n\t{% endform %}\n<\/div>","custom_class":""}}},"block_order":["heading_kWadQm","richtext_bkeFXd","html_YFWahQ"],"settings":{"custom_class":"real_results","custom_id":"","svg_desktop":"","svg_mobile":"","svg_desktop2":"","svg_mobile2":"","bg_color":"#f2f2f2","bg_color2":"","color":"#141414","position":"left","position_image":"left","content_size":50,"heading1":"","image":"shopify:\/\/shop_images\/section_11_img.webp","heading2":"","loading":"lazy","fetchpriority":"low","image_size":50,"padding_top":70,"padding_bottom":70,"padding_top_mobile":14,"padding_bottom_mobile":25}}},"order":["richtext_lp_xM7qCT","icons_with_text_lp_7idjx6","image_width_text_lp_gacqxa","products_slider_TrbXHw","richtext_lp_Ejac3r","review_slider_LtcTDJ","image_width_text_lp_eUMHUA","richtext_lp_EEeecn","image_width_text_lp_7wpBKn","richtext_lp_rhy89m","richtext_lp_hUeUCf","column_slider_qxVQ7N","video_slider_lp_DY39dH","faq_lp_NE3ay3","image_width_text_lp_4N6CcY"]}