{
  "sections": {
    "image_with_text_overlay_U6UpNQ": {
      "type": "image-with-text-overlay",
      "blocks": {
        "subheading_8kCbJN": {
          "type": "subheading",
          "disabled": true,
          "settings": {
            "text": "COMING SOON"
          }
        },
        "heading_dehKB6": {
          "type": "heading",
          "settings": {
            "text": "Natural supplements made from plants",
            "heading_size": "h1"
          }
        },
        "text_hrmQ46": {
          "type": "text",
          "settings": {
            "text": "<p>Where science, nature and plants meet.<\/p>",
            "description_size": "medium"
          }
        },
        "button_WH3Ffn": {
          "type": "button",
          "settings": {
            "button_text": "Shop Now",
            "button_link": "shopify:\/\/collections\/shop-all",
            "button_outline": false
          }
        }
      },
      "block_order": [
        "subheading_8kCbJN",
        "heading_dehKB6",
        "text_hrmQ46",
        "button_WH3Ffn"
      ],
      "settings": {
        "section_width": "full-width-row-full",
        "image": "shopify:\/\/shop_images\/Zonder_titel_2800_x_1000_px_1920_x_1080_px.png",
        "mobile_image": "shopify:\/\/shop_images\/Ontwerp_zonder_titel.png",
        "image_parallax": false,
        "desktop_height": "desktop-height-750",
        "mobile_height": "mobile-height-500",
        "content_width": "medium",
        "content_position": "middle-left",
        "text_alignment": "left",
        "overlay_opacity": 7,
        "disable_top_spacing": true,
        "disable_bottom_spacing": true
      }
    },
    "slideshow_3mr8CN": {
      "type": "slideshow",
      "blocks": {
        "slide_bnWUBM": {
          "type": "slide",
          "settings": {
            "image": "shopify:\/\/shop_images\/Zonder_titel_1920_x_1080_px_dcb05b7e-1fcd-42e4-beaf-5573b6fc1990.jpg",
            "mobile_image": "shopify:\/\/shop_images\/Blog_Banner_for_Website_Content_1800_x_1260_px_1800_x_1260_px_1.jpg",
            "slide_link": "",
            "video_background": false,
            "video": "https:\/\/www.youtube.com\/watch?v=_9VUPq3SxOc",
            "subheading": "NEW: LIMiTED EDITION",
            "heading": "BURN BOOST: Natural Fat Burner",
            "heading_size": "h1",
            "content": "Turn up the Burn with Burn Boost: Effortless Weight Loss, Naturally.",
            "description_size": "medium",
            "content_position": "middle-left",
            "text_alignment": "left",
            "content_size": "medium",
            "overlay_color": "#000000",
            "overlay_opacity": 14,
            "overlay_gradient": "linear-gradient(180deg, rgba(133, 131, 131, 0), rgba(0, 0, 0, 0.4) 100%)",
            "button_1_text": "Shop Now",
            "button_1_link": "shopify:\/\/products\/burn-boost-natural-fat-burner",
            "button_1_outline": false,
            "button_2_text": "",
            "button_2_link": "",
            "button_2_outline": false
          }
        }
      },
      "block_order": [
        "slide_bnWUBM"
      ],
      "disabled": true,
      "settings": {
        "desktop_height": "desktop-height-auto",
        "mobile_height": "mobile-height-500",
        "full_width": true,
        "autoplay": false,
        "autoplay_length": 5,
        "transition": "swipe",
        "disable_top_spacing": true,
        "disable_bottom_spacing": true
      }
    },
    "16479477632637c9a7": {
      "type": "slideshow",
      "blocks": {
        "slide_LehFKB": {
          "type": "slide",
          "settings": {
            "slide_link": "",
            "video_background": false,
            "video": "https:\/\/www.youtube.com\/watch?v=_9VUPq3SxOc",
            "subheading": "Add a tagline",
            "heading": "Slide Heading",
            "heading_size": "h1-xlarge",
            "content": "Add descriptive text for your slide here.",
            "description_size": "medium",
            "content_position": "middle-center",
            "text_alignment": "center",
            "content_size": "medium",
            "overlay_color": "#000000",
            "overlay_opacity": 70,
            "overlay_gradient": "linear-gradient(180deg, rgba(0,0,0, 0.1), rgba(0, 0, 0, 0.4) 100%)",
            "button_1_text": "Shop Now",
            "button_1_link": "",
            "button_1_outline": true,
            "button_2_text": "Shop Now",
            "button_2_link": "",
            "button_2_outline": false
          }
        },
        "164794776393e76b8e-2": {
          "type": "slide",
          "disabled": true,
          "settings": {
            "image": "shopify:\/\/shop_images\/Zonder_titel_800_x_500_px_800_x_800_px_800_x_500_px_1.jpg",
            "slide_link": "",
            "video_background": false,
            "video": "",
            "subheading": "",
            "heading": "The power of nature for a\nhealthier you.",
            "heading_size": "h2",
            "content": "Supplements made from natural plants.",
            "description_size": "small",
            "content_position": "middle-left",
            "text_alignment": "left",
            "content_size": "medium",
            "overlay_color": "#ffffff",
            "overlay_opacity": 0,
            "overlay_gradient": "linear-gradient(180deg, rgba(239, 239, 239, 0.1), rgba(0, 0, 0, 0.4) 100%)",
            "button_1_text": "SHOP NOW",
            "button_1_link": "shopify:\/\/collections\/all",
            "button_1_outline": false,
            "button_2_text": "",
            "button_2_link": "",
            "button_2_outline": false
          }
        }
      },
      "block_order": [
        "slide_LehFKB",
        "164794776393e76b8e-2"
      ],
      "disabled": true,
      "settings": {
        "desktop_height": "desktop-height-full",
        "mobile_height": "mobile-height-500",
        "full_width": true,
        "autoplay": true,
        "autoplay_length": 10,
        "transition": "swipe",
        "disable_top_spacing": true,
        "disable_bottom_spacing": true
      }
    },
    "16620983071df6eb29": {
      "type": "text-with-icons",
      "blocks": {
        "1662098307788ca717-0": {
          "type": "icon",
          "settings": {
            "icon": "ruler",
            "image": "shopify:\/\/shop_images\/Test_Icon_1.svg",
            "heading": "TESTED BY THIRD PARTIES",
            "text": ""
          }
        },
        "1662098307788ca717-1": {
          "type": "icon",
          "settings": {
            "icon": "ruler",
            "image": "shopify:\/\/shop_images\/Trace_1_b610d2e5-ac01-4117-be65-adb1228de1dc.svg",
            "heading": "100% TRACEABLE",
            "text": ""
          }
        },
        "1662098307788ca717-2": {
          "type": "icon",
          "settings": {
            "icon": "ruler",
            "image": "shopify:\/\/shop_images\/Vegan_Icon_1.svg",
            "heading": "VEGAN | ORGANIC",
            "text": ""
          }
        },
        "2c4a636c-cb89-4faf-82e6-13a0e7241006": {
          "type": "icon",
          "settings": {
            "icon": "ruler",
            "image": "shopify:\/\/shop_images\/Trash_Icon_1.svg",
            "heading": "NO FILLERS OR JUNK",
            "text": ""
          }
        }
      },
      "block_order": [
        "1662098307788ca717-0",
        "1662098307788ca717-1",
        "1662098307788ca717-2",
        "2c4a636c-cb89-4faf-82e6-13a0e7241006"
      ],
      "settings": {
        "text_alignment": "left",
        "icon_position": "left",
        "icon_size": "medium",
        "heading_size": "small",
        "mobile_swipe": true,
        "color_bg": "#b57b55",
        "color_heading": "#151515",
        "color_text": "#151515",
        "disable_top_spacing": true,
        "disable_bottom_spacing": true
      }
    },
    "logo_list_gHeWmT": {
      "type": "logo-list",
      "blocks": {
        "logo_7JDrLN": {
          "type": "logo",
          "settings": {
            "image": "shopify:\/\/shop_images\/Ontwerp_zonder_titel_-_2024-03-02T134604.282.png",
            "link": ""
          }
        },
        "logo_BwjMYA": {
          "type": "logo",
          "settings": {
            "image": "shopify:\/\/shop_images\/Ontwerp_zonder_titel_-_2024-03-02T134912.407.png",
            "link": ""
          }
        },
        "logo_iNbpbG": {
          "type": "logo",
          "settings": {
            "image": "shopify:\/\/shop_images\/Ontwerp_zonder_titel_-_2024-03-02T134923.447.png",
            "link": ""
          }
        },
        "logo_wKeMfQ": {
          "type": "logo",
          "settings": {
            "image": "shopify:\/\/shop_images\/Ontwerp_zonder_titel_9.png",
            "link": ""
          }
        },
        "logo_pR4UeT": {
          "type": "logo",
          "settings": {
            "image": "shopify:\/\/shop_images\/Ontwerp_zonder_titel_7.png",
            "link": ""
          }
        }
      },
      "block_order": [
        "logo_7JDrLN",
        "logo_BwjMYA",
        "logo_iNbpbG",
        "logo_wKeMfQ",
        "logo_pR4UeT"
      ],
      "settings": {
        "heading": "",
        "description": "",
        "columns": 5,
        "mobile_swipe": true,
        "center_align": true,
        "disable_top_spacing": true,
        "disable_bottom_spacing": true
      }
    },
    "f5d29db7-641b-4e32-9f66-46c0d9cf7132": {
      "type": "multicolumn",
      "blocks": {
        "acb35809-c820-4cc8-bd58-f49fa9ed2c17": {
          "type": "column",
          "disabled": true,
          "settings": {
            "image_full_width": false,
            "retina": true,
            "title": "Column",
            "text": "<p>Pair text with an image to focus on your chosen product, collection, or blog post. Add details on availability, style, or even provide a review.<\/p>",
            "link_label": "",
            "link": ""
          }
        }
      },
      "block_order": [
        "acb35809-c820-4cc8-bd58-f49fa9ed2c17"
      ],
      "settings": {
        "heading": "Plants, science and wisdom.",
        "heading_left": false,
        "description": "<p>At Jennah Organics, we're the top choice for herbal supplements. We handpick the finest plants and herbs to create our premium-quality products. We believe in the power of natural ingredients, delivering luxury and top-notch quality. Experience the difference with our natural plant-based solutions for your well-being.<\/p>",
        "full_width": true,
        "display_type": "grid",
        "image_ratio": "adapt",
        "columns_desktop": 4,
        "text_alignment": "left",
        "heading_size": "h5",
        "mobile_swipe": false,
        "show_progress_bar": false,
        "disable_top_spacing": false,
        "disable_bottom_spacing": false
      }
    },
    "7999db93-42c2-479f-a494-b6a40f764b8e": {
      "type": "promotional-banner",
      "blocks": {
        "1cc57d41-22cf-4355-97da-d37fcee8a328": {
          "type": "subheading",
          "settings": {
            "text": "Flat Belly"
          }
        },
        "template--19430163153229__7999db93-42c2-479f-a494-b6a40f764b8e-heading-1": {
          "type": "heading",
          "settings": {
            "text": "30-day Colon Detox for a flat tummy!",
            "heading_size": "h2"
          }
        },
        "template--19430163153229__7999db93-42c2-479f-a494-b6a40f764b8e-text-1": {
          "type": "text",
          "settings": {
            "text": "<p>Discover Flat Belly, the ultimate colon cleansing product for a slimmer and healthier body.<br\/><br\/>Our capsules flush out toxins, promote regularity and reduce bloating for better digestion and energy.<br\/><br\/>Take 2 capsules with water before bed and experience the power for healthy digestion and weight loss support.<\/p>"
          }
        },
        "template--19430163153229__7999db93-42c2-479f-a494-b6a40f764b8e-button-1": {
          "type": "button",
          "settings": {
            "button_text": "Shop flat belly",
            "button_link": "shopify:\/\/products\/flat-belly-30-day-colon-detox",
            "button_outline": true
          }
        }
      },
      "block_order": [
        "1cc57d41-22cf-4355-97da-d37fcee8a328",
        "template--19430163153229__7999db93-42c2-479f-a494-b6a40f764b8e-heading-1",
        "template--19430163153229__7999db93-42c2-479f-a494-b6a40f764b8e-text-1",
        "template--19430163153229__7999db93-42c2-479f-a494-b6a40f764b8e-button-1"
      ],
      "settings": {
        "section_width": "full-width-row",
        "image": "shopify:\/\/shop_images\/Vaarwel_hormonale_onevenwichtigheden_Ontdek_ons_revolutionaire_product._79.jpg",
        "image_height": "adapt",
        "image_width": "split",
        "frame_border": false,
        "content_position": "text-left",
        "split_layout": "text_first",
        "color_bg": "#eceade",
        "color_text": "#151515",
        "overlay_color": "#000000",
        "overlay_opacity": 0,
        "disable_top_spacing": true,
        "disable_bottom_spacing": false
      }
    },
    "spacer_RNadTA": {
      "type": "spacer",
      "settings": {
        "spacer_mobile": 50,
        "spacer_desktop": 55,
        "border_separator": false,
        "border_separator_full": false
      }
    },
    "collection_list_QaYBKt": {
      "type": "collection-list",
      "settings": {
        "heading": "Shop by Goal",
        "heading_left": false,
        "description": "<p>Explore our supplements for different goals like losing weight, staying healthy, boosting immunity, gaining energy, and enhancing beauty.<\/p>",
        "full_width": true,
        "collection_list": [
          "detox",
          "calming",
          "hair-skin",
          "hair-skin-1"
        ],
        "image_ratio": "portrait",
        "layout": "grid",
        "style": "style2",
        "columns_desktop": 4,
        "columns_mobile": "1",
        "show_progress_bar": false,
        "mobile_swipe": true,
        "overlay_color": "#000000",
        "overlay_opacity": 13,
        "disable_top_spacing": false,
        "disable_bottom_spacing": false
      }
    },
    "rich_text_8yKVWr": {
      "type": "rich-text",
      "blocks": {
        "heading_WzHyHN": {
          "type": "heading",
          "settings": {
            "text": "Not Sure Where To Start?",
            "size": "h3"
          }
        },
        "text_AzkwNF": {
          "type": "text",
          "settings": {
            "text": "<p>Take the quiz below to find which products are right for you.<\/p>",
            "size": "text-size-regular"
          }
        },
        "button_dyVrhn": {
          "type": "button",
          "settings": {
            "link_label": "Take The quiz",
            "link": "shopify:\/\/pages\/take-our-quiz",
            "button_outline": false
          }
        }
      },
      "block_order": [
        "heading_WzHyHN",
        "text_AzkwNF",
        "button_dyVrhn"
      ],
      "settings": {
        "section_width": "full-width-row-full",
        "text_width": "large",
        "text_position": "center",
        "text_alignment": "center",
        "color_bg": "#eceade",
        "color_text": "#151515",
        "color_links": "#151515",
        "disable_top_spacing": false,
        "disable_bottom_spacing": false
      }
    },
    "kopstorm_categories_rUNgG6": {
      "type": "kopstorm_categories",
      "settings": {
        "collections": "collection",
        "background": "#fff88a",
        "text-color-2": "#000000",
        "text-color": "#000000"
      }
    },
    "ff29f283-c5a6-4b67-88a2-defdb0bc5d88": {
      "type": "featured-product",
      "blocks": {
        "template--19506799575383__ff29f283-c5a6-4b67-88a2-defdb0bc5d88-title-1": {
          "type": "title",
          "settings": {
            "uppercase": true,
            "show_products_rating": true
          }
        },
        "template--19506799575383__ff29f283-c5a6-4b67-88a2-defdb0bc5d88-variant_picker-1": {
          "type": "variant_picker",
          "settings": {
            "picker_type": "button",
            "color_picker": true,
            "variant_is_disabled": true,
            "sizing_guide_text": "Sizing guide",
            "sizing_guide_icon": "ruler",
            "sizing_guide_page": ""
          }
        },
        "template--19506799575383__ff29f283-c5a6-4b67-88a2-defdb0bc5d88-buy_buttons-1": {
          "type": "buy_buttons",
          "settings": {
            "show_quantity_selector": true,
            "show_dynamic_checkout": true
          }
        }
      },
      "block_order": [
        "template--19506799575383__ff29f283-c5a6-4b67-88a2-defdb0bc5d88-title-1",
        "template--19506799575383__ff29f283-c5a6-4b67-88a2-defdb0bc5d88-variant_picker-1",
        "template--19506799575383__ff29f283-c5a6-4b67-88a2-defdb0bc5d88-buy_buttons-1"
      ],
      "disabled": true,
      "settings": {
        "heading": "Shop Flat Belly",
        "heading_left": false,
        "description": "<p>Achieve a Toned Tummy in Just One Week!<\/p>",
        "full_width": false,
        "product": "flat-belly-30-day-colon-detox",
        "show_taxes_included": true,
        "enable_sticky_info": true,
        "media_aspect_ratio": "adapt",
        "display_captions": true,
        "lightbox": true,
        "enable_video_looping": false,
        "disable_top_spacing": false,
        "disable_bottom_spacing": false
      }
    },
    "16614195534fb74bc3": {
      "type": "collection-tabs",
      "blocks": {
        "9dc5629d-3c1a-4dcc-b25a-0aa3972a2cb7": {
          "type": "collection",
          "settings": {
            "collection": "best-sellers"
          }
        },
        "191d1bf8-6af4-4b14-9771-20d83c38faf7": {
          "type": "collection",
          "disabled": true,
          "settings": {
            "collection": "detox"
          }
        }
      },
      "block_order": [
        "9dc5629d-3c1a-4dcc-b25a-0aa3972a2cb7",
        "191d1bf8-6af4-4b14-9771-20d83c38faf7"
      ],
      "settings": {
        "heading": "Most Popular Items",
        "heading_left": false,
        "description": "",
        "full_width": false,
        "product_limit": 4,
        "columns_desktop": 4,
        "show_view_all": false,
        "show_progress_bar": false,
        "disable_top_spacing": false,
        "disable_bottom_spacing": true
      }
    },
    "a6bb45aa-628a-4ce5-ba4f-eec92bbdd960": {
      "type": "image-with-text",
      "blocks": {
        "template--19144187838798__a6bb45aa-628a-4ce5-ba4f-eec92bbdd960-1687348586e527fd2c-1": {
          "type": "heading",
          "settings": {
            "text": "Optimal Source, Dosage, Form",
            "heading_size": "h3"
          }
        },
        "template--19144187838798__a6bb45aa-628a-4ce5-ba4f-eec92bbdd960-1687348586e527fd2c-2": {
          "type": "text",
          "settings": {
            "text": "<p><strong>100% Traceable Transparent source. <\/strong><br\/>We thoroughly test for bio-identity, purity, potency, microbiological content, solvents, heavy metals and pesticides.<br\/><\/p><p><strong>Palpable resultsPowerful dosage. <\/strong><br\/>Highly concentrated ingredients with clinically proven efficacy, based on studies and FDA guidelines.Bioavailability<br\/><br\/><strong>Easily absorbable form. <\/strong><br\/>No negative impact on microbial balance or absorption.<\/p>"
          }
        }
      },
      "block_order": [
        "template--19144187838798__a6bb45aa-628a-4ce5-ba4f-eec92bbdd960-1687348586e527fd2c-1",
        "template--19144187838798__a6bb45aa-628a-4ce5-ba4f-eec92bbdd960-1687348586e527fd2c-2"
      ],
      "settings": {
        "image": "shopify:\/\/shop_images\/Ontwerp_zonder_titel_5.jpg",
        "use_video": false,
        "video": "https:\/\/www.youtube.com\/watch?v=_9VUPq3SxOc",
        "video_autoplay": true,
        "video_controls": true,
        "height": "adapt",
        "desktop_image_width": "medium",
        "section_width": "full-width-row-full",
        "layout": "image_first",
        "content_position": "text-left",
        "color_bg": "#eceade",
        "color_text": "#2e2930",
        "color_border": "#eceade",
        "disable_top_spacing": false,
        "disable_bottom_spacing": false
      }
    },
    "3423e0ff-d915-4b4d-8ddc-be133f55deff": {
      "type": "featured-collection",
      "disabled": true,
      "settings": {
        "heading": "Bundel & Bespaar",
        "heading_left": false,
        "description": "",
        "full_width": true,
        "collection": "bundles",
        "display_type": "grid",
        "product_limit": 3,
        "columns_desktop": 3,
        "show_view_all": true,
        "mobile_swipe": true,
        "show_progress_bar": true,
        "disable_top_spacing": false,
        "disable_bottom_spacing": false
      }
    },
    "rich_text_McgL7Y": {
      "type": "rich-text",
      "blocks": {
        "heading_6C4TaF": {
          "type": "heading",
          "settings": {
            "text": "Join Our Community",
            "size": "h4"
          }
        },
        "text_tnDcrT": {
          "type": "text",
          "settings": {
            "text": "<p><a href=\"https:\/\/www.instagram.com\/jennahorganic\/\" title=\"https:\/\/www.instagram.com\/jennahorganic\/\">Follow us  @jennahorganic<\/a><\/p>",
            "size": "text-size-regular"
          }
        }
      },
      "block_order": [
        "heading_6C4TaF",
        "text_tnDcrT"
      ],
      "settings": {
        "section_width": "grid",
        "text_width": "large",
        "text_position": "center",
        "text_alignment": "center",
        "color_bg": "rgba(0,0,0,0)",
        "color_text": "#151515",
        "color_links": "#151515",
        "disable_top_spacing": true,
        "disable_bottom_spacing": true
      }
    },
    "171361665120259384": {
      "type": "apps",
      "blocks": {
        "instafeed_app_block_BywQeb": {
          "type": "shopify:\/\/apps\/instafeed\/blocks\/app-block\/c447db20-095d-4a10-9725-b5977662c9d5",
          "settings": {
            "title": "",
            "title_color": "",
            "alignment": "center",
            "html_area": ""
          }
        }
      },
      "block_order": [
        "instafeed_app_block_BywQeb"
      ],
      "settings": {
      }
    }
  },
  "order": [
    "image_with_text_overlay_U6UpNQ",
    "slideshow_3mr8CN",
    "16479477632637c9a7",
    "16620983071df6eb29",
    "logo_list_gHeWmT",
    "f5d29db7-641b-4e32-9f66-46c0d9cf7132",
    "7999db93-42c2-479f-a494-b6a40f764b8e",
    "spacer_RNadTA",
    "collection_list_QaYBKt",
    "rich_text_8yKVWr",
    "kopstorm_categories_rUNgG6",
    "ff29f283-c5a6-4b67-88a2-defdb0bc5d88",
    "16614195534fb74bc3",
    "a6bb45aa-628a-4ce5-ba4f-eec92bbdd960",
    "3423e0ff-d915-4b4d-8ddc-be133f55deff",
    "rich_text_McgL7Y",
    "171361665120259384"
  ]
}
