{"sections":{"16479477632637c9a7":{"type":"slideshow","blocks":{"164794776393e76b8e-2":{"type":"slide","settings":{"image":"shopify:\/\/shop_images\/Zonder_titel_800_x_500_px_800_x_800_px_800_x_500_px_1.jpg","slide_link":"","video_background":false,"video":"","subheading":"","heading":"The power of nature for a healthier you.","heading_size":"h2","content":"Supplements made from natural plants.","description_size":"small","content_position":"middle-center","text_alignment":"center","content_size":"medium","overlay_color":"#ffffff","overlay_opacity":0,"overlay_gradient":"linear-gradient(180deg, rgba(239, 239, 239, 0.1), rgba(0, 0, 0, 0.4) 100%)","button_1_text":"SHOP NOW","button_1_link":"shopify:\/\/collections\/all","button_1_outline":true,"button_2_text":"","button_2_link":"","button_2_outline":false}}},"block_order":["164794776393e76b8e-2"],"settings":{"desktop_height":"desktop-height-full","mobile_height":"mobile-height-500","full_width":true,"autoplay":true,"autoplay_length":10,"transition":"swipe","disable_top_spacing":true,"disable_bottom_spacing":true}},"16620983071df6eb29":{"type":"text-with-icons","blocks":{"1662098307788ca717-0":{"type":"icon","settings":{"icon":"ruler","image":"shopify:\/\/shop_images\/Test_Icon_1.svg","heading":"TESTED BY THIRD PARTIES","text":""}},"1662098307788ca717-1":{"type":"icon","settings":{"icon":"ruler","image":"shopify:\/\/shop_images\/Trace_1_b610d2e5-ac01-4117-be65-adb1228de1dc.svg","heading":"100% TRACEABLE","text":""}},"1662098307788ca717-2":{"type":"icon","settings":{"icon":"ruler","image":"shopify:\/\/shop_images\/Vegan_Icon_1.svg","heading":"VEGAN | ORGANIC","text":""}},"2c4a636c-cb89-4faf-82e6-13a0e7241006":{"type":"icon","settings":{"icon":"ruler","image":"shopify:\/\/shop_images\/Trash_Icon_1.svg","heading":"NO FILLERS OR JUNK","text":""}}},"block_order":["1662098307788ca717-0","1662098307788ca717-1","1662098307788ca717-2","2c4a636c-cb89-4faf-82e6-13a0e7241006"],"settings":{"text_alignment":"left","icon_position":"left","icon_size":"medium","heading_size":"small","mobile_swipe":true,"color_bg":"#b57b55","color_heading":"#151515","color_text":"#151515","disable_top_spacing":true,"disable_bottom_spacing":true}},"f5d29db7-641b-4e32-9f66-46c0d9cf7132":{"type":"multicolumn","blocks":{"acb35809-c820-4cc8-bd58-f49fa9ed2c17":{"type":"column","disabled":true,"settings":{"image_full_width":false,"retina":true,"title":"Column","text":"<p>Pair text with an image to focus on your chosen product, collection, or blog post. Add details on availability, style, or even provide a review.<\/p>","link_label":"","link":""}}},"block_order":["acb35809-c820-4cc8-bd58-f49fa9ed2c17"],"settings":{"heading":"Plants, science and wisdom.","heading_left":false,"description":"<p>At Jennah Organics, you will find top herbal supplements. We carefully choose the best ingredients. Our goal: diverse natural solutions for your optimal health.<\/p>","full_width":true,"display_type":"grid","image_ratio":"adapt","columns_desktop":4,"text_alignment":"left","heading_size":"h5","mobile_swipe":false,"show_progress_bar":false,"disable_top_spacing":false,"disable_bottom_spacing":false}},"7999db93-42c2-479f-a494-b6a40f764b8e":{"type":"promotional-banner","blocks":{"1cc57d41-22cf-4355-97da-d37fcee8a328":{"type":"subheading","settings":{"text":"Flat Belly"}},"template--19430163153229__7999db93-42c2-479f-a494-b6a40f764b8e-heading-1":{"type":"heading","settings":{"text":"30-day Colon Detox for a flat tummy!","heading_size":"h2"}},"template--19430163153229__7999db93-42c2-479f-a494-b6a40f764b8e-text-1":{"type":"text","settings":{"text":"<p>Discover Flat Belly, the ultimate colon cleansing product for a slimmer and healthier body.<br\/><br\/>Our capsules flush out toxins, promote regularity and reduce bloating for better digestion and energy.<br\/><br\/>Take 2 capsules with water before bed and experience the power for healthy digestion and weight loss support.<\/p>"}},"template--19430163153229__7999db93-42c2-479f-a494-b6a40f764b8e-button-1":{"type":"button","settings":{"button_text":"Shop flat belly","button_link":"shopify:\/\/products\/flat-belly-30-day-colon-detox","button_outline":true}}},"block_order":["1cc57d41-22cf-4355-97da-d37fcee8a328","template--19430163153229__7999db93-42c2-479f-a494-b6a40f764b8e-heading-1","template--19430163153229__7999db93-42c2-479f-a494-b6a40f764b8e-text-1","template--19430163153229__7999db93-42c2-479f-a494-b6a40f764b8e-button-1"],"settings":{"section_width":"full-width-row","image":"shopify:\/\/shop_images\/I_will_12.png","image_height":"adapt","image_width":"split","frame_border":false,"content_position":"text-left","split_layout":"text_first","color_bg":"#eceade","color_text":"#151515","overlay_color":"#000000","overlay_opacity":0,"disable_top_spacing":true,"disable_bottom_spacing":false}},"c081aaef-57ba-4f3d-9b7c-bb064c991cf7":{"type":"gallery","blocks":{"template--19144187838798__c081aaef-57ba-4f3d-9b7c-bb064c991cf7-168734829969f9e41e-0":{"type":"image","settings":{"image":"shopify:\/\/shop_images\/Zonder_titel_800_x_600_px_400_x_800_px_401_x_526_px_420_x_526_px.png","subheading":"","title":"CALMING","text":"","link_label":"","link":"","use_text_button":false,"block_link":"shopify:\/\/collections\/calming"}},"template--19144187838798__c081aaef-57ba-4f3d-9b7c-bb064c991cf7-168734829969f9e41e-1":{"type":"image","settings":{"image":"shopify:\/\/shop_images\/Category_Energy.webp","subheading":"","title":"DETOX","text":"","link_label":"","link":"","use_text_button":false,"block_link":"shopify:\/\/collections\/detox"}},"template--19144187838798__c081aaef-57ba-4f3d-9b7c-bb064c991cf7-168734829969f9e41e-2":{"type":"image","settings":{"image":"shopify:\/\/shop_images\/Category_Sex.webp","subheading":"","title":"IMMUNITY","text":"","link_label":"","link":"","use_text_button":false,"block_link":"shopify:\/\/collections\/immunity"}}},"block_order":["template--19144187838798__c081aaef-57ba-4f3d-9b7c-bb064c991cf7-168734829969f9e41e-0","template--19144187838798__c081aaef-57ba-4f3d-9b7c-bb064c991cf7-168734829969f9e41e-1","template--19144187838798__c081aaef-57ba-4f3d-9b7c-bb064c991cf7-168734829969f9e41e-2"],"settings":{"columns_desktop":3,"section_width":"full-width-row","mobile_swipe":true,"image_ratio":"portrait","content_position":"bottom-left","text_alignment":"left","column_spacing":"small","heading_size":"h2","overlay_color":"#000000","overlay_opacity":7,"disable_top_spacing":true,"disable_bottom_spacing":false}},"16614195534fb74bc3":{"type":"collection-tabs","blocks":{"9dc5629d-3c1a-4dcc-b25a-0aa3972a2cb7":{"type":"collection","settings":{"collection":"best-sellers"}},"191d1bf8-6af4-4b14-9771-20d83c38faf7":{"type":"collection","disabled":true,"settings":{"collection":""}}},"block_order":["9dc5629d-3c1a-4dcc-b25a-0aa3972a2cb7","191d1bf8-6af4-4b14-9771-20d83c38faf7"],"settings":{"heading":"Shop Best Sellers","heading_left":false,"description":"","full_width":false,"product_limit":16,"columns_desktop":4,"show_view_all":false,"show_progress_bar":false,"disable_top_spacing":true,"disable_bottom_spacing":true}},"a6bb45aa-628a-4ce5-ba4f-eec92bbdd960":{"type":"image-with-text","blocks":{"template--19144187838798__a6bb45aa-628a-4ce5-ba4f-eec92bbdd960-1687348586e527fd2c-1":{"type":"heading","settings":{"text":"Optimal Source, Dosage, Form","heading_size":"h3"}},"template--19144187838798__a6bb45aa-628a-4ce5-ba4f-eec92bbdd960-1687348586e527fd2c-2":{"type":"text","settings":{"text":"<p><strong>100% Traceable Transparent source. <\/strong><br\/>We thoroughly test for bio-identity, purity, potency, microbiological content, solvents, heavy metals and pesticides.<br\/><\/p><p><strong>Palpable resultsPowerful dosage. <\/strong><br\/>Highly concentrated ingredients with clinically proven efficacy, based on studies and FDA guidelines.Bioavailability<br\/><br\/><strong>Easily absorbable form. <\/strong><br\/>No negative impact on microbial balance or absorption.<\/p>"}}},"block_order":["template--19144187838798__a6bb45aa-628a-4ce5-ba4f-eec92bbdd960-1687348586e527fd2c-1","template--19144187838798__a6bb45aa-628a-4ce5-ba4f-eec92bbdd960-1687348586e527fd2c-2"],"settings":{"image":"shopify:\/\/shop_images\/opgeblazen_2.png","use_video":false,"video":"https:\/\/www.youtube.com\/watch?v=_9VUPq3SxOc","video_autoplay":true,"video_controls":true,"height":"adapt","desktop_image_width":"medium","section_width":"full-width-row-full","layout":"image_first","content_position":"text-left","color_bg":"#eceade","color_text":"#2e2930","color_border":"#eceade","disable_top_spacing":false,"disable_bottom_spacing":true}},"3423e0ff-d915-4b4d-8ddc-be133f55deff":{"type":"featured-collection","disabled":true,"settings":{"heading":"Bundel & Bespaar","heading_left":false,"description":"","full_width":true,"collection":"bundles","display_type":"grid","product_limit":3,"columns_desktop":3,"show_view_all":true,"mobile_swipe":true,"show_progress_bar":true,"disable_top_spacing":false,"disable_bottom_spacing":false}},"555527ea-9bbd-4c65-aa68-eaadb37365d7":{"type":"featured-blog","disabled":true,"settings":{"heading":"Ontdek meer op onze blog.","heading_left":false,"description":"","full_width":false,"blog":"news","post_limit":4,"columns_desktop":4,"mobile_swipe":true,"image_ratio":"square","show_date":false,"show_excerpt":false,"show_view_all":false,"disable_top_spacing":true,"disable_bottom_spacing":true}},"3dc0ebb1-3438-4c87-80bf-18acf922ef13":{"type":"multicolumn","blocks":{"template--19144187838798__3dc0ebb1-3438-4c87-80bf-18acf922ef13-168734891554ddb24a-0":{"type":"column","settings":{"image":"shopify:\/\/shop_images\/Ontwerp_zonder_titel_75.jpg","image_full_width":false,"retina":true,"title":"","text":"","link_label":"","link":""}},"template--19144187838798__3dc0ebb1-3438-4c87-80bf-18acf922ef13-168734891554ddb24a-1":{"type":"column","settings":{"image":"shopify:\/\/shop_images\/Ontwerp_zonder_titel_73.jpg","image_full_width":false,"retina":true,"title":"","text":"","link_label":"","link":""}},"template--19144187838798__3dc0ebb1-3438-4c87-80bf-18acf922ef13-168734891554ddb24a-2":{"type":"column","settings":{"image":"shopify:\/\/shop_images\/Ontwerp_zonder_titel_-_2023-03-10T132236.625.png","image_full_width":false,"retina":true,"title":"","text":"","link_label":"","link":""}},"template--19144187838798__3dc0ebb1-3438-4c87-80bf-18acf922ef13-168734891554ddb24a-3":{"type":"column","settings":{"image":"shopify:\/\/shop_images\/Ontwerp_zonder_titel_74.jpg","image_full_width":false,"retina":true,"title":"","text":"","link_label":"","link":""}},"9308b538-4778-4449-bdf1-b363f8a796c7":{"type":"column","settings":{"image":"shopify:\/\/shop_images\/opgeblazen_2.png","image_full_width":false,"retina":true,"title":"","text":"","link_label":"","link":""}}},"block_order":["template--19144187838798__3dc0ebb1-3438-4c87-80bf-18acf922ef13-168734891554ddb24a-0","template--19144187838798__3dc0ebb1-3438-4c87-80bf-18acf922ef13-168734891554ddb24a-1","template--19144187838798__3dc0ebb1-3438-4c87-80bf-18acf922ef13-168734891554ddb24a-2","template--19144187838798__3dc0ebb1-3438-4c87-80bf-18acf922ef13-168734891554ddb24a-3","9308b538-4778-4449-bdf1-b363f8a796c7"],"settings":{"heading":"Join Our Community","heading_left":false,"description":"<p>Follow us @jennah_organic<\/p>","full_width":false,"display_type":"carousel","image_ratio":"square","columns_desktop":5,"text_alignment":"left","heading_size":"h5","mobile_swipe":true,"show_progress_bar":true,"disable_top_spacing":false,"disable_bottom_spacing":true}}},"order":["16479477632637c9a7","16620983071df6eb29","f5d29db7-641b-4e32-9f66-46c0d9cf7132","7999db93-42c2-479f-a494-b6a40f764b8e","c081aaef-57ba-4f3d-9b7c-bb064c991cf7","16614195534fb74bc3","a6bb45aa-628a-4ce5-ba4f-eec92bbdd960","3423e0ff-d915-4b4d-8ddc-be133f55deff","555527ea-9bbd-4c65-aa68-eaadb37365d7","3dc0ebb1-3438-4c87-80bf-18acf922ef13"]}