{"sections":{"16479477632637c9a7":{"type":"slideshow","blocks":{"164794776393e76b8e-2":{"type":"slide","settings":{"image":"shopify:\/\/shop_images\/DSC01469-2.jpg","mobile_image":"shopify:\/\/shop_images\/DSC01469-2.jpg","slide_link":"","video_background":false,"video":"","subheading":"","heading":"De kracht van de natuur voor een gezondere jij.","heading_size":"h2","content":"Supplementen gemaakt van natuurlijke planten.","description_size":"small","content_position":"middle-center","text_alignment":"center","content_size":"medium","overlay_color":"#ffffff","overlay_opacity":0,"overlay_gradient":"linear-gradient(180deg, rgba(239, 239, 239, 0.1), rgba(0, 0, 0, 0.4) 100%)","button_1_text":"SHOP NU","button_1_link":"","button_1_outline":true,"button_2_text":"","button_2_link":"","button_2_outline":false}}},"block_order":["164794776393e76b8e-2"],"settings":{"desktop_height":"desktop-height-full","mobile_height":"mobile-height-500","full_width":true,"autoplay":true,"autoplay_length":10,"transition":"swipe","disable_top_spacing":true,"disable_bottom_spacing":true}},"16620983071df6eb29":{"type":"text-with-icons","blocks":{"1662098307788ca717-0":{"type":"icon","settings":{"icon":"ruler","image":"shopify:\/\/shop_images\/Test_Icon_40830d3d-e184-4fb5-b5d4-68afe1870f3e.svg","heading":"DOOR DERDEN GETEST","text":""}},"1662098307788ca717-1":{"type":"icon","settings":{"icon":"ruler","image":"shopify:\/\/shop_images\/Trace.svg","heading":"100% TRACEERBAAR","text":""}},"1662098307788ca717-2":{"type":"icon","settings":{"icon":"ruler","image":"shopify:\/\/shop_images\/Vegan_Icon_c613e8eb-f35e-44c2-8844-8d9e99995207.svg","heading":"VEGAN | BIOLOGISH","text":""}},"2c4a636c-cb89-4faf-82e6-13a0e7241006":{"type":"icon","settings":{"icon":"ruler","image":"shopify:\/\/shop_images\/Trash_Icon_65cdea19-7c4c-4124-b18f-ff1fe7e1c8d1.svg","heading":"GEEN VULSTOFFEN OF ROMMEL","text":""}}},"block_order":["1662098307788ca717-0","1662098307788ca717-1","1662098307788ca717-2","2c4a636c-cb89-4faf-82e6-13a0e7241006"],"settings":{"text_alignment":"left","icon_position":"left","icon_size":"medium","heading_size":"small","mobile_swipe":true,"color_bg":"#b57b55","color_heading":"#151515","color_text":"#151515","disable_top_spacing":true,"disable_bottom_spacing":true}},"f5d29db7-641b-4e32-9f66-46c0d9cf7132":{"type":"multicolumn","settings":{"heading":"Planten, wetenschap en wijsheid.","heading_left":false,"description":"<p>Verfijnde zelfzorg®<\/p>","full_width":true,"display_type":"grid","image_ratio":"adapt","columns_desktop":4,"text_alignment":"left","heading_size":"h5","mobile_swipe":false,"show_progress_bar":false,"disable_top_spacing":false,"disable_bottom_spacing":true}},"7999db93-42c2-479f-a494-b6a40f764b8e":{"type":"promotional-banner","blocks":{"1cc57d41-22cf-4355-97da-d37fcee8a328":{"type":"subheading","settings":{"text":"Flat Belly"}},"template--19430163153229__7999db93-42c2-479f-a494-b6a40f764b8e-heading-1":{"type":"heading","settings":{"text":"30-daagse Darm Detox voor een platte buik!","heading_size":"h2"}},"template--19430163153229__7999db93-42c2-479f-a494-b6a40f764b8e-text-1":{"type":"text","settings":{"text":"<p>Ontdek Flat Belly, het ultieme darmreinigingsproduct voor een slanker en gezonder lichaam.<\/p><p>Onze capsules spoelen gifstoffen weg, bevorderen de regelmaat en verminderen een opgeblazen gevoel voor een betere spijsvertering en energie.<\/p><p>Neem 2 capsules met water voor het slapen gaan en ervaar de kracht voor een gezonde spijsvertering en ondersteuning bij het afvallen.<\/p>"}},"template--19430163153229__7999db93-42c2-479f-a494-b6a40f764b8e-button-1":{"type":"button","settings":{"button_text":"Shop Nu","button_link":"shopify:\/\/products\/collon-cleans-1","button_outline":true}}},"block_order":["1cc57d41-22cf-4355-97da-d37fcee8a328","template--19430163153229__7999db93-42c2-479f-a494-b6a40f764b8e-heading-1","template--19430163153229__7999db93-42c2-479f-a494-b6a40f764b8e-text-1","template--19430163153229__7999db93-42c2-479f-a494-b6a40f764b8e-button-1"],"settings":{"section_width":"full-width-row","image":"shopify:\/\/shop_images\/I_will_3.png","image_height":"adapt","image_width":"split","frame_border":false,"content_position":"text-left","split_layout":"image_first","color_bg":"#eceade","color_text":"#151515","overlay_color":"#000000","overlay_opacity":0,"disable_top_spacing":true,"disable_bottom_spacing":false}},"c081aaef-57ba-4f3d-9b7c-bb064c991cf7":{"type":"gallery","blocks":{"template--19144187838798__c081aaef-57ba-4f3d-9b7c-bb064c991cf7-168734829969f9e41e-0":{"type":"image","settings":{"image":"shopify:\/\/shop_images\/Zonder_titel_800_x_600_px_400_x_800_px_550_x_800_px.png","subheading":"","title":"KALMEREND","text":"","link_label":"","link":"","use_text_button":false,"block_link":""}},"template--19144187838798__c081aaef-57ba-4f3d-9b7c-bb064c991cf7-168734829969f9e41e-1":{"type":"image","settings":{"image":"shopify:\/\/shop_images\/Category_Energy.webp","subheading":"","title":"DETOX","text":"","link_label":"","link":"","use_text_button":false,"block_link":""}},"template--19144187838798__c081aaef-57ba-4f3d-9b7c-bb064c991cf7-168734829969f9e41e-2":{"type":"image","settings":{"image":"shopify:\/\/shop_images\/Category_Sex.webp","subheading":"","title":"IMMUNITEIT","text":"","link_label":"","link":"","use_text_button":false,"block_link":""}}},"block_order":["template--19144187838798__c081aaef-57ba-4f3d-9b7c-bb064c991cf7-168734829969f9e41e-0","template--19144187838798__c081aaef-57ba-4f3d-9b7c-bb064c991cf7-168734829969f9e41e-1","template--19144187838798__c081aaef-57ba-4f3d-9b7c-bb064c991cf7-168734829969f9e41e-2"],"settings":{"columns_desktop":3,"section_width":"full-width-row","mobile_swipe":true,"image_ratio":"portrait","content_position":"bottom-left","text_alignment":"left","column_spacing":"small","heading_size":"h2","overlay_color":"#000000","overlay_opacity":7,"disable_top_spacing":true,"disable_bottom_spacing":false}},"16614195534fb74bc3":{"type":"collection-tabs","blocks":{"9dc5629d-3c1a-4dcc-b25a-0aa3972a2cb7":{"type":"collection","settings":{"collection":"best-sellers"}}},"block_order":["9dc5629d-3c1a-4dcc-b25a-0aa3972a2cb7"],"settings":{"heading":"Shop Best Sellers","heading_left":false,"description":"","full_width":false,"product_limit":12,"columns_desktop":4,"show_view_all":false,"show_progress_bar":false,"disable_top_spacing":true,"disable_bottom_spacing":true}},"a6bb45aa-628a-4ce5-ba4f-eec92bbdd960":{"type":"image-with-text","blocks":{"template--19144187838798__a6bb45aa-628a-4ce5-ba4f-eec92bbdd960-1687348586e527fd2c-1":{"type":"heading","settings":{"text":"Optimale Bron, Dosering, Vorm","heading_size":"h3"}},"template--19144187838798__a6bb45aa-628a-4ce5-ba4f-eec92bbdd960-1687348586e527fd2c-2":{"type":"text","settings":{"text":"<p><strong>100% Traceerbaar<br\/><\/strong>Transparante bron. We testen grondig op bio-identiteit, zuiverheid, potentie, microbiologische inhoud, oplosmiddelen, zware metalen en pesticiden.<\/p><p><strong>Voelbare resultaten<\/strong><br\/>Krachtige dosering. Hoog geconcentreerde ingrediënten met klinisch bewezen werking, gebaseerd op studies en FDA-richtlijnen.<\/p><p><strong>Bio-beschikbaarheid<\/strong><br\/>Gemakkelijk opneembare vorm. Geen negatieve invloed op het microbiële evenwicht of opname.<\/p>"}}},"block_order":["template--19144187838798__a6bb45aa-628a-4ce5-ba4f-eec92bbdd960-1687348586e527fd2c-1","template--19144187838798__a6bb45aa-628a-4ce5-ba4f-eec92bbdd960-1687348586e527fd2c-2"],"settings":{"image":"shopify:\/\/shop_images\/Ontwerp_zonder_titel_-_2023-06-21T121406.131.png","use_video":false,"video":"https:\/\/www.youtube.com\/watch?v=_9VUPq3SxOc","video_autoplay":true,"video_controls":true,"height":"adapt","desktop_image_width":"medium","section_width":"full-width-row-full","layout":"image_first","content_position":"text-left","color_bg":"#eceade","color_text":"#2e2930","color_border":"#eceade","disable_top_spacing":false,"disable_bottom_spacing":true}},"3423e0ff-d915-4b4d-8ddc-be133f55deff":{"type":"featured-collection","settings":{"heading":"Bundel & Bespaar","heading_left":false,"description":"","full_width":true,"collection":"bundles","display_type":"grid","product_limit":3,"columns_desktop":3,"show_view_all":true,"mobile_swipe":true,"show_progress_bar":true,"disable_top_spacing":false,"disable_bottom_spacing":false}},"555527ea-9bbd-4c65-aa68-eaadb37365d7":{"type":"featured-blog","settings":{"heading":"Ontdek meer op onze blog.","heading_left":false,"description":"","full_width":false,"blog":"news","post_limit":4,"columns_desktop":4,"mobile_swipe":true,"image_ratio":"square","show_date":false,"show_excerpt":false,"show_view_all":false,"disable_top_spacing":true,"disable_bottom_spacing":true}},"3dc0ebb1-3438-4c87-80bf-18acf922ef13":{"type":"multicolumn","blocks":{"template--19144187838798__3dc0ebb1-3438-4c87-80bf-18acf922ef13-168734891554ddb24a-0":{"type":"column","settings":{"image":"shopify:\/\/shop_images\/Ontwerp_zonder_titel_75.jpg","image_full_width":false,"retina":true,"title":"","text":"","link_label":"","link":""}},"template--19144187838798__3dc0ebb1-3438-4c87-80bf-18acf922ef13-168734891554ddb24a-1":{"type":"column","settings":{"image":"shopify:\/\/shop_images\/Ontwerp_zonder_titel_-_2022-12-17T004545.728.png","image_full_width":false,"retina":true,"title":"","text":"","link_label":"","link":""}},"template--19144187838798__3dc0ebb1-3438-4c87-80bf-18acf922ef13-168734891554ddb24a-2":{"type":"column","settings":{"image":"shopify:\/\/shop_images\/Zonder_titel_800_x_500_px_800_x_800_px.jpg","image_full_width":false,"retina":true,"title":"","text":"","link_label":"","link":""}},"template--19144187838798__3dc0ebb1-3438-4c87-80bf-18acf922ef13-168734891554ddb24a-3":{"type":"column","settings":{"image":"shopify:\/\/shop_images\/Zonder_titel_800_x_500_px_800_x_800_px_2.jpg","image_full_width":false,"retina":true,"title":"","text":"","link_label":"","link":""}},"9308b538-4778-4449-bdf1-b363f8a796c7":{"type":"column","settings":{"image":"shopify:\/\/shop_images\/Ontwerp_zonder_titel_-_2023-06-21T121406.131.png","image_full_width":false,"retina":true,"title":"","text":"","link_label":"","link":""}}},"block_order":["template--19144187838798__3dc0ebb1-3438-4c87-80bf-18acf922ef13-168734891554ddb24a-0","template--19144187838798__3dc0ebb1-3438-4c87-80bf-18acf922ef13-168734891554ddb24a-1","template--19144187838798__3dc0ebb1-3438-4c87-80bf-18acf922ef13-168734891554ddb24a-2","template--19144187838798__3dc0ebb1-3438-4c87-80bf-18acf922ef13-168734891554ddb24a-3","9308b538-4778-4449-bdf1-b363f8a796c7"],"settings":{"heading":"Join Our Community","heading_left":false,"description":"<p>Volg ons @jennah_organic<\/p>","full_width":false,"display_type":"carousel","image_ratio":"square","columns_desktop":5,"text_alignment":"left","heading_size":"h5","mobile_swipe":true,"show_progress_bar":true,"disable_top_spacing":true,"disable_bottom_spacing":true}}},"order":["16479477632637c9a7","16620983071df6eb29","f5d29db7-641b-4e32-9f66-46c0d9cf7132","7999db93-42c2-479f-a494-b6a40f764b8e","c081aaef-57ba-4f3d-9b7c-bb064c991cf7","16614195534fb74bc3","a6bb45aa-628a-4ce5-ba4f-eec92bbdd960","3423e0ff-d915-4b4d-8ddc-be133f55deff","555527ea-9bbd-4c65-aa68-eaadb37365d7","3dc0ebb1-3438-4c87-80bf-18acf922ef13"]}