{"sections":{"16618629918566dc27":{"type":"rich-text","blocks":{"1661862991ee6f499c-1":{"type":"heading","settings":{"text":"F.A.Q.","size":"h2"}},"1661862991ee6f499c-2":{"type":"text","settings":{"text":"<p>Share information about your brand with your customers. Describe a product, make announcements, or welcome customers to your store.<\/p>","size":"text-size-regular"}}},"block_order":["1661862991ee6f499c-1","1661862991ee6f499c-2"],"settings":{"section_width":"grid","text_width":"medium","text_position":"center","text_alignment":"center","color_bg":"transparent","color_text":"#151515","color_links":"#151515","disable_top_spacing":false,"disable_bottom_spacing":true}},"166186303682d7c655":{"type":"spacer","settings":{"spacer_mobile":15,"spacer_desktop":35,"border_separator":false,"border_separator_full":false}},"faq":{"type":"collapsible-content","blocks":{"a82c71ab-5eef-4ac6-8278-42c4bf4565d6":{"type":"collapsible_tab","settings":{"heading":"How Long Does An Order Take To Arrive?","open":true,"content":"<p>International orders normally arrive within 2-4 weeks of shipping. Please note that these orders need to pass through the customs office in your country before it will be released for final delivery, which can occasionally cause additional delays. Once an order leaves our warehouse, carrier shipping delays may occur due to factors outside our control. We, unfortunately, can’t control how quickly an order arrives once it has left our warehouse. Contacting the carrier is the best way to get more insight into your package’s location and estimated delivery date.<\/p>","page":""}},"aa70895f-8889-4293-8c7d-ff7bc2b81c57":{"type":"collapsible_tab","settings":{"heading":"How Do I Set Up A Subscription Order?","open":false,"content":"<p>We will deliver products to you as soon as reasonably possible. Orders are usually dispatched between 1-3 days from the date of the order being placed. Please contact us our customer service team if your delivery has not been received within the dates described.<\/p>","page":""}},"72f09ca5-4337-4a0b-bcd2-0a7af9183034":{"type":"collapsible_tab","settings":{"heading":"How To Return My Items?","open":false,"content":"<p>We do not currently offer free returns to overseas customers. You will therefore need to cover all costs of returning any items to us yourself. We advise that you mark your package ‘returned goods’ to avoid further duties. Remember: We strongly recommend that you return any items via a registered trackable service and obtain and retain proof of posting as we do not accept responsibility for items that fail to arrive with us.<\/p>","page":""}},"d8b3ed5d-d5cf-4b20-9bed-893f2be8497f":{"type":"collapsible_tab","settings":{"heading":"How Can I Choose The Right Size For Me?","open":false,"content":"<p>Habitat has created a universal sizing system that aims to provide a unique reference for all countries. You can easily spot the best size for you by referring to our Size Guide that provides a conversion table to all major country size systems. <\/p><p>The Size Guide is conveniently available on the page of each product.<\/p>","page":""}},"5f34dba8-15e0-4aac-91f7-5a103657361d":{"type":"collapsible_tab","settings":{"heading":"Which Payment Methods Do You Accept?","open":false,"content":"<p>Habitat accepts the following payment methods for online purchases:<br\/><br\/>• All major credit cards, as shown at checkout<\/p><p>• PayPal: if you do not have an account yet, you can create one while shopping with us<\/p><p>• Apple Pay, Google Pay, Samsung Pay<\/p><p>Please note that your billing address must match the address on your credit card statement.<\/p>","page":""}},"fa2985e2-4983-462b-80c8-596d4ae47540":{"type":"collapsible_tab","settings":{"heading":"How Can I Track My Order?","open":false,"content":"<p>Once you place your order online, you will be able to see the details of the purchase, follow its preparation, and see shipping updates in the My Account area.<\/p>","page":""}}},"block_order":["a82c71ab-5eef-4ac6-8278-42c4bf4565d6","aa70895f-8889-4293-8c7d-ff7bc2b81c57","72f09ca5-4337-4a0b-bcd2-0a7af9183034","d8b3ed5d-d5cf-4b20-9bed-893f2be8497f","5f34dba8-15e0-4aac-91f7-5a103657361d","fa2985e2-4983-462b-80c8-596d4ae47540"],"settings":{"heading":"","description":"","uppercase_heading":true,"disable_top_spacing":true,"disable_bottom_spacing":false}}},"order":["16618629918566dc27","166186303682d7c655","faq"]}