{"sections":{"ss_fullwidth_banner_xq8xPb":{"type":"ss-fullwidth-banner","settings":{"desktop-img":"shopify:\/\/shop_images\/Zonder_titel_2800_x_1500_px_2800_x_1200_px_2.png","desktop-url":"https:\/\/www.facebook.com\/groups\/jennahorganicscommunity","mobile-img":"shopify:\/\/shop_images\/Geen_aankoop_nodig_3.png","mobile-url":"https:\/\/www.facebook.com\/groups\/jennahorganicscommunity","padding_top":0,"padding_bottom":0}},"main":{"type":"main-page","disabled":true,"settings":{}},"rich_text_eUGKGL":{"type":"rich-text","blocks":{"text_ccRDRM":{"type":"text","settings":{"text":"<p><strong>Join our warm community where we share health tips, recipes and workouts, and support each other with lifestyle changes.<\/strong> <strong>Together, we strive to be the best version of ourselves in all aspects of life.<\/strong> <strong>Together, we can inspire and guide each other on your journey to wellness and natural healing!<\/strong><\/p>","size":"text-size-regular"}}},"block_order":["text_ccRDRM"],"settings":{"section_width":"grid","text_width":"medium","text_position":"center","text_alignment":"center","color_bg":"transparent","color_text":"#151515","color_links":"#151515","disable_top_spacing":false,"disable_bottom_spacing":true}},"multicolumn_NhwfUz":{"type":"multicolumn","blocks":{"column_jG4y8y":{"type":"column","settings":{"image":"shopify:\/\/shop_images\/ipies_8.png","image_full_width":false,"retina":true,"title":"Recipes","text":"<p>Natural recipes for a healthy lifestyle, shared by our community. <\/p>","link_label":"","link":""}},"column_bWkNQh":{"type":"column","settings":{"image":"shopify:\/\/shop_images\/ipies_9.png","image_full_width":false,"retina":true,"title":"Slimming tips","text":"<p>Practical tips and advice from our community to lose weight and stay healthy.<\/p>","link_label":"","link":""}},"column_6mbgbW":{"type":"column","settings":{"image":"shopify:\/\/shop_images\/ipies_10.png","image_full_width":false,"retina":true,"title":"Health & wellness tips","text":"<p>Discover valuable tips and advice from our community to improve your health and well-being.<\/p>","link_label":"","link":""}},"column_73kxTz":{"type":"column","settings":{"image":"shopify:\/\/shop_images\/ipies_11.png","image_full_width":false,"retina":true,"title":"Mindfulness Exercises","text":"<p>Learn simple mindfulness exercises from our community to find inner peace and balance.<\/p>","link_label":"","link":""}}},"block_order":["column_jG4y8y","column_bWkNQh","column_6mbgbW","column_73kxTz"],"settings":{"heading":"The Jennah Community offers","heading_left":false,"description":"","full_width":true,"display_type":"grid","image_ratio":"adapt","columns_desktop":4,"text_alignment":"left","heading_size":"h5","mobile_swipe":false,"show_progress_bar":true,"disable_top_spacing":false,"disable_bottom_spacing":true}},"rich_text_p8Pgzc":{"type":"rich-text","blocks":{"heading_fWmxyi":{"type":"heading","settings":{"text":"+ Unlimited support","size":"h3"}}},"block_order":["heading_fWmxyi"],"settings":{"section_width":"grid","text_width":"medium","text_position":"center","text_alignment":"center","color_bg":"transparent","color_text":"#151515","color_links":"#151515","disable_top_spacing":false,"disable_bottom_spacing":true}},"ss_fullwidth_banner_VGk9Li":{"type":"ss-fullwidth-banner","settings":{"desktop-img":"shopify:\/\/shop_images\/Zonder_titel_2800_x_1500_px_2800_x_1200_px_2800_x_500_px_2.png","desktop-url":"https:\/\/www.facebook.com\/groups\/jennahorganicscommunity","mobile-img":"shopify:\/\/shop_images\/Geen_aankoop_nodig_400_x_200_px_2.png","mobile-url":"https:\/\/www.facebook.com\/groups\/jennahorganicscommunity","padding_top":0,"padding_bottom":0}}},"order":["ss_fullwidth_banner_xq8xPb","main","rich_text_eUGKGL","multicolumn_NhwfUz","rich_text_p8Pgzc","ss_fullwidth_banner_VGk9Li"]}