{"sections":{"rich_text_EPed8U":{"type":"rich-text","blocks":{"subheading_Bhytdx":{"type":"subheading","settings":{"text":"🎉 Successfully Signed Up for Early Access 🎉"}},"heading_aGLByt":{"type":"heading","settings":{"text":"You’re in! We’re thrilled that you’ve signed up for our exclusive Early Access.","size":"h3"}},"text_8tfWmq":{"type":"text","settings":{"text":"<p>Here’s what you can look forward to:<\/p><p>First Look: Get early access to our brand-new product before anyone else.<\/p><p>Exclusive Discount: Your special discount code for even bigger savings will be in your inbox soon.<\/p><p>Limited Offers: Be among the first to shop our upcoming sale!<\/p><p>Next Steps:<br\/>📬 Keep an eye on your inbox – we’ll be in touch as soon as it’s live!<\/p><p>Thank you for being part of the Jennah Organics family. Together, we’re starting 2025 with health, balance, and excitement!<\/p>","size":"text-size-regular"}},"button_7fK9Gz":{"type":"button","disabled":true,"settings":{"link_label":"Learn More","link":"","button_outline":false}}},"block_order":["subheading_Bhytdx","heading_aGLByt","text_8tfWmq","button_7fK9Gz"],"settings":{"section_width":"grid","text_width":"large","text_position":"center","text_alignment":"center","color_bg":"rgba(0,0,0,0)","color_text":"#151515","color_links":"#151515","disable_top_spacing":false,"disable_bottom_spacing":false}},"image_with_text_XUJrwb":{"type":"image-with-text","blocks":{"heading_QKECKV":{"type":"heading","settings":{"text":"Subscribe and save 15%","heading_size":"h3"}},"text_jCrRnk":{"type":"text","settings":{"text":"<p>Daily rituals lead to remarkable changes. Subscribe for essential support for your mood, hair, skin and our detox.<\/p>"}}},"block_order":["heading_QKECKV","text_jCrRnk"],"disabled":true,"settings":{"image":"shopify:\/\/shop_images\/Blog_Banner_for_Website_Content_1800_x_1260_px_1800_x_1260_px_2_bd39b67e-0bac-4d0c-92b2-0293cacf4a17.png","use_video":false,"video":"https:\/\/www.youtube.com\/watch?v=_9VUPq3SxOc","video_autoplay":false,"video_controls":false,"height":"large","desktop_image_width":"medium","section_width":"full-width-row-full","layout":"text_first","content_position":"text-left","color_bg":"#eceade","color_text":"#151515","color_border":"#e2e2e2","disable_top_spacing":true,"disable_bottom_spacing":false}},"multicolumn_y6dJkd":{"type":"multicolumn","blocks":{"column_RVX77D":{"type":"column","settings":{"image":"shopify:\/\/shop_images\/Bestel_nu_betaal_later_100_x_100_px_37.png","image_full_width":false,"retina":true,"title":"Start saving!","text":"<p>Save immediately: 15% off, free shipping every month, and exclusive access to promotions, health tips and VIP Support!<\/p>","link_label":"","link":""}},"column_nnTnEc":{"type":"column","settings":{"image":"shopify:\/\/shop_images\/Bestel_nu_betaal_later_100_x_100_px_38.png","image_full_width":false,"retina":true,"title":"Exclusive Access","text":"<p>Exclusive access to promotions and valuable health tips, including VIP Support and advisory group!<\/p>","link_label":"","link":""}},"column_yNdyVi":{"type":"column","settings":{"image":"shopify:\/\/shop_images\/Bestel_nu_betaal_later_100_x_100_px_36.png","image_full_width":false,"retina":true,"title":"Carefree management","text":"<p>Benefit from our stock guarantee and manage your subscription flexibly to suit your needs.<\/p>","link_label":"","link":""}},"column_efpx6J":{"type":"column","settings":{"image":"shopify:\/\/shop_images\/Bestel_nu_betaal_later_100_x_100_px_35.png","image_full_width":false,"retina":true,"title":"Healthy on Autopilot","text":"<p>Put your health first with our auto-delivery option.<\/p>","link_label":"","link":""}}},"block_order":["column_RVX77D","column_nnTnEc","column_yNdyVi","column_efpx6J"],"disabled":true,"settings":{"heading":"Benefits of Subscribing","heading_left":false,"description":"<p>Discover the Benefits of Our Subscription Program!<\/p>","full_width":true,"display_type":"grid","image_ratio":"adapt","columns_desktop":4,"text_alignment":"left","heading_size":"h5","mobile_swipe":false,"show_progress_bar":true,"disable_top_spacing":false,"disable_bottom_spacing":false}},"main":{"type":"main-page","disabled":true,"settings":{}},"testimonials_Q4aJaz":{"type":"testimonials","blocks":{"quote_CRkWBd":{"type":"quote","settings":{"stars":"5","text":"\"I have been subscribed to Jennah Organics' supplements for three months now and I feel a marked difference in my energy levels and overall well-being.\"","author":"Anouk V"}},"quote_fqRHU6":{"type":"quote","disabled":true,"settings":{"stars":"5","text":"\"The easy delivery and consistency of quality make the subscription absolutely worthwhile. Jennah Organics really thinks about the customer.\"","author":"Stefan J."}},"quote_8e3jc3":{"type":"quote","settings":{"stars":"5","text":"\"I love the exclusive promotions I get as a subscriber. The supplements are top notch, but the extra benefits make it even better!\"","author":"Miriam L."}},"quote_zVcAM4":{"type":"quote","disabled":true,"settings":{"stars":"5","text":"\"Thanks to the subscription, I don't have to keep reordering and also save money. Jennah Organics has changed my daily routine in the best sense of the word.\"","author":"Dennis R."}},"quote_WALtWg":{"type":"quote","disabled":true,"settings":{"stars":"5","text":"\"Subscribing to Jennah Organics was one of the best decisions for my health. The supplements are high quality and always delivered on time. Highly recommended!\"","author":"Fleur P."}}},"block_order":["quote_CRkWBd","quote_fqRHU6","quote_8e3jc3","quote_zVcAM4","quote_WALtWg"],"settings":{"full_width":true,"text_size":"small","pagination":"dots","autoplay":true,"autoplay_length":7,"color_bg":"#eceade","color_text":"#151515","disable_top_spacing":false,"disable_bottom_spacing":false}},"featured_collection_kLrTBb":{"type":"featured-collection","settings":{"heading":"Shop All Products","heading_left":false,"description":"","full_width":true,"collection":"shop-all","display_type":"grid","product_limit":12,"columns_desktop":4,"show_view_all":true,"mobile_swipe":true,"show_progress_bar":true,"disable_top_spacing":false,"disable_bottom_spacing":false}}},"order":["rich_text_EPed8U","image_with_text_XUJrwb","multicolumn_y6dJkd","main","testimonials_Q4aJaz","featured_collection_kLrTBb"]}