{"order":["breadcrumbs","main-product","521bd027-3516-40ea-bfcd-dfccab7a076a","4af37162-67cb-4d3e-9b7a-a8e396d8b7cb","e5fb4b67-6ca5-4027-9085-b24473de7a47","e93b4122-3384-42a8-a501-446494a076df","674829ae-dbfa-456c-8921-928718c60604","862181d3-4676-4452-b5d3-7d2c0c0e6f9f","1694761845babcf3b3","cfbf0b99-34c1-466d-ba31-d5ac9c5a5cb9","product-recommendations"],"sections":{"1694761845babcf3b3":{"settings":{},"type":"apps"},"4af37162-67cb-4d3e-9b7a-a8e396d8b7cb":{"block_order":["template--19144188330318__4af37162-67cb-4d3e-9b7a-a8e396d8b7cb-168763223374982917-1","1065e784-b33a-4306-952a-1b61e16a4259","6e4e4cd3-c0b1-4599-9e5f-cef73c69d948","c0fa7fa6-d2a2-4001-9481-5f3673da0f14"],"blocks":{"1065e784-b33a-4306-952a-1b61e16a4259":{"settings":{"button_1_link":"","button_1_outline":true,"button_1_text":"","button_2_link":"","button_2_outline":false,"button_2_text":"","content":"Bereik optimale darmgezondheid met onze geavanceerde kuur voor een gebalanceerde spijsvertering en een optimaal darmstelsel*. Ervaar algeheel welzijn en vitaliteit.","content_position":"middle-center","content_size":"medium","description_size":"small","heading":"Bereik optimale darmgezondheid","heading_size":"h2","overlay_color":"#000000","overlay_gradient":"linear-gradient(180deg, rgba(0, 0, 0, 0.1), rgba(0, 0, 0, 0.4) 100%)","overlay_opacity":70,"slide_link":"","subheading":"","text_alignment":"center","video":"https://www.youtube.com/watch?v=_9VUPq3SxOc","video_background":false},"type":"slide"},"6e4e4cd3-c0b1-4599-9e5f-cef73c69d948":{"settings":{"button_1_link":"","button_1_outline":false,"button_1_text":"","button_2_link":"","button_2_outline":false,"button_2_text":"","content":"Ontdek de kracht van pure kruideningrediënten voor optimale darmgezondheid*. Ervaar natuurlijke voordelen voor een gezonde spijsvertering en vitaal welzijn.","content_position":"middle-center","content_size":"medium","description_size":"small","heading":"Pure kruideningrediënten","heading_size":"h2","overlay_color":"#000000","overlay_gradient":"linear-gradient(180deg, rgba(0, 0, 0, 0.1), rgba(0, 0, 0, 0.4) 100%)","overlay_opacity":70,"slide_link":"","subheading":"","text_alignment":"center","video":"https://www.youtube.com/watch?v=_9VUPq3SxOc","video_background":false},"type":"slide"},"c0fa7fa6-d2a2-4001-9481-5f3673da0f14":{"settings":{"button_1_link":"","button_1_outline":false,"button_1_text":"","button_2_link":"","button_2_outline":false,"button_2_text":"","content":"Vaarwel moeizame toiletbezoeken! Ervaar zorgeloos comfort met onze fantastische oplossing. Geniet van moeiteloze trips naar het toilet en herwin je gemak.","content_position":"middle-center","content_size":"medium","description_size":"small","heading":"Vergemakkelijk je toiletbezoeken","heading_size":"h2","overlay_color":"#000000","overlay_gradient":"linear-gradient(180deg, rgba(0, 0, 0, 0.1), rgba(0, 0, 0, 0.4) 100%)","overlay_opacity":70,"slide_link":"","subheading":"","text_alignment":"center","video":"https://www.youtube.com/watch?v=_9VUPq3SxOc","video_background":false},"type":"slide"},"template--19144188330318__4af37162-67cb-4d3e-9b7a-a8e396d8b7cb-168763223374982917-1":{"settings":{"button_1_link":"","button_1_outline":false,"button_1_text":"","button_2_link":"","button_2_outline":false,"button_2_text":"","content":"Vergemakkelijk toiletbezoeken en bereik gemakkelijker je gewichtsdoelen* met onze geavanceerde kuur voor een verbeterde spijsvertering, minder opgeblazenheid en verhoogde energie.","content_position":"middle-center","content_size":"medium","description_size":"small","heading":"Bereik je gewichtsdoelen","heading_size":"h2","overlay_color":"#000000","overlay_gradient":"linear-gradient(180deg, rgba(0, 0, 0, 0.1), rgba(0, 0, 0, 0.4) 100%)","overlay_opacity":0,"slide_link":"","subheading":"","text_alignment":"center","video":"https://www.youtube.com/watch?v=_9VUPq3SxOc","video_background":false},"type":"slide"}},"disabled":true,"settings":{"autoplay":true,"autoplay_length":5,"desktop_height":"desktop-height-image","disable_bottom_spacing":true,"disable_top_spacing":true,"full_width":true,"mobile_height":"mobile-height-auto","transition":"swipe"},"type":"slideshow"},"521bd027-3516-40ea-bfcd-dfccab7a076a":{"block_order":["template--19144188330318__521bd027-3516-40ea-bfcd-dfccab7a076a-16876311672264bb7c-0","template--19144188330318__521bd027-3516-40ea-bfcd-dfccab7a076a-16876311672264bb7c-1","template--19144188330318__521bd027-3516-40ea-bfcd-dfccab7a076a-16876311672264bb7c-2","76cbea17-d1ca-4d3a-8b27-b2fbfdb583a4"],"blocks":{"76cbea17-d1ca-4d3a-8b27-b2fbfdb583a4":{"settings":{"heading":"VERGEMAKKELIJK JE TOILETBEZOEKEN","icon":"ruler","image":"shopify://shop_images/egula.png","text":""},"type":"icon"},"template--19144188330318__521bd027-3516-40ea-bfcd-dfccab7a076a-16876311672264bb7c-0":{"settings":{"heading":"BEREIK JE GEWICHTSDOELEN","icon":"none","image":"shopify://shop_images/Ontwerp_zonder_titel_-_2023-05-17T212928.115.png","text":""},"type":"icon"},"template--19144188330318__521bd027-3516-40ea-bfcd-dfccab7a076a-16876311672264bb7c-1":{"settings":{"heading":"OPTIMALE DARMGEZONDHEID BEREIKEN","icon":"ruler","image":"shopify://shop_images/egula_1.png","text":""},"type":"icon"},"template--19144188330318__521bd027-3516-40ea-bfcd-dfccab7a076a-16876311672264bb7c-2":{"settings":{"heading":"PURE KRUIDENINGREDIËNTEN","icon":"ruler","image":"shopify://shop_images/egula_2.png","text":""},"type":"icon"}},"disabled":true,"settings":{"color_bg":"#eceade","color_heading":"#2e2930","color_text":"#151515","disable_bottom_spacing":true,"disable_top_spacing":true,"heading_size":"small","icon_position":"left","icon_size":"large","mobile_swipe":true,"text_alignment":"left"},"type":"text-with-icons"},"674829ae-dbfa-456c-8921-928718c60604":{"block_order":["7773b99c-e3c6-4bbd-aa7a-5d9a471ead93"],"blocks":{"7773b99c-e3c6-4bbd-aa7a-5d9a471ead93":{"disabled":true,"settings":{"heading":"Organic Ashwagandha","paragraph":""},"type":"Ingredient"}},"disabled":true,"settings":{"background-color":"#edeae3","description":"Ontdek de schoonheid van arganolie™","title":"Jennah Organics®"},"type":"kopstorm-section-2"},"862181d3-4676-4452-b5d3-7d2c0c0e6f9f":{"block_order":["template--19144188330318__862181d3-4676-4452-b5d3-7d2c0c0e6f9f-16876359208c5bac1b-0","template--19144188330318__862181d3-4676-4452-b5d3-7d2c0c0e6f9f-16876359208c5bac1b-1","template--19144188330318__862181d3-4676-4452-b5d3-7d2c0c0e6f9f-16876359208c5bac1b-2","template--19144188330318__862181d3-4676-4452-b5d3-7d2c0c0e6f9f-16876359208c5bac1b-3","template--19144188330318__862181d3-4676-4452-b5d3-7d2c0c0e6f9f-16876359208c5bac1b-4","21d71794-2ddf-457a-b406-01d9c000fc33","4576634f-8ea3-400e-b0d7-3d5ea325c2e9","1081d08f-43b9-4ef7-8b6a-58e2e8ec8596","11e7a9f5-5853-44fb-beca-b78e4b7b6ae4","15666c27-0f10-4803-87db-aaadac0fd4b5","9619a13d-b470-459b-a8d3-60181c5df605"],"blocks":{"1081d08f-43b9-4ef7-8b6a-58e2e8ec8596":{"settings":{"content":"\u003cp\u003eOnze Flat Belly product is momenteel alleen beschikbaar in capsule vorm. U kunt de capsules echter gemakkelijk openen en het poeder mengen met water, sap, een smoothie of een ander drankje van uw keuze. Wij raden het gebruik van het product met een volledig glas water om te zorgen voor een goede hydratatie en om te helpen het lichaam spoelen uit toxines. Als u enige zorgen of vragen over de beste manier om onze dikke darm reinigen product, aarzel dan niet om contact met ons op.\u003c/p\u003e","heading":"Kan ik de Flat Belly in poedervorm in plaats van capsules nemen?","open":false,"page":""},"type":"collapsible_tab"},"11e7a9f5-5853-44fb-beca-b78e4b7b6ae4":{"settings":{"content":"\u003cp\u003eOnze aanbevolen dosering is 2 capsules voor het slapengaan, maar u kunt maximaal 3 capsules per dag nemen indien nodig. Het is echter het beste om te beginnen met een capsule per dag en je weg omhoog te werken om de optimale dosering te vinden die de gewenste voordelen voor je biedt. De effecten kunnen variëren van persoon tot persoon, dus het is belangrijk om te vinden wat het beste voor je werkt.\u003c/p\u003e","heading":"Moet ik elke keer voor het slapengaan 2 capsules nemen, of kan ik ook 1 nemen?","open":false,"page":""},"type":"collapsible_tab"},"15666c27-0f10-4803-87db-aaadac0fd4b5":{"settings":{"content":"\u003cp\u003eHet Flat Belly product kan helpen gewichtsverlies door het hele lichaam te bevorderen, niet alleen in de buik. De ingrediënten in het product ondersteunen een gezonde spijsvertering en eliminatie, wat kan leiden tot algehele gewichtsverlies en een slanker uiterlijk.\u003c/p\u003e","heading":"Zal Flat Belly me alleen helpen om af te vallen in mijn buik of in mijn hele lichaam?","open":false,"page":""},"type":"collapsible_tab"},"21d71794-2ddf-457a-b406-01d9c000fc33":{"settings":{"content":"\u003cp\u003eHet wordt niet aanbevolen om een ​​platte buik te gebruiken tijdens zwangerschap of borstvoeding. Hoewel gember, aloë vera en Burdock over het algemeen als veilig worden beschouwd voor consumptie tijdens zwangerschap en borstvoeding, is bekend dat Cascara en Senna Leaf laxatieve effecten hebben en contracties in de baarmoeder kunnen veroorzaken.\u003c/p\u003e\u003cp\u003eDeze effecten kunnen mogelijk schadelijk zijn voor de zich ontwikkelende foetus of verpleegkundige baby, en daarom wordt het niet aanbevolen om een ​​platte buik te gebruiken tijdens de zwangerschap of borstvoeding.\u003c/p\u003e","heading":"Is het veilig om Flat Belly te gebruiken tijdens de zwangerschap of borstvoeding?","open":false,"page":""},"type":"collapsible_tab"},"4576634f-8ea3-400e-b0d7-3d5ea325c2e9":{"settings":{"content":"\u003cp\u003eNee, wij raden het gebruik van ons Flat Belly-Colon Cleanse product af voor kinderen jonger dan 18-jarig. Ons product bevat een krachtige mix van natuurlijke ingrediënten, waaronder aloë vera, gember, klis, cascara en senna, die te sterk kunnen zijn voor jonge kinderen.\u003c/p\u003e","heading":"Kunnen kinderen het Flat Belly-product gebruiken?","open":false,"page":""},"type":"collapsible_tab"},"9619a13d-b470-459b-a8d3-60181c5df605":{"disabled":true,"settings":{"content":"","heading":"Collapsible row","open":false,"page":""},"type":"collapsible_tab"},"template--19144188330318__862181d3-4676-4452-b5d3-7d2c0c0e6f9f-16876359208c5bac1b-0":{"settings":{"content":"\u003cp\u003eFlat Belly is 100% veilig en gebruikt natuurlijke ingrediënten om het lichaam veilig van binnenuit te reinigen.\u003c/p\u003e","heading":"Is Flat Belly veilig?","open":false,"page":""},"type":"collapsible_tab"},"template--19144188330318__862181d3-4676-4452-b5d3-7d2c0c0e6f9f-16876359208c5bac1b-1":{"settings":{"content":"\u003cp\u003eAbsoluut! De meeste van onze klanten zien een bijna onmiddellijke afvlakking van de buik als gevolg van het afscheiden van opgehoopt afval en het verminderen van opgeblazen gevoel en vochtretentie.\u003c/p\u003e","heading":"Is het waar dat Flat Belly je kan helpen afvallen?","open":false,"page":""},"type":"collapsible_tab"},"template--19144188330318__862181d3-4676-4452-b5d3-7d2c0c0e6f9f-16876359208c5bac1b-2":{"settings":{"content":"\u003cp\u003eDe Flat Belly is voor dertig dagen. Na 30 dagen raden wij u aan om twee weken pauze te nemen voordat u de cleanse opnieuw gebruikt.\u003c/p\u003e","heading":"Hoe lang kan ik Flat Belly gebruiken?","open":false,"page":""},"type":"collapsible_tab"},"template--19144188330318__862181d3-4676-4452-b5d3-7d2c0c0e6f9f-16876359208c5bac1b-3":{"settings":{"content":"\u003cp\u003eEr wordt algemeen aangenomen dat het lichaam te allen tijde tussen de 5 en 20 pond overtollig afval in uw darmen draagt. Alle gifstoffen die kunnen voortvloeien uit voedsel, water of het milieu en kunnen zich ophopen in de darmen. Naar onze mening is het belangrijk om ze sneller uit te scheiden om het lichaam op topprestaties te houden.\u003c/p\u003e","heading":"Helpt Flat Belly gifstoffen te verwijderen?","open":false,"page":""},"type":"collapsible_tab"},"template--19144188330318__862181d3-4676-4452-b5d3-7d2c0c0e6f9f-16876359208c5bac1b-4":{"settings":{"content":"\u003cp\u003eAbsoluut! Flat Belly helpt gifstoffen te verwijderen en ze op natuurlijke wijze uit het lichaam op te bouwen. Uw darmgezondheid is uiterst belangrijk en dit is waar de meeste cellen van uw immuunsysteem en neurotransmitters worden gemaakt. Wanneer je de darmgezondheid verbetert, kun je verwachten dat je je fysiek en mentaal NIETS beter voelt. Je moet je scherper, minder vermoeid voelen en een algeheel gevoel van verbetering hebben voor je welzijn gedurende de dag.\u003c/p\u003e","heading":"Zal Flat Belly ervoor zorgen dat ik me mentaal en fysiek beter voel?","open":false,"page":""},"type":"collapsible_tab"}},"disabled":true,"settings":{"description":"","disable_bottom_spacing":true,"disable_top_spacing":true,"heading":"Meest gestelde vragen","uppercase_heading":false},"type":"collapsible-content"},"breadcrumbs":{"settings":{},"type":"breadcrumbs"},"cfbf0b99-34c1-466d-ba31-d5ac9c5a5cb9":{"block_order":["template--19144188330318__cfbf0b99-34c1-466d-ba31-d5ac9c5a5cb9-1687636829feb865c0-0","template--19144188330318__cfbf0b99-34c1-466d-ba31-d5ac9c5a5cb9-1687636829feb865c0-1","template--19144188330318__cfbf0b99-34c1-466d-ba31-d5ac9c5a5cb9-1687636829feb865c0-2","template--19144188330318__cfbf0b99-34c1-466d-ba31-d5ac9c5a5cb9-1687636829feb865c0-3"],"blocks":{"template--19144188330318__cfbf0b99-34c1-466d-ba31-d5ac9c5a5cb9-1687636829feb865c0-0":{"settings":{"image":"shopify://shop_images/Ontwerp_zonder_titel_75.jpg","image_full_width":false,"link":"","link_label":"","retina":false,"text":"","title":""},"type":"column"},"template--19144188330318__cfbf0b99-34c1-466d-ba31-d5ac9c5a5cb9-1687636829feb865c0-1":{"settings":{"image":"shopify://shop_images/Ontwerp_zonder_titel_-_2023-03-10T132236.625.png","image_full_width":false,"link":"","link_label":"","retina":true,"text":"","title":""},"type":"column"},"template--19144188330318__cfbf0b99-34c1-466d-ba31-d5ac9c5a5cb9-1687636829feb865c0-2":{"settings":{"image":"shopify://shop_images/Zonder_titel_800_x_500_px_800_x_800_px.jpg","image_full_width":false,"link":"","link_label":"","retina":true,"text":"","title":""},"type":"column"},"template--19144188330318__cfbf0b99-34c1-466d-ba31-d5ac9c5a5cb9-1687636829feb865c0-3":{"settings":{"image":"shopify://shop_images/Zonder_titel_800_x_500_px_800_x_800_px_2.jpg","image_full_width":false,"link":"","link_label":"","retina":true,"text":"","title":""},"type":"column"}},"disabled":true,"settings":{"columns_desktop":4,"description":"\u003cp\u003eWith over 100,000 jars sold worldwide Jennah Organics® has helped thousands of people get their health back on track through natural herbs that have been used for thousands of years for various health purposes.\u003c/p\u003e","disable_bottom_spacing":false,"disable_top_spacing":false,"display_type":"grid","full_width":true,"heading":"Loved and used worldwide","heading_left":false,"heading_size":"h5","image_ratio":"adapt","mobile_swipe":true,"show_progress_bar":true,"text_alignment":"left"},"type":"multicolumn"},"e5fb4b67-6ca5-4027-9085-b24473de7a47":{"disabled":true,"settings":{"background-color":"#edeae3","description":"Onderzoek de Bron, Dosering, Vorm™","heading":"Casara Sagrada","heading2":"Gember","heading3":"Burdock Root","heading4":"Aloe Vera","heading5":"Organic Ashwagandha","image":"shopify://shop_images/Ontwerp_zonder_titel_-_2023-05-19T164516.734.png","image2":"shopify://shop_images/Ontwerp_zonder_titel_-_2023-06-01T195455.688.png","image3":"shopify://shop_images/Ontwerp_zonder_titel_-_2023-05-19T170902.766.png","image4":"shopify://shop_images/Ontwerp_zonder_titel_-_2023-05-19T164158.959.png","paragraph":"\u003cp\u003e\u003cstrong\u003eBron:\u003c/strong\u003e Noord-Amerikaanse Cascara Sagrada boom.\u003c/p\u003e\u003cp\u003e\u003cstrong\u003eOorsprong: \u003c/strong\u003eOrigineel noordwesten: Cascara Sagrada, Sacred Bark Thrives.\u003c/p\u003e\u003cp\u003e\u003cstrong\u003eVoordelen:\u003c/strong\u003e Historische remedie gekoesterd voor spijsverteringsondersteuning.\u003c/p\u003e","paragraph2":"\u003cp\u003e\u003cstrong\u003eBron:\u003c/strong\u003e Gember is afkomstig van de wortelstok van de Zingiber officinale plant.\u003c/p\u003e\u003cp\u003e\u003cstrong\u003eOorsprong: \u003c/strong\u003eGember heeft zijn oorsprong in Zuidoost-Azië en wordt nu gekweekt in verschillende delen van de wereld.\u003c/p\u003e\u003cp\u003e\u003cstrong\u003eVoordelen: \u003c/strong\u003eGember ondersteunt de gezondheid van de dikke darm door ontstekingen te verminderen, de spijsvertering te ondersteunen en ontgifting te bevorderen.\u003c/p\u003e","paragraph3":"\u003cp\u003e\u003cstrong\u003eBron:\u003c/strong\u003e Burdock komt van de wortels van de Burdockplant (Arctium lappa).\u003c/p\u003e\u003cp\u003e\u003cstrong\u003eOorsprong: \u003c/strong\u003eBurdock heeft een lange geschiedenis van gebruik in de traditionele Chinese en Ayurvedische geneeskunde en is inheems in Europa en Azië..\u003c/p\u003e\u003cp\u003e\u003cstrong\u003eVoordelen: \u003c/strong\u003eBurdock wordt gewaardeerd om zijn potentieel om de gezondheid van de dikke darm te reinigen en te ondersteunen.\u003c/p\u003e","paragraph4":"\u003cp\u003e\u003cstrong\u003eBron: \u003c/strong\u003eAloë Vera plant, bekend om zijn gelgevulde bladeren met tal van gezondheidsvoordelen.\u003c/p\u003e\u003cp\u003e\u003cstrong\u003eOorsprong: \u003c/strong\u003eHij komt uit het Arabische schiereiland, maar wordt nu wereldwijd gekweekt vanwege zijn medicinale en huidverzorgende eigenschappen.\u003c/p\u003e\u003cp\u003e\u003cstrong\u003eVoordelen: \u003c/strong\u003eAloë vera helpt de darm te kalmeren en te ondersteunen door ontstekingen te verminderen en een gezonde spijsvertering te bevorderen.\u003c/p\u003e","paragraph5":"","show-ingredient1":true,"show-ingredient2":true,"show-ingredient3":true,"show-ingredient4":true,"show-ingredient5":false,"title":"Binnenin Flat Belly®"},"type":"kopstorm-section-1"},"e93b4122-3384-42a8-a501-446494a076df":{"block_order":["template--19144188330318__e93b4122-3384-42a8-a501-446494a076df-1687632013348b44b3-1","template--19144188330318__e93b4122-3384-42a8-a501-446494a076df-1687632013348b44b3-2"],"blocks":{"template--19144188330318__e93b4122-3384-42a8-a501-446494a076df-1687632013348b44b3-1":{"disabled":true,"settings":{"heading_size":"h3","text":"Hoe te gebruiken?"},"type":"heading"},"template--19144188330318__e93b4122-3384-42a8-a501-446494a076df-1687632013348b44b3-2":{"disabled":true,"settings":{"text":"\u003cp\u003e\u003cstrong\u003e1. \u003c/strong\u003eNeem 1-2 capsules voor het slapengaan met water. Pas de inname aan op 1-3 capsules per dag indien nodig voor de gewenste resultaten.\u003c/p\u003e\u003cp\u003e\u003cstrong\u003e2. \u003c/strong\u003eNa 6-12 uur begint het effect effect te hebben.\u003cbr/\u003e\u003c/p\u003e\u003cp\u003e\u003cstrong\u003e3. \u003c/strong\u003eGeniet van een effectieve overgang naar een gezonder darmkanaal en een verhoogd metabolisme.\u003c/p\u003e"},"type":"text"}},"disabled":true,"settings":{"color_bg":"#fafaf8","color_border":"#e2e2e2","color_text":"#151515","content_position":"text-left","desktop_image_width":"medium","disable_bottom_spacing":false,"disable_top_spacing":false,"height":"adapt","layout":"image_first","section_width":"full-width-row","use_video":false,"video":"https://www.youtube.com/watch?v=_9VUPq3SxOc","video_autoplay":true,"video_controls":true},"type":"image-with-text"},"main-product":{"block_order":["7d598c40-a18a-46d4-9dce-2dcbad10c43c","58ad45ab-6593-4428-a9ed-b7ef4861f403","title","ce3c566d-53f9-43ee-a41c-54221cbc4e5b","d58ab942-9a3a-4cb7-8777-fe8d3dd1e948","0b3e272b-c86a-4dba-946c-c6912251371c","buy_buttons","checkmark_piNetw","f0d9a32b-a510-48f9-a111-bae7ec904d43","fe5e189b-a30d-4a43-a64f-e76ae47ff5ee","46d4765d-742b-43ac-8487-796a1243b987","9857908c-28ae-4b8a-843d-a73950421d74","45759a07-51f7-4760-92b6-8895071e5432","95000945-e546-4ba7-ac48-cbc791770b64","f3674f15-8e45-45d7-8d31-eeda74b909de","95b7e00a-0453-4eb0-9cf0-1dae84d8b822","1ceb3c75-ea55-49c5-a3cf-a8beb3af5f06","e5b7c27e-9b0c-4f3d-9990-bd450a7fdfbd","b712e484-6f2a-44fa-9d63-491e55e1c154","dc31ad89-bb60-415f-9f5b-370a02a2f88e"],"blocks":{"0b3e272b-c86a-4dba-946c-c6912251371c":{"settings":{},"type":"description"},"1ceb3c75-ea55-49c5-a3cf-a8beb3af5f06":{"disabled":true,"settings":{"content":"","heading":"Reviews","open":true,"page":""},"type":"collapsible_tab"},"45759a07-51f7-4760-92b6-8895071e5432":{"disabled":true,"settings":{"color_picker":true,"picker_type":"button","sizing_guide_icon":"ruler","sizing_guide_page":"","sizing_guide_text":"Sizing guide","variant_is_disabled":true},"type":"variant_picker"},"46d4765d-742b-43ac-8487-796a1243b987":{"settings":{"bottom-margin":15,"checkmark-color":"#000000","checkmark-tekst":"Vegan, Organic, Gluten-free","height":10,"image":"shopify://shop_images/icon-check-brown.svg","top-margin":15},"type":"checkmark"},"58ad45ab-6593-4428-a9ed-b7ef4861f403":{"settings":{"custom_liquid":"{% render 'kopstorm-snippet-1' %}"},"type":"custom_liquid"},"7d598c40-a18a-46d4-9dce-2dcbad10c43c":{"disabled":true,"settings":{"custom_liquid":"\u003cdiv style=\"margin-bottom: 15px;\" class=\"desktop-trust\"\u003e\n  \n\u003cdiv style=\"display:flex; flex-direction: row; gap: 10px;\"\u003e\n\u003cimg style=\"width:100px;\" src=\"https://cdn.shopify.com/s/files/1/0554/5453/1633/files/stars_1.svg?v=1671197306\"\u003e\n\u003ca style=\"text-decoration: none; color: #3a251f; font-size:16px;\" href=\"#trustpilot-banner\"\u003e\u003cspan\u003e\u003cls-static-556480\u003eView recent\u003c/ls-static-556480\u003e \u003cspan style=\"text-decoration:underline;\"\u003e\u003cls-static-790007\u003ereviews.\u003c/ls-static-790007\u003e\u003c/span\u003e\u003c/span\u003e\u003c/a\u003e\n\u003c/div\u003e\n  \n\u003c/div\u003e\n\n\u003cdiv style=\"margin-bottom: 15px;\" class=\"mobile-trust\"\u003e\n\n\u003cdiv style=\"display:flex; flex-direction: row; gap: 10px;\"\u003e\n\u003cimg style=\"width:100px;\" src=\"https://cdn.shopify.com/s/files/1/0554/5453/1633/files/stars_1.svg?v=1671197306\"\u003e\n\u003ca style=\"text-decoration: none; color: #3a251f; font-size:16px;\" href=\"#trustpilot-banner-mobile\"\u003e\u003cspan\u003e\u003cls-static-343772\u003eView recent\u003c/ls-static-343772\u003e \u003cspan style=\"text-decoration:underline;\"\u003e\u003cls-static-330837\u003ereviews.\u003c/ls-static-330837\u003e\u003c/span\u003e\u003c/span\u003e\u003c/a\u003e\n\u003c/div\u003e\n\n\u003c/div\u003e\n\n\u003cstyle\u003e\n  .mobile-trust {\n    display: none;\n  }\n  .desktop-trust {\n    display: block;\n  }\n@media screen and (max-width: 767px) {\n  .mobile-trust {\n    display: block;\n  }\n  .desktop-trust {\n    display: none;\n  }\n}\n\u003c/style\u003e"},"type":"custom_liquid"},"95000945-e546-4ba7-ac48-cbc791770b64":{"disabled":true,"settings":{"text":"♥ Support sick children: 1% of every order donated","text_style":"style_vendor"},"type":"text"},"95b7e00a-0453-4eb0-9cf0-1dae84d8b822":{"disabled":true,"settings":{"side_panel_1_content":"\u003cp\u003e\u003cstrong\u003e**Effectieve Darmreiniging voor Optimale Spijsvertering en Gewichtsverlies**\u003c/strong\u003e\u003cbr/\u003e\u003cbr/\u003eSpoel Toxines en Afvalstoffen weg met de Kracht van Flat Belly®. Ervaar de Effectieve Reinigingskracht van Flat Belly terwijl het* Toxines en Afvalstoffen uit je Darmen Spoelt, wat zorgt voor een Betere Spijsvertering en Sneller Gewichtsverlies.\u003cbr/\u003e\u003cbr/\u003e\u003cstrong\u003e**Vaarwel Opgeblazen Gevoel en Obstipatie**\u003c/strong\u003e\u003cbr/\u003e\u003cbr/\u003eZeg Dag tegen Problemen met Opgeblazen Gevoel en Obstipatie en Verwelkom een Plattere en Getonede Buik met de Krachtige Formule van Flat Belly®.\u003cbr/\u003e\u003cbr/\u003e\u003cstrong\u003e**Veilige en Zachte Reiniging met Natuurlijke Ingrediënten**\u003c/strong\u003e\u003cbr/\u003e\u003cbr/\u003eEen Zachte en Comfortabele Reinigingservaring. Geniet van een Comfortabele en Effectieve Reinigingservaring met Flat Belly® dankzij de Natuurlijke Ingrediënten die Veilig en Zacht zijn voor je Lichaam.\u003cbr/\u003e\u003cbr/\u003e\u003cstrong\u003e**Omarm de Voordelen van een Gezondere Darm**\u003c/strong\u003e\u003cbr/\u003e\u003cbr/\u003eOntdek de Transformatieve Voordelen van een Gezondere Darm, Verbeterde Spijsvertering en Versterkt Gewichtsverlies met Flat Belly®. Ervaar het Verschil met Flat Belly en Begin Vandaag nog aan je Reis naar een Slanker en Gezonder Lichaam.\u003c/p\u003e","side_panel_1_icon":"none","side_panel_1_label":"Beschrijving","side_panel_1_page":"","side_panel_2_content":"\u003cp\u003e\u003cstrong\u003eFlat Belly Darm Detox - Klinisch bewezen voordelen:\u003c/strong\u003e\u003c/p\u003e\u003cp\u003e\u003cem\u003eZorgt binnen 1 week voor een plattere buik*\u003c/em\u003e\u003c/p\u003e\u003cul\u003e\u003cli\u003e Verlicht constipatie en bevordert een gezonde darmfunctie*\u003c/li\u003e\u003cli\u003e Geeft een egaler uitziende huid*\u003c/li\u003e\u003cli\u003eReinigt de darmen grondig van opgebouwde afvalstoffen*\u003c/li\u003e\u003cli\u003eVerbetert de spijsvertering en bevordert een gezond gewichtsverlies*\u003c/li\u003e\u003cli\u003eVerhoogt de energie en vitaliteit*\u003c/li\u003e\u003cli\u003eOndersteunt een gezond immuunsysteem en beschermt tegen ziekte*\u003c/li\u003e\u003cli\u003eVerbetert de opname van voedingsstoffen voor een optimale voeding*\u003c/li\u003e\u003cli\u003eBevordert een gezonde balans van darmbacteriën voor een betere algehele gezondheid*\u003c/li\u003e\u003c/ul\u003e","side_panel_2_icon":"none","side_panel_2_label":"Voordelen","side_panel_2_page":"shipping","side_panel_3_content":"\u003cp\u003e\u003cstrong\u003eDeze speciale kruidenmix zorgt ervoor dat je je lichter voelt na 6-12 uur gebruik van de Colon Cleanse\u003c/strong\u003e\u003c/p\u003e\u003cul\u003e\u003cli\u003eAloë vera (Aloë vera, Latex) Aloë vera helpt de darmflora in evenwicht te brengen. Het is nuttig in gevallen van prikkelbare darmsyndroom en is een laxeermiddel waarvan bekend is dat het helpt parasieten uit het spijsverteringskanaal te verdrijven.\u003cbr/\u003e\u003c/li\u003e\u003cli\u003eSenna (Senna alexandrina, Leaf) Senna bevat antrachinon, dat bekend staat om zijn krachtige laxerende werking. Deze antrachinonen zijn ook zeer effectief in het reinigen van de dikke darm, wat niet alleen uitstekend is voor het ontgiften van het spijsverteringsstelsel, maar ook voor het voorbereiden van de dikke darm op procedures zoals een colonoscopie.\u003cbr/\u003e\u003c/li\u003e\u003cli\u003eKles (Kles extract) Kles wortel bevat inuline, een oplosbare en prebiotische vezel die helpt de spijsvertering te verbeteren. Inuline werkt als voedsel voor gezonde darmbacteriën en helpt ontstekingen te reguleren en gifstoffen uit het lichaam te verwijderen.\u003cbr/\u003e\u003c/li\u003e\u003cli\u003eCascara (Rhamnus purshiana oude schors) De actieve ingrediënten van Cascara Sagrada stimuleren de darmwand en verlichten een trage dikke darm. De combinatie van zowel psyllium (als bulkmiddel) als Cascara (als stimulerend laxeermiddel) is essentieel voor een effectief darmreinigingsprogramma.\u003cbr/\u003e\u003c/li\u003e\u003cli\u003eGember (Zingiber) Gember wordt gebruikt in de meeste ontgiftingsprogramma's omdat het het lichaam reinigt door spijsvertering, circulatie en zweten te stimuleren. De spijsvertering dient om de ophoping van afval en gifstoffen in de dikke darm, lever en andere organen te reinigen.\u003cbr/\u003e\u003cstrong\u003e\u003cbr/\u003eAlle ingrediënten zijn (Biologisch, Glutenvrij, Veganistisch)\u003c/strong\u003e\u003c/li\u003e\u003c/ul\u003e","side_panel_3_icon":"none","side_panel_3_label":"ingrediënten","side_panel_3_page":"care-guide"},"type":"side_panel"},"9857908c-28ae-4b8a-843d-a73950421d74":{"disabled":true,"settings":{"bottom-margin":33,"checkmark-color":"#000000","checkmark-tekst":"\u003cb\u003eVegan, Organic, Gluten-free\u003c/b\u003e","height":10,"top-margin":15},"type":"checkmark"},"b712e484-6f2a-44fa-9d63-491e55e1c154":{"disabled":true,"settings":{"content":"\u003cp\u003eExposure to unhealthy food, polluted air, and various other environmental factors means our bodies accumulate harmful substances daily. \u003c/p\u003e\u003cp\u003eDetoxification helps eliminate these, ushering in improved health, vitality, and a sense of lightness. \u003c/p\u003e\u003cp\u003eWith the Jenatic cleaning package, you're on the right path to rejuvenating your body.\u003c/p\u003e","heading":"Why Detox?","open":false,"page":""},"type":"collapsible_tab"},"buy_buttons":{"settings":{"show_dynamic_checkout":false,"show_gift_card_recipient":false,"show_quantity_selector":true},"type":"buy_buttons"},"ce3c566d-53f9-43ee-a41c-54221cbc4e5b":{"disabled":true,"settings":{"text":"\u003cb\u003eFULL BODY DETOX BUNDLE\u003c/b\u003e","text_style":"style_body"},"type":"text"},"checkmark_piNetw":{"settings":{"bottom-margin":15,"checkmark-color":"#000000","checkmark-tekst":"Pay later with Klarna","height":20,"image":"shopify://shop_images/klarna.jpg","top-margin":15},"type":"checkmark"},"d58ab942-9a3a-4cb7-8777-fe8d3dd1e948":{"settings":{"text":"Temporarily free: 30-day Diet eBook with purchase! 📘","text_style":"style_body"},"type":"text"},"dc31ad89-bb60-415f-9f5b-370a02a2f88e":{"disabled":true,"settings":{"content":"\u003cul\u003e\u003cli\u003eEconomical compared to individual purchases.\u003c/li\u003e\u003cli\u003eTailored combinations for optimal results.\u003c/li\u003e\u003cli\u003eAssured correct dosages.\u003c/li\u003e\u003cli\u003eSafe product combinations.\u003c/li\u003e\u003cli\u003eSynergistic effects across supplements.\u003c/li\u003e\u003c/ul\u003e\u003cp\u003e\u003cstrong\u003eNeed Advice?\u003c/strong\u003e\u003c/p\u003e\u003cp\u003eQuestions or need guidance? We're here to help! Contact us for any clarifications or recommendations.\u003c/p\u003e","heading":"Why Choose the Bundle?","open":false,"page":""},"type":"collapsible_tab"},"e5b7c27e-9b0c-4f3d-9990-bd450a7fdfbd":{"disabled":true,"settings":{"content":"\u003col\u003e\u003cli\u003e\u003cstrong\u003eFlat Belly - Colon Cleanse:\u003c/strong\u003e Say goodbye to bloating and unwanted waste. Cleanse and feel a renewed sense of lightness!\u003c/li\u003e\u003cli\u003e\u003cstrong\u003eLiver Cleanse:\u003c/strong\u003e Daily toxins burden our liver. Regular detoxification ensures its optimal function.\u003c/li\u003e\u003cli\u003e\u003cstrong\u003eGut Restore:\u003c/strong\u003e Strengthen your intestinal microbiome with this natural and additive-free spice mix from Jennah Organics, best consumed as tea.\u003c/li\u003e\u003cli\u003e\u003cstrong\u003eDeep Sleep:\u003c/strong\u003e Essential for the natural detox process, this blend guarantees restful sleep, supporting the body's renewal.\u003c/li\u003e\u003c/ol\u003e","heading":"Products Breakdown","open":false,"page":""},"type":"collapsible_tab"},"f0d9a32b-a510-48f9-a111-bae7ec904d43":{"settings":{"bottom-margin":10,"checkmark-color":"#2e3192","checkmark-tekst":"30-day money-back guarantee","height":10,"image":"shopify://shop_images/icon-check-brown.svg","top-margin":10},"type":"checkmark"},"f3674f15-8e45-45d7-8d31-eeda74b909de":{"settings":{"custom_liquid":"{% render 'kopstorm-snippet-2' %}"},"type":"custom_liquid"},"fe5e189b-a30d-4a43-a64f-e76ae47ff5ee":{"settings":{"bottom-margin":15,"checkmark-color":"#000000","checkmark-tekst":"Delivered within 2 days","height":10,"image":"shopify://shop_images/icon-check-brown.svg","top-margin":15},"type":"checkmark"},"title":{"settings":{"show_products_rating":false,"uppercase":true},"type":"title"}},"settings":{"display_captions":true,"display_slider_pagination":true,"enable_sticky_add_to_cart":false,"enable_sticky_info":false,"enable_video_looping":false,"full_width":true,"hide_variants":true,"lightbox":false,"media_aspect_ratio":"adapt","media_layout":"collage","name-1":"Iris Peeters","name-2":"Helen","name-3":"Sarah H.","name-4":"Kurt B.","name-5":"Sandra P.","name-6":"Marion A.","name-7":"Charlotte A.","name-8":"Femke J.","name-9":"Henny E.","review-1":"Eindelijk minder opgeblazen en gereguleerde spijsvertering. Doet wat het moet doen voor de darmen.","review-2":"Ik heb dit product meerdere keren besteld. Het liet me meer dan 2 kg gewicht verliezen binnen een week! Het doet wat het belooft.","review-3":"De dikke darm detox doet uitstekend werk. Ik heb het al een hele tijd gebruikt en ik voel me veel beter. Ik kan zelfs nu weer gluten verdragen. Ik verlies zelfs gewicht met het poeder.","review-4":"Ik ben nu klaar met mijn tweede detox. De detoxen hadden een zeer goed effect op zowel mijn spijsvertering als mijn huid. Het is gelijkmatiger geworden.","review-5":"Ik slik elke dag 2 en de volgende dag voel ik me zo licht. Ik zal deze voor altijd gebruiken. Ik heb veel spijsverteringshulpmiddelen geprobeerd, maar wauw, dit is een goed product.","review-6":"Normaal laat ik geen beoordelingen achter, maar dit werkt echt heel goed voor mij.","review-7":"Deze detox doet wat ze beweren te doen. Nadat ik begon dit te gebruiken, Ik ging naar de badkamer 2 keer per dag.","review-8":"Ik gebruik dit voor constipatie. Ik heb regelmatig urineweginfecties, dus ben ik overgestapt op deze colonreiniger en ik moet eerlijk zeggen dat het werkt. Ik ga vaker naar het toilet en is een soort opluchting.","review-9":"Ik was erg blij om de resultaten in een week en nog meer in een maand te zien. Ik heb momenteel niet langer last van het prikkelbare darmsyndroom, wat vroeger erg slecht bij me was.","show_taxes_included":false,"social-proof-box":false,"social-proof-box-image":"shopify://shop_images/Ontwerp_zonder_titel_-_2023-06-24T200427.087.png","social-proof-box-text":"\u003cp\u003e\u003cem\u003e\"Het is nu al de tweede keer dat ik de Darm Detox gebruik. \u003c/em\u003e\u003cem\u003e\u003cstrong\u003eIk viel al na een week 2 kilo af!\" - Kim B.\u003c/strong\u003e\u003c/em\u003e\u003c/p\u003e","title-1":"Ik ben er erg blij mee.","title-2":"Het doet wat het belooft.","title-3":"Geweldig product.","title-4":"Een soepeler huid.","title-5":"Ik voel me zo licht.","title-6":"Ik kan er nu niet meer zonder.","title-7":"Werkt geweldig.","title-8":"Wat een opluchting!","title-9":"Na slechts één week, resultaten."},"type":"main-product"},"product-recommendations":{"settings":{"description":"","disable_bottom_spacing":true,"disable_top_spacing":false,"full_width":true,"heading":"Others also bought","heading_left":true,"mobile_swipe":true},"type":"product-recommendations"}}}