{"sections":{"breadcrumbs":{"type":"breadcrumbs","settings":{}},"main-product":{"type":"main-product","blocks":{"7d598c40-a18a-46d4-9dce-2dcbad10c43c":{"type":"custom_liquid","settings":{"custom_liquid":"<div style=\"margin-bottom: 15px;\" class=\"desktop-trust\">\n  \n<div style=\"display:flex; flex-direction: row; gap: 10px;\">\n<img style=\"width:100px;\" src=\"https:\/\/cdn.shopify.com\/s\/files\/1\/0554\/5453\/1633\/files\/stars_1.svg?v=1671197306\">\n<a style=\"text-decoration: none; color: #3a251f; font-size:16px;\" href=\"#trustpilot-banner\"><span><ls-static-556480>View recent<\/ls-static-556480> <span style=\"text-decoration:underline;\"><ls-static-790007>reviews.<\/ls-static-790007><\/span><\/span><\/a>\n<\/div>\n  \n<\/div>\n\n<div style=\"margin-bottom: 15px;\" class=\"mobile-trust\">\n\n<div style=\"display:flex; flex-direction: row; gap: 10px;\">\n<img style=\"width:100px;\" src=\"https:\/\/cdn.shopify.com\/s\/files\/1\/0554\/5453\/1633\/files\/stars_1.svg?v=1671197306\">\n<a style=\"text-decoration: none; color: #3a251f; font-size:16px;\" href=\"#trustpilot-banner-mobile\"><span><ls-static-343772>View recent<\/ls-static-343772> <span style=\"text-decoration:underline;\"><ls-static-330837>reviews.<\/ls-static-330837><\/span><\/span><\/a>\n<\/div>\n\n<\/div>\n\n<style>\n  .mobile-trust {\n    display: none;\n  }\n  .desktop-trust {\n    display: block;\n  }\n@media screen and (max-width: 767px) {\n  .mobile-trust {\n    display: block;\n  }\n  .desktop-trust {\n    display: none;\n  }\n}\n<\/style>"}},"58ad45ab-6593-4428-a9ed-b7ef4861f403":{"type":"custom_liquid","settings":{"custom_liquid":"{% render 'kopstorm-snippet-1' %}"}},"title":{"type":"title","settings":{"uppercase":true,"show_products_rating":false}},"59aa9daa-2809-41be-9cf1-5656cfa2e207":{"type":"text","settings":{"text":"These 6 powerful ingredients work for women of all ages, with various hormonal issues - <b>from (peri)menopause to PMS and irregular periods, PCOS, Oestrogen Dominance, or simply hormonal imbalance that is still a \"mystery\".<\/b>","text_style":"style_body"}},"0b3e272b-c86a-4dba-946c-c6912251371c":{"type":"description","disabled":true,"settings":{}},"f0d9a32b-a510-48f9-a111-bae7ec904d43":{"type":"checkmark","settings":{"checkmark-tekst":"<b>Reduces bloating and fluid retention in 1 to 3 days<\/b>","checkmark-color":"#d966c6","top-margin":10,"bottom-margin":10}},"fe5e189b-a30d-4a43-a64f-e76ae47ff5ee":{"type":"checkmark","settings":{"checkmark-tekst":"<b>Eliminates hot flushes in just four to seven days<\/b>","checkmark-color":"#000000","top-margin":15,"bottom-margin":15}},"46d4765d-742b-43ac-8487-796a1243b987":{"type":"checkmark","settings":{"checkmark-tekst":"<b>Induces deep, uninterrupted sleep in 5 to 7 days<\/b>","checkmark-color":"#000000","top-margin":15,"bottom-margin":15}},"9857908c-28ae-4b8a-843d-a73950421d74":{"type":"checkmark","settings":{"checkmark-tekst":"<b>Starts changing hormonal weight in 15 to 30 days<\/b>","checkmark-color":"#000000","top-margin":15,"bottom-margin":33}},"45759a07-51f7-4760-92b6-8895071e5432":{"type":"variant_picker","settings":{"picker_type":"button","color_picker":true,"variant_is_disabled":true,"sizing_guide_text":"Sizing guide","sizing_guide_icon":"ruler","sizing_guide_page":""}},"3373f16e-9aab-427e-aad7-5e401977f2dc":{"type":"shopify:\/\/apps\/recharge-subscriptions\/blocks\/subscription-widget\/371eed76-0b44-4869-9813-730372ea378e","settings":{"product":"{{product}}"}},"b4f3af4e-22eb-4dcf-bcff-007afe2ed62c":{"type":"text","settings":{"text":"Act Fast! Free Shipping Today Only! 🚚✨ (UK Only)","text_style":"style_body"}},"buy_buttons":{"type":"buy_buttons","settings":{"show_quantity_selector":true,"show_dynamic_checkout":false,"show_gift_card_recipient":false}},"3f2230ee-bbdc-4590-8c22-ccacdb0afcda":{"type":"checkmark","disabled":true,"settings":{"checkmark-tekst":"<b>Free shipping (over £99)<\/b>","checkmark-color":"#000000","top-margin":15,"bottom-margin":15}},"6acc46c3-4787-4be6-9feb-bd5c50da2161":{"type":"checkmark","disabled":true,"settings":{"checkmark-tekst":"<b>Delivered within 2 days<\/b>","checkmark-color":"#000000","top-margin":15,"bottom-margin":15}},"7b0c53ec-0a30-408c-971a-50830dad910f":{"type":"checkmark","disabled":true,"settings":{"checkmark-tekst":"Betaal later met Klarna","checkmark-color":"#000000","top-margin":15,"bottom-margin":15}},"f3674f15-8e45-45d7-8d31-eeda74b909de":{"type":"custom_liquid","settings":{"custom_liquid":"{% render 'kopstorm-snippet-2' %}"}},"1ceb3c75-ea55-49c5-a3cf-a8beb3af5f06":{"type":"collapsible_tab","settings":{"heading":"Reviews","open":true,"content":"","page":""}},"95b7e00a-0453-4eb0-9cf0-1dae84d8b822":{"type":"side_panel","disabled":true,"settings":{"side_panel_1_label":"Beschrijving","side_panel_1_icon":"none","side_panel_1_content":"<p><strong>**Effectieve Darmreiniging voor Optimale Spijsvertering en Gewichtsverlies**<\/strong><br\/><br\/>Spoel Toxines en Afvalstoffen weg met de Kracht van Flat Belly®. Ervaar de Effectieve Reinigingskracht van Flat Belly terwijl het* Toxines en Afvalstoffen uit je Darmen Spoelt, wat zorgt voor een Betere Spijsvertering en Sneller Gewichtsverlies.<br\/><br\/><strong>**Vaarwel Opgeblazen Gevoel en Obstipatie**<\/strong><br\/><br\/>Zeg Dag tegen Problemen met Opgeblazen Gevoel en Obstipatie en Verwelkom een Plattere en Getonede Buik met de Krachtige Formule van Flat Belly®.<br\/><br\/><strong>**Veilige en Zachte Reiniging met Natuurlijke Ingrediënten**<\/strong><br\/><br\/>Een Zachte en Comfortabele Reinigingservaring. Geniet van een Comfortabele en Effectieve Reinigingservaring met Flat Belly® dankzij de Natuurlijke Ingrediënten die Veilig en Zacht zijn voor je Lichaam.<br\/><br\/><strong>**Omarm de Voordelen van een Gezondere Darm**<\/strong><br\/><br\/>Ontdek de Transformatieve Voordelen van een Gezondere Darm, Verbeterde Spijsvertering en Versterkt Gewichtsverlies met Flat Belly®. Ervaar het Verschil met Flat Belly en Begin Vandaag nog aan je Reis naar een Slanker en Gezonder Lichaam.<\/p>","side_panel_1_page":"","side_panel_2_label":"Voordelen","side_panel_2_icon":"none","side_panel_2_content":"<p><strong>Flat Belly Darm Detox - Klinisch bewezen voordelen:<\/strong><\/p><p><em>Zorgt binnen 1 week voor een plattere buik*<\/em><\/p><ul><li> Verlicht constipatie en bevordert een gezonde darmfunctie*<\/li><li> Geeft een egaler uitziende huid*<\/li><li>Reinigt de darmen grondig van opgebouwde afvalstoffen*<\/li><li>Verbetert de spijsvertering en bevordert een gezond gewichtsverlies*<\/li><li>Verhoogt de energie en vitaliteit*<\/li><li>Ondersteunt een gezond immuunsysteem en beschermt tegen ziekte*<\/li><li>Verbetert de opname van voedingsstoffen voor een optimale voeding*<\/li><li>Bevordert een gezonde balans van darmbacteriën voor een betere algehele gezondheid*<\/li><\/ul>","side_panel_2_page":"shipping","side_panel_3_label":"ingrediënten","side_panel_3_icon":"none","side_panel_3_content":"<p><strong>Deze speciale kruidenmix zorgt ervoor dat je je lichter voelt na 6-12 uur gebruik van de Colon Cleanse<\/strong><\/p><ul><li>Aloë vera (Aloë vera, Latex) Aloë vera helpt de darmflora in evenwicht te brengen. Het is nuttig in gevallen van prikkelbare darmsyndroom en is een laxeermiddel waarvan bekend is dat het helpt parasieten uit het spijsverteringskanaal te verdrijven.<br\/><\/li><li>Senna (Senna alexandrina, Leaf) Senna bevat antrachinon, dat bekend staat om zijn krachtige laxerende werking. Deze antrachinonen zijn ook zeer effectief in het reinigen van de dikke darm, wat niet alleen uitstekend is voor het ontgiften van het spijsverteringsstelsel, maar ook voor het voorbereiden van de dikke darm op procedures zoals een colonoscopie.<br\/><\/li><li>Kles (Kles extract) Kles wortel bevat inuline, een oplosbare en prebiotische vezel die helpt de spijsvertering te verbeteren. Inuline werkt als voedsel voor gezonde darmbacteriën en helpt ontstekingen te reguleren en gifstoffen uit het lichaam te verwijderen.<br\/><\/li><li>Cascara (Rhamnus purshiana oude schors) De actieve ingrediënten van Cascara Sagrada stimuleren de darmwand en verlichten een trage dikke darm. De combinatie van zowel psyllium (als bulkmiddel) als Cascara (als stimulerend laxeermiddel) is essentieel voor een effectief darmreinigingsprogramma.<br\/><\/li><li>Gember (Zingiber) Gember wordt gebruikt in de meeste ontgiftingsprogramma's omdat het het lichaam reinigt door spijsvertering, circulatie en zweten te stimuleren. De spijsvertering dient om de ophoping van afval en gifstoffen in de dikke darm, lever en andere organen te reinigen.<br\/><strong><br\/>Alle ingrediënten zijn (Biologisch, Glutenvrij, Veganistisch)<\/strong><\/li><\/ul>","side_panel_3_page":"care-guide"}},"68ce1b85-80d8-4300-9136-3c79063f11f3":{"type":"collapsible_tab","settings":{"heading":"Description","open":false,"content":"<p><strong>Find yourself back<\/strong><\/p><p>These 6 powerful ingredients work for women of all ages, with various hormonal issues - from (peri)menopause to PMS and irregular periods, PCOS, Oestrogen Dominance, or simply hormonal imbalance that is still a \"mystery\". <\/p><p><strong>Every woman can find the balance she needs in this complete natural formula.<\/strong><\/p><p>Ends bloating and hormonal weightThese carefully selected ingredients help suppress sugar cravings and reduce \"stress cravings\". <\/p><p>They also relieve bloating and indigestion and can remedy fluid retention. They are every woman's secret weapon against excessive weight gain, bloating, flatulence and hormone-induced indigestion.<\/p><p><strong>Boosts energy, mood and cravings<\/strong><\/p><p>The fast-acting extracts in Hormone Harmony start working after just 20-30 minutes, boosting energy levels and creating a great mood first thing in the morning. They also help improve deep sleep and increase desire for intimacy - in addition, they have been shown to boost comfort and pleasure in the bedroom.<\/p>","page":""}},"7dac322d-a98f-4467-a1b7-01e2c81a6a20":{"type":"collapsible_tab","settings":{"heading":"How to use","open":false,"content":"<p><strong>1.<\/strong>Take 1-2 capsules at bedtime with water. Adjust intake to 1-3 capsules per day as needed for desired results.<\/p><p><strong>2.<\/strong>The effect begins to take effect after 6-12 hours.<\/p><p><strong>3. <\/strong>Enjoy an effective transition to a healthier gut and increased metabolism.<\/p>","page":""}},"dabad6c7-1ed7-41e7-8eb8-1f2d124eb898":{"type":"collapsible_tab","settings":{"heading":"Ingredienten","open":false,"content":"<p>These carefully chosen ingredients work synergistically to support hormone balance and promote overall wellbeing.<\/p><p><strong>Ingredients:<\/strong><\/p><ul><li>Inositol<\/li><li>Monk's pepper<\/li><li>Ashwagandha<\/li><li>Pinus extract<\/li><li>Magnesium<\/li><\/ul>","page":""}}},"block_order":["7d598c40-a18a-46d4-9dce-2dcbad10c43c","58ad45ab-6593-4428-a9ed-b7ef4861f403","title","59aa9daa-2809-41be-9cf1-5656cfa2e207","0b3e272b-c86a-4dba-946c-c6912251371c","f0d9a32b-a510-48f9-a111-bae7ec904d43","fe5e189b-a30d-4a43-a64f-e76ae47ff5ee","46d4765d-742b-43ac-8487-796a1243b987","9857908c-28ae-4b8a-843d-a73950421d74","45759a07-51f7-4760-92b6-8895071e5432","3373f16e-9aab-427e-aad7-5e401977f2dc","b4f3af4e-22eb-4dcf-bcff-007afe2ed62c","buy_buttons","3f2230ee-bbdc-4590-8c22-ccacdb0afcda","6acc46c3-4787-4be6-9feb-bd5c50da2161","7b0c53ec-0a30-408c-971a-50830dad910f","f3674f15-8e45-45d7-8d31-eeda74b909de","1ceb3c75-ea55-49c5-a3cf-a8beb3af5f06","95b7e00a-0453-4eb0-9cf0-1dae84d8b822","68ce1b85-80d8-4300-9136-3c79063f11f3","7dac322d-a98f-4467-a1b7-01e2c81a6a20","dabad6c7-1ed7-41e7-8eb8-1f2d124eb898"],"settings":{"social-proof-box":true,"social-proof-box-text":"<p><em><strong>\"Thanks to Hormone Balance, I have lost 6 kg<\/strong><\/em><em> in transitional weight. It really works!\" - Brenda<\/em><\/p>","social-proof-box-image":"shopify:\/\/shop_images\/It_is_now_the_second_time_I_have_done_the_colon_detox._I_lost_2_kilos_after_just_one_week_Furthermore_I_feel_much_lighter_and_better_in_my_skin._Thank_you_800_x_230_px_50_x_50_px_500.png","title-1":"Surprisingly satisfied!","review-1":"This product is really really great. I bought it mainly to regulate my monthly period. Since I stopped taking birth control a few years ago, my monthly was very irregular.","name-1":"Cassidy","title-2":"Mood Swing Life Saver","review-2":"I love this product so far !!! I have been taking it every day for the past 3 weeks and I can already notice a big difference! It helps with my stress and regulates my mood.","name-2":"Ires","title-3":"This really works!","review-3":"I have taken several supplements for my hormone levels, and this is the one that blows me away with results. I noticed a change on the first day I took it in my mood. My libido and my self-confidence were also boosted. Now I make sure I take it every time I call!","name-3":"Zina","title-4":"Great for stress and weight loss!","review-4":"I have been using this product for a fortnight now and I can say it works well. It is very affordable, so that is a big plus.","name-4":"Nicky","title-5":"So far, so good!","review-5":"I have adopted hormone balancing for the past three weeks. I can feel a change because I am less irritable and I have been sleeping better.","name-5":"Petra","title-6":"Game Changer","review-6":"Since I started taking this, I feel sooo much better! I have energy, I can sleep, and I can attest to the libido -claims ... this is the real deal!","name-6":"Linda","title-7":"It really helps!","review-7":"I have been using hormone balance for a little over 2 weeks. I have noticed a changes in my mood swings, bloating, energy and libido.","name-7":"Layla","title-8":"Peri menopause","review-8":"Since taking hormone balance, I have noticed that my sleep is much better. Being Peri Menopausal, I have so many different symptoms that I just don't know what to attribute it to. Besides sleep, I have noticed that my hot flashes have disappeared","name-8":"Erica","title-9":"It is easy to take and does not interfere with stomach upset","review-9":"Great this product, a marked change in my energy level and sleep have also noticed weight loss. I take one capsule in the morning as time passes I take 1 more.","name-9":"Cindy","full_width":true,"enable_sticky_info":false,"enable_sticky_add_to_cart":false,"show_taxes_included":false,"media_layout":"collage","display_slider_pagination":true,"media_aspect_ratio":"adapt","display_captions":true,"hide_variants":true,"lightbox":true,"enable_video_looping":false}},"521bd027-3516-40ea-bfcd-dfccab7a076a":{"type":"text-with-icons","blocks":{"template--19144188330318__521bd027-3516-40ea-bfcd-dfccab7a076a-16876311672264bb7c-0":{"type":"icon","settings":{"icon":"none","image":"shopify:\/\/shop_images\/Ontwerp_zonder_titel_-_2023-05-17T212928.115.png","heading":"ENDS BLOATING AND HORMONAL WEIGHT","text":"<p>Transform your body<\/p>"}},"template--19144188330318__521bd027-3516-40ea-bfcd-dfccab7a076a-16876311672264bb7c-1":{"type":"icon","settings":{"icon":"ruler","image":"shopify:\/\/shop_images\/Bestel_nu_betaal_later_100_x_100_px_4.png","heading":"REGAIN YOUR TRUE SELF WITH HORMONE BALANCE®","text":"<p>Rediscover your true self<\/p>"}},"template--19144188330318__521bd027-3516-40ea-bfcd-dfccab7a076a-16876311672264bb7c-2":{"type":"icon","settings":{"icon":"ruler","image":"shopify:\/\/shop_images\/egula_2.png","heading":"PURE HERBAL INGREDIENTS","text":"<p>Carefully selected natural ingredients<\/p>"}}},"block_order":["template--19144188330318__521bd027-3516-40ea-bfcd-dfccab7a076a-16876311672264bb7c-0","template--19144188330318__521bd027-3516-40ea-bfcd-dfccab7a076a-16876311672264bb7c-1","template--19144188330318__521bd027-3516-40ea-bfcd-dfccab7a076a-16876311672264bb7c-2"],"settings":{"text_alignment":"left","icon_position":"left","icon_size":"large","heading_size":"small","mobile_swipe":true,"color_bg":"#eceade","color_heading":"#2e2930","color_text":"#151515","disable_top_spacing":true,"disable_bottom_spacing":true}},"4af37162-67cb-4d3e-9b7a-a8e396d8b7cb":{"type":"slideshow","blocks":{"template--19144188330318__4af37162-67cb-4d3e-9b7a-a8e396d8b7cb-168763223374982917-1":{"type":"slide","settings":{"slide_link":"","video_background":false,"video":"https:\/\/www.youtube.com\/watch?v=_9VUPq3SxOc","subheading":"","heading":"Beheers hormonale disbalans","heading_size":"h2","content":"Stopt hormonale gewichtstoename, \nopvliegers, stemmingswisselingen, slapeloosheid \nen verlies van libido!","description_size":"small","content_position":"middle-center","text_alignment":"center","content_size":"medium","overlay_color":"#000000","overlay_opacity":0,"overlay_gradient":"linear-gradient(180deg, rgba(0, 0, 0, 0.1), rgba(0, 0, 0, 0.4) 100%)","button_1_text":"","button_1_link":"","button_1_outline":false,"button_2_text":"","button_2_link":"","button_2_outline":false}},"1065e784-b33a-4306-952a-1b61e16a4259":{"type":"slide","settings":{"slide_link":"","video_background":false,"video":"https:\/\/www.youtube.com\/watch?v=_9VUPq3SxOc","subheading":"","heading":"Voor Vrouwen van Elke Leeftijd","heading_size":"h2","content":"Geschikt voor vrouwen van alle leeftijden die worstelen met perimenopauze, menopauze, postmenopauze, oestrogeendominantie, PCOS, endometriose en meer","description_size":"small","content_position":"middle-center","text_alignment":"center","content_size":"medium","overlay_color":"#000000","overlay_opacity":0,"overlay_gradient":"linear-gradient(180deg, rgba(0, 0, 0, 0.1), rgba(0, 0, 0, 0.4) 100%)","button_1_text":"","button_1_link":"","button_1_outline":false,"button_2_text":"","button_2_link":"","button_2_outline":false}},"6e4e4cd3-c0b1-4599-9e5f-cef73c69d948":{"type":"slide","settings":{"slide_link":"","video_background":false,"video":"https:\/\/www.youtube.com\/watch?v=_9VUPq3SxOc","subheading":"","heading":"Wetenschappelijk Onderbouwde Ingrediënten","heading_size":"h2","content":"Ingrediënten die wetenschappelijk worden ondersteund door betrouwbaar onderzoek en wetenschappelijk bewezen zijn","description_size":"small","content_position":"middle-center","text_alignment":"center","content_size":"medium","overlay_color":"#000000","overlay_opacity":0,"overlay_gradient":"linear-gradient(180deg, rgba(0, 0, 0, 0.1), rgba(0, 0, 0, 0.4) 100%)","button_1_text":"","button_1_link":"","button_1_outline":false,"button_2_text":"","button_2_link":"","button_2_outline":false}},"c0fa7fa6-d2a2-4001-9481-5f3673da0f14":{"type":"slide","settings":{"slide_link":"","video_background":false,"video":"https:\/\/www.youtube.com\/watch?v=_9VUPq3SxOc","subheading":"","heading":"Herwin jezelf in 7 dagen of minder","heading_size":"h2","content":"e beste jaren liggen nu voor je - niet achter je! Zelfs als hormonale onbalans je van je ware zelf heeft beroofd! Zelfs als tientallen jaren je van je ware zelf hebben beroofd!","description_size":"small","content_position":"middle-center","text_alignment":"center","content_size":"medium","overlay_color":"#000000","overlay_opacity":0,"overlay_gradient":"linear-gradient(180deg, rgba(0, 0, 0, 0.1), rgba(0, 0, 0, 0.4) 100%)","button_1_text":"","button_1_link":"","button_1_outline":false,"button_2_text":"","button_2_link":"","button_2_outline":false}}},"block_order":["template--19144188330318__4af37162-67cb-4d3e-9b7a-a8e396d8b7cb-168763223374982917-1","1065e784-b33a-4306-952a-1b61e16a4259","6e4e4cd3-c0b1-4599-9e5f-cef73c69d948","c0fa7fa6-d2a2-4001-9481-5f3673da0f14"],"disabled":true,"settings":{"desktop_height":"desktop-height-image","mobile_height":"mobile-height-400","full_width":true,"autoplay":true,"autoplay_length":10,"transition":"swipe","disable_top_spacing":true,"disable_bottom_spacing":true}},"30127aae-50d2-4d04-89b7-3988285eb81b":{"type":"image-with-text","blocks":{"template--19506800460119__30127aae-50d2-4d04-89b7-3988285eb81b-heading-1":{"type":"heading","settings":{"text":"Hormone Balance: Natural Solutions for Hormonal Problems","heading_size":"h3"}},"template--19506800460119__30127aae-50d2-4d04-89b7-3988285eb81b-text-1":{"type":"text","settings":{"text":"<ul><li><strong>Lose the transition belly: <\/strong>Our unique combination of ingredients, specifically targeting hormonal balance, helps you maintain weight naturally and reduces that pesky transition belly.<br\/><\/li><li><strong>Reduce bloating:<\/strong> With the addition of carefully selected elements, including Magnesium, \"Hormone Balance\" not only relieves joint pain but also soothes bloating, making you feel lighter and more comfortable.<br\/><\/li><li><strong>Joint Pain:<\/strong> Experience targeted support for joint pain, allowing you to move more smoothly and comfortably again, even during menopause.<br\/><\/li><li><strong>Thyroid problems:<\/strong> Thanks to the adaptogenic properties of Ashwagandha, \"Hormone Balance\" provides support for thyroid problems, helping to maintain your hormonal balance.<\/li><\/ul>"}}},"block_order":["template--19506800460119__30127aae-50d2-4d04-89b7-3988285eb81b-heading-1","template--19506800460119__30127aae-50d2-4d04-89b7-3988285eb81b-text-1"],"settings":{"image":"shopify:\/\/shop_images\/Oestrogeen_Niveau_4.png","use_video":false,"video":"https:\/\/www.youtube.com\/watch?v=_9VUPq3SxOc","video_autoplay":true,"video_controls":true,"height":"adapt","desktop_image_width":"medium","section_width":"full-width-row-full","layout":"text_first","content_position":"text-left","color_bg":"#fafaf8","color_text":"#151515","color_border":"#e2e2e2","disable_top_spacing":true,"disable_bottom_spacing":true}},"e93b4122-3384-42a8-a501-446494a076df":{"type":"image-with-text","blocks":{"template--19144188330318__e93b4122-3384-42a8-a501-446494a076df-1687632013348b44b3-1":{"type":"heading","settings":{"text":"Benefits of Hormone Balance™","heading_size":"h3"}},"template--19144188330318__e93b4122-3384-42a8-a501-446494a076df-1687632013348b44b3-2":{"type":"text","settings":{"text":"<ul><li>Hormonal weight loss<\/li><li>Enhances fertility in women with PCOS<\/li><li>Addresses issues with facial hair<\/li><li>Alleviates menstrual cramps<\/li><li>Improves acne problems<\/li><li>Reduces water retention<\/li><li>Assists in regulating the menstrual cycle<\/li><li>Balances mood swings.<\/li><li>Thyroid problems<\/li><\/ul>"}}},"block_order":["template--19144188330318__e93b4122-3384-42a8-a501-446494a076df-1687632013348b44b3-1","template--19144188330318__e93b4122-3384-42a8-a501-446494a076df-1687632013348b44b3-2"],"settings":{"image":"shopify:\/\/shop_images\/I_will_900_x_1080_px_1080_x_1080_px_56.png","use_video":false,"video":"https:\/\/www.youtube.com\/watch?v=_9VUPq3SxOc","video_autoplay":true,"video_controls":true,"height":"adapt","desktop_image_width":"medium","section_width":"full-width-row-full","layout":"image_first","content_position":"text-left","color_bg":"#fafaf8","color_text":"#151515","color_border":"#e2e2e2","disable_top_spacing":true,"disable_bottom_spacing":true}},"e5fb4b67-6ca5-4027-9085-b24473de7a47":{"type":"kopstorm-section-1","custom_css":[],"settings":{"background-color":"#edeae3","title":"What's in Hormone Balance®","description":"Investigate the Source, Dosage, Form™","show-ingredient1":true,"heading":"Monk's pepper","paragraph":"<p><strong>Source: <\/strong>Monk's pepper, scientifically known as Vitex Agnus-castus, is derived from the berries of the Monk's pepper tree.<\/p><p><strong>Origin: <\/strong>Monk's Pepper is native to the Mediterranean region and is also cultivated in various parts of the world.<\/p><p><strong>Benefit:<\/strong> Monk's pepper is valued for its potential to support women's hormonal health, especially in regulating menstrual cycles and relieving symptoms of premenstrual syndrome (PMS).<\/p>","image":"shopify:\/\/shop_images\/Ontwerp_zonder_titel_-_2023-06-02T152718.914.png","show-ingredient2":true,"heading2":"Inositol","paragraph2":"<p><strong>Source: <\/strong>Inositol is produced naturally in the human body and can also be found in foods such as fruits, beans and grains.<\/p><p><strong>Origin:<\/strong> Inositol is derived from the natural compound myo-inositol.<\/p><p><strong>Benefit:<\/strong> Inositol is valued for its potential to support hormone balance, especially in conditions such as polycystic ovarian syndrome (PCOS).<\/p>","image2":"shopify:\/\/shop_images\/Ontwerp_zonder_titel_-_2023-06-02T151606.781.png","show-ingredient3":true,"heading3":"Ashwagandha","paragraph3":"<p><strong>Source:<\/strong> Ashwagandha, scientifically known as Withania Somnifera, is derived from the roots and leaves of the Ashwagandha plant.<\/p><p><strong>Origin: <\/strong>Ashwagandha has its origins in India and is also cultivated in other parts of Asia, Africa and the Mediterranean.<\/p><p><strong>Benefit: <\/strong>Ashwagandha is highly valued for its potential to support hormone balance, reduce stress, increase energy levels and improve overall well-being.<\/p>","image3":"shopify:\/\/shop_images\/Ontwerp_zonder_titel_-_2023-06-02T151755.168.png","show-ingredient4":true,"heading4":"Pinus -extract","paragraph4":"<p><strong>Source: <\/strong>Pinus -extract, derived from the bark, needles or resin of various pine tree species.<\/p><p><strong>Origin: <\/strong>Pine trees are found worldwide, with different species originating from different regions, including North America, Europe and Asia.<\/p><p><strong>Benefit:<\/strong> Pinus -extract is believed to have potential benefits for hormone balance, supporting women's health and addressing symptoms related to hormonal fluctuations.<\/p>","image4":"shopify:\/\/shop_images\/Ontwerp_zonder_titel_-_2023-06-02T152558.452.png","show-ingredient5":false,"heading5":"Organic Ashwagandha","paragraph5":""}},"674829ae-dbfa-456c-8921-928718c60604":{"type":"kopstorm-section-2","blocks":{"7773b99c-e3c6-4bbd-aa7a-5d9a471ead93":{"type":"Ingredient","settings":{"heading":"Lady's mantel","paragraph":"<p><strong>Source: <\/strong>Lady's Mantle Herbs, scientifically known as Alchemilla vulgaris, is derived from the leaves of the Lady's Mantle plant.<\/p><p><strong>Origin:<\/strong> Lady's Mantle Herbs has a long history of traditional use and is native to Europe and Asia.<\/p><p><strong>Benefit:<\/strong> Lady's Mantle Herbs is treasured for its potential to support women's health, particularly in promoting hormonal balance and relieving menstrual discomfort.<\/p>","image":"shopify:\/\/shop_images\/Ontwerp_zonder_titel_-_2023-06-02T152857.221.png"}},"2d510dfe-210a-4215-9461-1a82d632f34f":{"type":"Ingredient","settings":{"heading":"Inositol","paragraph":"<p><strong>Source: <\/strong>Inositol is produced naturally in the human body and can also be found in foods such as fruits, beans and grains.<\/p><p><strong>Origin:<\/strong> Inositol is derived from the natural compound myo-inositol.<\/p><p><strong>Benefit:<\/strong> Inositol is valued for its potential to support hormone balance, especially in conditions such as polycystic ovarian syndrome (PCOS).<\/p>","image":"shopify:\/\/shop_images\/Ontwerp_zonder_titel_-_2023-06-02T151606.781.png"}},"66aaf95b-d31b-4afe-a4ba-3dbdbe31bee6":{"type":"Ingredient","settings":{"heading":"Ashwagandha","paragraph":"<p><strong>Source:<\/strong> Ashwagandha, scientifically known as Withania Somnifera, is derived from the roots and leaves of the Ashwagandha plant.<\/p><p><strong>Origin: <\/strong>Ashwagandha has its origins in India and is also cultivated in other parts of Asia, Africa and the Mediterranean.<\/p><p><strong>Benefit: <\/strong>Ashwagandha is highly valued for its potential to support hormone balance, reduce stress, increase energy levels and improve overall well-being.<\/p>","image":"shopify:\/\/shop_images\/Ontwerp_zonder_titel_-_2023-06-02T151755.168.png"}},"15f2997c-3ad8-4b6a-9d6b-4a6f7545ea9b":{"type":"Ingredient","settings":{"heading":"Pinus extract","paragraph":"<p><strong>Source: <\/strong>Pinus -extract, derived from the bark, needles or resin of various pine tree species.<\/p><p><strong>Origin: <\/strong>Pine trees are found worldwide, with different species originating from different regions, including North America, Europe and Asia.<\/p><p><strong>Benefit:<\/strong> Pinus -extract is believed to have potential benefits for hormone balance, supporting women's health and addressing symptoms related to hormonal fluctuations.<\/p>","image":"shopify:\/\/shop_images\/Ontwerp_zonder_titel_-_2023-06-02T152558.452.png"}},"dca5d60b-d796-4d4d-ae51-2ea05ba25f43":{"type":"Ingredient","settings":{"heading":"Monk's peper","paragraph":"<p><strong>Source: <\/strong>Monk's pepper, scientifically known as Vitex Agnus-castus, is derived from the berries of the Monk's pepper tree.<\/p><p><strong>Origin: <\/strong>Monk's Pepper is native to the Mediterranean region and is also cultivated in various parts of the world.<\/p><p><strong>Benefit:<\/strong> Monk's pepper is valued for its potential to support women's hormonal health, especially in regulating menstrual cycles and relieving symptoms of premenstrual syndrome (PMS).<\/p>","image":"shopify:\/\/shop_images\/Ontwerp_zonder_titel_-_2023-06-02T152718.914.png"}}},"block_order":["7773b99c-e3c6-4bbd-aa7a-5d9a471ead93","2d510dfe-210a-4215-9461-1a82d632f34f","66aaf95b-d31b-4afe-a4ba-3dbdbe31bee6","15f2997c-3ad8-4b6a-9d6b-4a6f7545ea9b","dca5d60b-d796-4d4d-ae51-2ea05ba25f43"],"settings":{"background-color":"#edeae3","title":"What's in Hormone Balance®","description":"Investigate the Source, Dosage, Form™"}},"16947625891a54fcc8":{"type":"apps","disabled":true,"settings":{}},"862181d3-4676-4452-b5d3-7d2c0c0e6f9f":{"type":"collapsible-content","blocks":{"template--19144188330318__862181d3-4676-4452-b5d3-7d2c0c0e6f9f-16876359208c5bac1b-0":{"type":"collapsible_tab","settings":{"heading":"How do I use Hormone Balance?","open":false,"content":"<p>Just take 2 capsules a day, 1 capsule before breakfast and 1 before bed. After that, you can go about your day and enjoy the benefits.<\/p>","page":""}},"template--19144188330318__862181d3-4676-4452-b5d3-7d2c0c0e6f9f-16876359208c5bac1b-1":{"type":"collapsible_tab","settings":{"heading":"How do the formulas taste?","open":false,"content":"<p>The ingredients are tightly encapsulated in small vegetarian capsules, so you don't feel the taste or aroma.<\/p>","page":""}},"template--19144188330318__862181d3-4676-4452-b5d3-7d2c0c0e6f9f-16876359208c5bac1b-2":{"type":"collapsible_tab","settings":{"heading":"How long does a jar last?","open":false,"content":"<p>One jar of Hormon Balance contains 30 servings. However, it is designed to last a month. We recommend taking 2 capsules a day 6 out of 7 days.<\/p>","page":""}},"template--19144188330318__862181d3-4676-4452-b5d3-7d2c0c0e6f9f-16876359208c5bac1b-3":{"type":"collapsible_tab","settings":{"heading":"What are the ingredients of this formula?","open":false,"content":"<p>Our hormone balance formula is carefully formulated with a blend of natural ingredients that work synergistically to support hormonal health.<\/p><p><em><strong>The key ingredients are inositol, monk's pepper, ashwagandha, pinus extract and magnesium.<\/strong><\/em><\/p><p><strong>Inositol<\/strong> promotes hormonal balance and mental well-being, while <strong>Monk's pepper<\/strong> helps regulate the menstrual cycle and relieves symptoms of PMS. <\/p><p><strong>Ashwagandha <\/strong>supports overall hormonal health and reduces stress.<\/p><p><strong>Pine extract<\/strong> has antioxidant and anti-inflammatory properties.Finally, magnesium plays a crucial role in hormone synthesis and overall hormone balance.<\/p><p>Together, these carefully selected ingredients form a powerful formula to support your hormonal well-being.<\/p>","page":""}},"template--19144188330318__862181d3-4676-4452-b5d3-7d2c0c0e6f9f-16876359208c5bac1b-4":{"type":"collapsible_tab","settings":{"heading":"When can I expect results?","open":false,"content":"<p>These are the typical results we have observed in many of our more than <strong>31,643 satisfied customers, <\/strong>as well as the scientific studies behind our ingredients:<\/p><ul><li>Boosts energy levels and mood from day 1<\/li><li>Diminishes bloating and fluid retention in 1 to 3 days<\/li><li>Eliminates hot flushes in just 4 to 7 days<\/li><li>Leads to deep, uninterrupted sleep in 5 to 7 days<\/li><li>Starts hormonal weight change in 15 to 30 days<\/li><\/ul>","page":""}},"21d71794-2ddf-457a-b406-01d9c000fc33":{"type":"collapsible_tab","settings":{"heading":"Where is Hormone Balance made?","open":false,"content":"<p>Hormone Balance is produced in small batches to ensure high quality. We produce it in the Netherlands under the strict safety standards of the European Union. These are the world's leading quality certification standards and benchmark tests for ingredients, production and finished products.<\/p>","page":""}},"4576634f-8ea3-400e-b0d7-3d5ea325c2e9":{"type":"collapsible_tab","settings":{"heading":"Product disclaimers and medical information","open":false,"content":"<p>It is recommended to consult a doctor before using our product while breastfeeding.<\/p><p>Breastfeeding mothers should take special care when using supplements, as the substances may pass into breast milk and affect the infant.<\/p><p>Although our product contains natural ingredients, it is important to ensure safety and suitability for use while breastfeeding. <\/p><p>Medical professionals can advise you on your individual situation and help you make an informed decision about taking supplements while breastfeeding. <\/p><p>The health and well-being of both mother and baby are crucial during this important period.<\/p>","page":""}}},"block_order":["template--19144188330318__862181d3-4676-4452-b5d3-7d2c0c0e6f9f-16876359208c5bac1b-0","template--19144188330318__862181d3-4676-4452-b5d3-7d2c0c0e6f9f-16876359208c5bac1b-1","template--19144188330318__862181d3-4676-4452-b5d3-7d2c0c0e6f9f-16876359208c5bac1b-2","template--19144188330318__862181d3-4676-4452-b5d3-7d2c0c0e6f9f-16876359208c5bac1b-3","template--19144188330318__862181d3-4676-4452-b5d3-7d2c0c0e6f9f-16876359208c5bac1b-4","21d71794-2ddf-457a-b406-01d9c000fc33","4576634f-8ea3-400e-b0d7-3d5ea325c2e9"],"settings":{"heading":"FAQs","description":"","uppercase_heading":false,"disable_top_spacing":false,"disable_bottom_spacing":true}},"cfbf0b99-34c1-466d-ba31-d5ac9c5a5cb9":{"type":"multicolumn","blocks":{"template--19144188330318__cfbf0b99-34c1-466d-ba31-d5ac9c5a5cb9-1687636829feb865c0-0":{"type":"column","settings":{"image":"shopify:\/\/shop_images\/Ontwerp_zonder_titel_75.jpg","image_full_width":false,"retina":false,"title":"","text":"","link_label":"","link":""}},"template--19144188330318__cfbf0b99-34c1-466d-ba31-d5ac9c5a5cb9-1687636829feb865c0-1":{"type":"column","settings":{"image":"shopify:\/\/shop_images\/Ontwerp_zonder_titel_73.jpg","image_full_width":false,"retina":true,"title":"","text":"","link_label":"","link":""}},"template--19144188330318__cfbf0b99-34c1-466d-ba31-d5ac9c5a5cb9-1687636829feb865c0-2":{"type":"column","settings":{"image":"shopify:\/\/shop_images\/Zonder_titel_800_x_500_px_800_x_800_px_2.jpg","image_full_width":false,"retina":true,"title":"","text":"","link_label":"","link":""}},"template--19144188330318__cfbf0b99-34c1-466d-ba31-d5ac9c5a5cb9-1687636829feb865c0-3":{"type":"column","settings":{"image":"shopify:\/\/shop_images\/opgeblazen_2.png","image_full_width":true,"retina":true,"title":"","text":"","link_label":"","link":""}}},"block_order":["template--19144188330318__cfbf0b99-34c1-466d-ba31-d5ac9c5a5cb9-1687636829feb865c0-0","template--19144188330318__cfbf0b99-34c1-466d-ba31-d5ac9c5a5cb9-1687636829feb865c0-1","template--19144188330318__cfbf0b99-34c1-466d-ba31-d5ac9c5a5cb9-1687636829feb865c0-2","template--19144188330318__cfbf0b99-34c1-466d-ba31-d5ac9c5a5cb9-1687636829feb865c0-3"],"settings":{"heading":"Loved and used worldwide","heading_left":false,"description":"<p><strong>With over 100,000 jars sold worldwide<\/strong> Jennah Organics® has helped thousands of people get their health back on track through natural herbs that have been used for thousands of years for various health purposes.<\/p>","full_width":true,"display_type":"grid","image_ratio":"adapt","columns_desktop":4,"text_alignment":"left","heading_size":"h5","mobile_swipe":true,"show_progress_bar":true,"disable_top_spacing":false,"disable_bottom_spacing":false}},"product-recommendations":{"type":"product-recommendations","disabled":true,"settings":{"heading":"Anderen kochten ook","heading_left":true,"description":"","full_width":true,"mobile_swipe":true,"disable_top_spacing":true,"disable_bottom_spacing":true}},"d3a768c8-3460-4977-97f9-2ef772bcdfc8":{"type":"kopstorm-section-2","settings":{"background-color":"#edeae3","title":"Jennah Organics®","description":"Ontdek de schoonheid van arganolie™"}}},"order":["breadcrumbs","main-product","521bd027-3516-40ea-bfcd-dfccab7a076a","4af37162-67cb-4d3e-9b7a-a8e396d8b7cb","30127aae-50d2-4d04-89b7-3988285eb81b","e93b4122-3384-42a8-a501-446494a076df","e5fb4b67-6ca5-4027-9085-b24473de7a47","674829ae-dbfa-456c-8921-928718c60604","16947625891a54fcc8","862181d3-4676-4452-b5d3-7d2c0c0e6f9f","cfbf0b99-34c1-466d-ba31-d5ac9c5a5cb9","product-recommendations","d3a768c8-3460-4977-97f9-2ef772bcdfc8"]}