{"sections":{"main-product-quick-view":{"type":"main-product-quick-view","blocks":{"title":{"type":"title","settings":{"uppercase":true,"show_products_rating":true}},"variant_picker":{"type":"variant_picker","settings":{"picker_type":"button","color_picker":true}},"buy_buttons":{"type":"buy_buttons","settings":{"show_quantity_selector":true,"show_dynamic_checkout":true}}},"block_order":["title","variant_picker","buy_buttons"],"settings":{"show_taxes_included":true,"media_aspect_ratio":"adapt","hide_variants":false}}},"order":["main-product-quick-view"]}