{"sections":{"breadcrumbs":{"type":"breadcrumbs","settings":{}},"kopstorm_categories_YbN3YQ":{"type":"kopstorm_categories","settings":{"collections":"collection","background":"#edeae3","text-color-2":"#000000","text-color":"#000000"}},"main-product":{"type":"main-product","blocks":{"7d598c40-a18a-46d4-9dce-2dcbad10c43c":{"type":"custom_liquid","disabled":true,"settings":{"custom_liquid":"<div style=\"margin-bottom: 15px;\" class=\"desktop-trust\">\n  \n<div style=\"display:flex; flex-direction: row; gap: 10px;\">\n<img style=\"width:100px;\" src=\"https:\/\/cdn.shopify.com\/s\/files\/1\/0554\/5453\/1633\/files\/stars_1.svg?v=1671197306\">\n<a style=\"text-decoration: none; color: #3a251f; font-size:16px;\" href=\"#trustpilot-banner\"><span><ls-static-556480>View recent<\/ls-static-556480> <span style=\"text-decoration:underline;\"><ls-static-790007>reviews.<\/ls-static-790007><\/span><\/span><\/a>\n<\/div>\n  \n<\/div>\n\n<div style=\"margin-bottom: 15px;\" class=\"mobile-trust\">\n\n<div style=\"display:flex; flex-direction: row; gap: 10px;\">\n<img style=\"width:100px;\" src=\"https:\/\/cdn.shopify.com\/s\/files\/1\/0554\/5453\/1633\/files\/stars_1.svg?v=1671197306\">\n<a style=\"text-decoration: none; color: #3a251f; font-size:16px;\" href=\"#trustpilot-banner-mobile\"><span><ls-static-343772>View recent<\/ls-static-343772> <span style=\"text-decoration:underline;\"><ls-static-330837>reviews.<\/ls-static-330837><\/span><\/span><\/a>\n<\/div>\n\n<\/div>\n\n<style>\n  .mobile-trust {\n    display: none;\n  }\n  .desktop-trust {\n    display: block;\n  }\n@media screen and (max-width: 767px) {\n  .mobile-trust {\n    display: block;\n  }\n  .desktop-trust {\n    display: none;\n  }\n}\n<\/style>"}},"58ad45ab-6593-4428-a9ed-b7ef4861f403":{"type":"custom_liquid","settings":{"custom_liquid":"{% render 'kopstorm-snippet-1' %}"}},"title":{"type":"title","settings":{"uppercase":true,"show_products_rating":false}},"b4f3af4e-22eb-4dcf-bcff-007afe2ed62c":{"type":"text","settings":{"text":"Liver Cleanse™ - Hormone Balance™ - Libido Boost™ - Magic Magnesium™","text_style":"style_body"}},"45759a07-51f7-4760-92b6-8895071e5432":{"type":"variant_picker","settings":{"picker_type":"dropdown","color_picker":true,"variant_is_disabled":true,"sizing_guide_text":"Sizing guide","sizing_guide_icon":"ruler","sizing_guide_page":""}},"buy_buttons":{"type":"buy_buttons","settings":{"show_quantity_selector":true,"show_dynamic_checkout":false,"show_gift_card_recipient":false}},"59aa9daa-2809-41be-9cf1-5656cfa2e207":{"type":"text","settings":{"text":"This bundle contains four powerful products that work together to increase your energy, support your hormonal balance, and cleanse your body. With Liver Cleanse, Hormone Balance, Magnesium, and Libido Boost, this routine offers a complete approach to increased energy, balance, and well-being.","text_style":"style_body"}},"checkmark_76jFxc":{"type":"checkmark","settings":{"image":"shopify:\/\/shop_images\/klarna.jpg","height":23,"checkmark-tekst":"Pay later with Klarna","checkmark-color":"#000000","top-margin":15,"bottom-margin":15}},"f0d9a32b-a510-48f9-a111-bae7ec904d43":{"type":"checkmark","settings":{"image":"shopify:\/\/shop_images\/icon-check-brown.svg","height":10,"checkmark-tekst":"30-day money back guarantee","checkmark-color":"#d966c6","top-margin":10,"bottom-margin":10}},"fe5e189b-a30d-4a43-a64f-e76ae47ff5ee":{"type":"checkmark","settings":{"image":"shopify:\/\/shop_images\/icon-check-brown.svg","height":10,"checkmark-tekst":"Ordered today, delivered tomorrow","checkmark-color":"#000000","top-margin":15,"bottom-margin":15}},"46d4765d-742b-43ac-8487-796a1243b987":{"type":"checkmark","settings":{"image":"shopify:\/\/shop_images\/icon-check-brown.svg","height":10,"checkmark-tekst":"Free shipping from €70","checkmark-color":"#000000","top-margin":15,"bottom-margin":15}},"9857908c-28ae-4b8a-843d-a73950421d74":{"type":"checkmark","settings":{"image":"shopify:\/\/shop_images\/icon-check-brown.svg","height":10,"checkmark-tekst":"Vegan, Organic, Gluten-free","checkmark-color":"#000000","top-margin":15,"bottom-margin":33}},"f3674f15-8e45-45d7-8d31-eeda74b909de":{"type":"custom_liquid","settings":{"custom_liquid":"{% render 'kopstorm-snippet-2' %}"}},"1ceb3c75-ea55-49c5-a3cf-a8beb3af5f06":{"type":"collapsible_tab","settings":{"heading":"Reviews","open":true,"content":"","page":""}},"95b7e00a-0453-4eb0-9cf0-1dae84d8b822":{"type":"side_panel","disabled":true,"settings":{"side_panel_1_label":"Beschrijving","side_panel_1_icon":"none","side_panel_1_content":"<p><strong>**Effectieve Darmreiniging voor Optimale Spijsvertering en Gewichtsverlies**<\/strong><br\/><br\/>Spoel Toxines en Afvalstoffen weg met de Kracht van Flat Belly®. Ervaar de Effectieve Reinigingskracht van Flat Belly terwijl het* Toxines en Afvalstoffen uit je Darmen Spoelt, wat zorgt voor een Betere Spijsvertering en Sneller Gewichtsverlies.<br\/><br\/><strong>**Vaarwel Opgeblazen Gevoel en Obstipatie**<\/strong><br\/><br\/>Zeg Dag tegen Problemen met Opgeblazen Gevoel en Obstipatie en Verwelkom een Plattere en Getonede Buik met de Krachtige Formule van Flat Belly®.<br\/><br\/><strong>**Veilige en Zachte Reiniging met Natuurlijke Ingrediënten**<\/strong><br\/><br\/>Een Zachte en Comfortabele Reinigingservaring. Geniet van een Comfortabele en Effectieve Reinigingservaring met Flat Belly® dankzij de Natuurlijke Ingrediënten die Veilig en Zacht zijn voor je Lichaam.<br\/><br\/><strong>**Omarm de Voordelen van een Gezondere Darm**<\/strong><br\/><br\/>Ontdek de Transformatieve Voordelen van een Gezondere Darm, Verbeterde Spijsvertering en Versterkt Gewichtsverlies met Flat Belly®. Ervaar het Verschil met Flat Belly en Begin Vandaag nog aan je Reis naar een Slanker en Gezonder Lichaam.<\/p>","side_panel_1_page":"","side_panel_2_label":"Voordelen","side_panel_2_icon":"none","side_panel_2_content":"<p><strong>Flat Belly Darm Detox - Klinisch bewezen voordelen:<\/strong><\/p><p><em>Zorgt binnen 1 week voor een plattere buik*<\/em><\/p><ul><li> Verlicht constipatie en bevordert een gezonde darmfunctie*<\/li><li> Geeft een egaler uitziende huid*<\/li><li>Reinigt de darmen grondig van opgebouwde afvalstoffen*<\/li><li>Verbetert de spijsvertering en bevordert een gezond gewichtsverlies*<\/li><li>Verhoogt de energie en vitaliteit*<\/li><li>Ondersteunt een gezond immuunsysteem en beschermt tegen ziekte*<\/li><li>Verbetert de opname van voedingsstoffen voor een optimale voeding*<\/li><li>Bevordert een gezonde balans van darmbacteriën voor een betere algehele gezondheid*<\/li><\/ul>","side_panel_2_page":"shipping","side_panel_3_label":"ingrediënten","side_panel_3_icon":"none","side_panel_3_content":"<p><strong>Deze speciale kruidenmix zorgt ervoor dat je je lichter voelt na 6-12 uur gebruik van de Colon Cleanse<\/strong><\/p><ul><li>Aloë vera (Aloë vera, Latex) Aloë vera helpt de darmflora in evenwicht te brengen. Het is nuttig in gevallen van prikkelbare darmsyndroom en is een laxeermiddel waarvan bekend is dat het helpt parasieten uit het spijsverteringskanaal te verdrijven.<br\/><\/li><li>Senna (Senna alexandrina, Leaf) Senna bevat antrachinon, dat bekend staat om zijn krachtige laxerende werking. Deze antrachinonen zijn ook zeer effectief in het reinigen van de dikke darm, wat niet alleen uitstekend is voor het ontgiften van het spijsverteringsstelsel, maar ook voor het voorbereiden van de dikke darm op procedures zoals een colonoscopie.<br\/><\/li><li>Kles (Kles extract) Kles wortel bevat inuline, een oplosbare en prebiotische vezel die helpt de spijsvertering te verbeteren. Inuline werkt als voedsel voor gezonde darmbacteriën en helpt ontstekingen te reguleren en gifstoffen uit het lichaam te verwijderen.<br\/><\/li><li>Cascara (Rhamnus purshiana oude schors) De actieve ingrediënten van Cascara Sagrada stimuleren de darmwand en verlichten een trage dikke darm. De combinatie van zowel psyllium (als bulkmiddel) als Cascara (als stimulerend laxeermiddel) is essentieel voor een effectief darmreinigingsprogramma.<br\/><\/li><li>Gember (Zingiber) Gember wordt gebruikt in de meeste ontgiftingsprogramma's omdat het het lichaam reinigt door spijsvertering, circulatie en zweten te stimuleren. De spijsvertering dient om de ophoping van afval en gifstoffen in de dikke darm, lever en andere organen te reinigen.<br\/><strong><br\/>Alle ingrediënten zijn (Biologisch, Glutenvrij, Veganistisch)<\/strong><\/li><\/ul>","side_panel_3_page":"care-guide"}},"68ce1b85-80d8-4300-9136-3c79063f11f3":{"type":"collapsible_tab","disabled":true,"settings":{"heading":"Beschrijving","open":false,"content":"<p><strong>Vind jezelf terug<\/strong><\/p><p>Deze 6 krachtige ingrediënten werken voor vrouwen van alle leeftijden, met verschillende hormonale problemen - van (peri)menopauze tot PMS en onregelmatige menstruaties, PCOS, Oestrogeendominantie, of gewoonweg hormonale onbalans die nog een \"mysterie\" is. Elke vrouw kan het evenwicht vinden dat ze nodig heeft in deze complete natuurlijke formule.<\/p><p><strong>Beëindigt een opgeblazen gevoel en hormonaal gewicht <\/strong><\/p><p>Deze zorgvuldig geselecteerde ingrediënten helpen het verlangen naar suiker te onderdrukken en verminderen de 'stresshonger'. Ze verlichten ook een opgeblazen gevoel en indigestie en kunnen het vasthouden van vocht verhelpen. Ze zijn het geheime wapen van elke vrouw tegen overmatige gewichtstoename, een opgeblazen gevoel, winderigheid en door hormonen veroorzaakte indigestie.<\/p><p><strong>Verhoogt energie, stemming en verlangen<\/strong><\/p><p>De snelwerkende extracten in Hormone Harmony beginnen al na 20-30 minuten te werken, geven het energieniveau een boost en zorgen voor een fantastisch humeur 's ochtends vroeg. Ze helpen ook de diepe slaap te verbeteren en verhogen het verlangen naar intimiteit - bovendien is aangetoond dat ze het comfort en plezier in de slaapkamer stimuleren.<\/p>","page":""}},"7dac322d-a98f-4467-a1b7-01e2c81a6a20":{"type":"collapsible_tab","settings":{"heading":"Energy & Balance: usage routine","open":false,"content":"<p>Follow this customized routine to get the most out of your Energy & Balance Bundle, based on the recommended dosages on the package.<br\/><\/p><p><strong>Morning routine:<\/strong><br\/><\/p><ol><li><strong>Liver Cleanse™<\/strong><\/li><li><strong>Hormone Balance™<\/strong><\/li><li><strong>Magnesium<\/strong><br\/><\/li><\/ol><p><strong>Evening routine:<\/strong><br\/><\/p><ol><li><strong>Liver Cleanse™<\/strong><\/li><li><strong>Hormone Balance<\/strong><\/li><li><strong>Libido Boost™<\/strong><br\/><\/li><\/ol><p><strong>Notes:<\/strong><br\/><\/p><ul><li>Be sure not to take more than the recommended daily amount of magnesium (250 mg).<br\/><\/li><li>Remember to take the break week after 3 weeks of using <strong>Libido Boost<\/strong>.<br\/><\/li><\/ul><p>This routine supports your energy, hormonal balance and overall health both day and night.<\/p>","page":""}},"dabad6c7-1ed7-41e7-8eb8-1f2d124eb898":{"type":"collapsible_tab","disabled":true,"settings":{"heading":"Ingredienten","open":false,"content":"<p>Deze zorgvuldig gekozen ingrediënten werken synergetisch om het hormoonbalans te ondersteunen en het algehele welzijn te bevorderen.<\/p><p><strong>Ingrediënten:<\/strong><\/p><ul><li>Inositol<\/li><li>Monniks peper<\/li><li>Ashwagandha<\/li><li>Pinus extract<\/li><li>Magnesium<\/li><\/ul>","page":""}},"shipping_collapse_jLWAR3":{"type":"shipping_collapse","settings":{}},"trustpilot_review_cjnp3B":{"type":"trustpilot_review","settings":{"title-1":"I am very happy with it.","review-1":"Less bloating, better digestion. Does its job effectively.","name-1":"Iris Peeters"}},"trustpilot_review_cE8wYD":{"type":"trustpilot_review","settings":{"title-1":"It does what it promises.","review-1":"Have ordered this many times, lost more than 2 kg within a week!","name-1":"Helen"}},"trustpilot_review_ggftAr":{"type":"trustpilot_review","settings":{"title-1":"Great product.","review-1":"Flat Belly detox works great. Used for a long time, feel better, tolerate gluten and lose weight.","name-1":"Sarah H."}},"trustpilot_review_MywqtE":{"type":"trustpilot_review","settings":{"title-1":"Smoother skin.","review-1":"Flat Belly detox works great. Used for a long time, feel better, tolerate gluten and lose weight.","name-1":"Sarah H."}},"trustpilot_review_myKnXc":{"type":"trustpilot_review","settings":{"title-1":"TO BE RECOMMENDED","review-1":"Take two tablets daily; feel light the next day. This product surpasses everything","name-1":"Celine"}},"trustpilot_review_FgiQiW":{"type":"trustpilot_review","settings":{"title-1":"Works really well!","review-1":"Finally a working product! No more bloating and faster weight loss.","name-1":"Marion A."}},"trustpilot_review_GEjKUk":{"type":"trustpilot_review","settings":{"title-1":"Works great.","review-1":"Finally a working product! No more bloating and faster weight loss.","name-1":"Charlotte A."}},"trustpilot_review_UJWefD":{"type":"trustpilot_review","settings":{"title-1":"What a relief!","review-1":"Use this for constipation; often had urinary tract infections. With this detox I feel relief.","name-1":"Femke J."}},"trustpilot_review_bAVLde":{"type":"trustpilot_review","settings":{"title-1":"After just one week, results.","review-1":"Once I suffered from PDS, now no more thanks to this product. Within a week, results!","name-1":"Henny E."}},"trustpilot_review_TYAggx":{"type":"trustpilot_review","settings":{"title-1":"Flatter Belly","review-1":"My belly feels much flatter since using this detox. Very satisfied!","name-1":"Iris Peeters"}},"trustpilot_review_DXtgAx":{"type":"trustpilot_review","settings":{"title-1":"Weight Lost and Happy","review-1":"Al 3 kilo kwijt in twee weken! Dit product werkt echt.","name-1":"Mark T."}},"trustpilot_review_EwFGii":{"type":"trustpilot_review","settings":{"title-1":"Relief at Last","review-1":"I feel so much better with cleaner bowels. No more bloating.","name-1":"Sarah V."}},"trustpilot_review_yeRzKR":{"type":"trustpilot_review","settings":{"title-1":"More Energy Every Day","review-1":"More energy and less tired since I started the detox.","name-1":"Tom D."}},"trustpilot_review_8HECi4":{"type":"trustpilot_review","settings":{"title-1":"Radiant Skin","review-1":"My skin has clearly improved, less blemishes and a healthy glow.","name-1":"Emma J."}},"trustpilot_review_DFKdKc":{"type":"trustpilot_review","settings":{"title-1":"No More Abdominal Cramps","review-1":"No more stomach cramps. This product comes highly recommended.","name-1":"Anna P."}},"trustpilot_review_44WUp3":{"type":"trustpilot_review","settings":{"title-1":"Daily Lighting","review-1":"I now go to the toilet daily without any problems. Feel much better.","name-1":"Jan R."}},"trustpilot_review_Mq76R6":{"type":"trustpilot_review","settings":{"title-1":"Lighter and Fitter","review-1":"Feel lighter and less bloated. Very happy with this product.","name-1":"Sophie M."}},"trustpilot_review_FEeXzc":{"type":"trustpilot_review","settings":{"title-1":"Super Easy and Effective","review-1":"Super easy to use and it works great. Highly recommended!","name-1":"Peter B."}},"trustpilot_review_N6YPbM":{"type":"trustpilot_review","settings":{"title-1":"Healthy Digestion","review-1":"My digestion has improved. No more bloating after eating.","name-1":"Mia L."}},"trustpilot_review_pfxbTa":{"type":"trustpilot_review","settings":{"title-1":"Amazing Results","review-1":"Since using this detox, my belly is flatter and I feel great. No more bloating!","name-1":"Anja H."}},"trustpilot_review_HqyEf8":{"type":"trustpilot_review","settings":{"title-1":"Weight Lost","review-1":"In a few weeks I have already lost some pounds. This product really does what it promises.","name-1":"Paul S"}},"trustpilot_review_TnWP7t":{"type":"trustpilot_review","settings":{"title-1":"Fresh Start","review-1":"I feel so much better with cleaner bowels. The bloating is finally gone.","name-1":"Karen L."}},"trustpilot_review_6yE8Gq":{"type":"trustpilot_review","settings":{"title-1":"More Energy","review-1":"Since using this detox, I have much more energy and am less tired.","name-1":"David W."}},"trustpilot_review_7x9zqb":{"type":"trustpilot_review","settings":{"title-1":"Healthy Glow","review-1":"My skin has improved tremendously. Less pimples and a beautiful healthy glow.","name-1":"Linda K."}},"trustpilot_review_JjRmCx":{"type":"trustpilot_review","settings":{"title-1":"No More Cramps","review-1":"I often suffered from stomach cramps, but now that I am using this detox, they are gone. Highly recommended!","name-1":"Rob B."}},"trustpilot_review_cXXGXN":{"type":"trustpilot_review","settings":{"title-1":"Daily Relief","review-1":"I now go to the toilet daily without any problems. I feel much better.","name-1":"Ingrid V."}},"trustpilot_review_UQbFzg":{"type":"trustpilot_review","settings":{"title-1":"Lighter Feeling","review-1":"Feel lighter and not bloated anymore. Very happy with this product.","name-1":"Sophie J."}},"trustpilot_review_wPUMiw":{"type":"trustpilot_review","settings":{"title-1":"Simple and Effective","review-1":"It's super easy to use and works great. Highly recommended!","name-1":"Tim D."}},"trustpilot_review_iRtYmP":{"type":"trustpilot_review","settings":{"title-1":"Feel fit again","review-1":"Since using this detox, I feel fit and energetic again. I am super happy with the results.","name-1":"Emma J."}},"trustpilot_review_gDP9J8":{"type":"trustpilot_review","settings":{"title-1":"Recommended for all","review-1":"This product is highly recommended for anyone who wants to feel better and have a healthier digestive system.","name-1":"Tom B."}},"trustpilot_review_jLeWQb":{"type":"trustpilot_review","settings":{"title-1":"Improves my daily life","review-1":"Being able to go to the toilet every day without any problems has greatly improved my daily life.","name-1":"Mark V."}}},"block_order":["7d598c40-a18a-46d4-9dce-2dcbad10c43c","58ad45ab-6593-4428-a9ed-b7ef4861f403","title","b4f3af4e-22eb-4dcf-bcff-007afe2ed62c","45759a07-51f7-4760-92b6-8895071e5432","buy_buttons","59aa9daa-2809-41be-9cf1-5656cfa2e207","checkmark_76jFxc","f0d9a32b-a510-48f9-a111-bae7ec904d43","fe5e189b-a30d-4a43-a64f-e76ae47ff5ee","46d4765d-742b-43ac-8487-796a1243b987","9857908c-28ae-4b8a-843d-a73950421d74","f3674f15-8e45-45d7-8d31-eeda74b909de","1ceb3c75-ea55-49c5-a3cf-a8beb3af5f06","95b7e00a-0453-4eb0-9cf0-1dae84d8b822","68ce1b85-80d8-4300-9136-3c79063f11f3","7dac322d-a98f-4467-a1b7-01e2c81a6a20","dabad6c7-1ed7-41e7-8eb8-1f2d124eb898","shipping_collapse_jLWAR3","trustpilot_review_cjnp3B","trustpilot_review_cE8wYD","trustpilot_review_ggftAr","trustpilot_review_MywqtE","trustpilot_review_myKnXc","trustpilot_review_FgiQiW","trustpilot_review_GEjKUk","trustpilot_review_UJWefD","trustpilot_review_bAVLde","trustpilot_review_TYAggx","trustpilot_review_DXtgAx","trustpilot_review_EwFGii","trustpilot_review_yeRzKR","trustpilot_review_8HECi4","trustpilot_review_DFKdKc","trustpilot_review_44WUp3","trustpilot_review_Mq76R6","trustpilot_review_FEeXzc","trustpilot_review_N6YPbM","trustpilot_review_pfxbTa","trustpilot_review_HqyEf8","trustpilot_review_TnWP7t","trustpilot_review_6yE8Gq","trustpilot_review_7x9zqb","trustpilot_review_JjRmCx","trustpilot_review_cXXGXN","trustpilot_review_UQbFzg","trustpilot_review_wPUMiw","trustpilot_review_iRtYmP","trustpilot_review_gDP9J8","trustpilot_review_jLeWQb"],"settings":{"social-proof-box":true,"social-proof-box-text":"<p><em><strong>Temporary: Free Jennah Bottle with the purchase of the weight loss bundle<\/strong><\/em><\/p>","social-proof-box-image":"shopify:\/\/shop_images\/Zonder_titel_800_x_800_px_700_x_800_px_600_x_800_px_600_x_700_px_1080_x_1080_px_2_24203373-66d7-45cc-bfcb-a1964638d99e.png","reviews":true,"cardcolor":"#ffffff","title-1":"I am very happy with it.","review-1":"Less bloating, better digestion. Does its job effectively.","name-1":"Iris Peeters","title-2":"It does what it promises.","review-2":"Have ordered this many times, lost more than 2 kg within a week!","name-2":"Helen","title-3":"Great product.","review-3":"Flat Belly detox works great. Long used, feel better, tolerate gluten and lose weight.","name-3":"Sarah H.","title-4":"Smoother skin.","review-4":"Since using it, my skin has improved tremendously. Previously restless, now helped by Flat Belly.","name-4":"Miriam","title-5":"TO BE RECOMMENDED","review-5":"Take two tablets daily; feel light the next day. This product surpasses everything","name-5":"Celine","title-6":"Works really well!","review-6":"Finally a working product! No more bloating and faster weight loss.","name-6":"Marion A.","title-7":"Works great.","review-7":"This detox works perfectly as promised. Now I go to the toilet twice a day.","name-7":"Charlotte A.","title-8":"What a relief!","review-8":"Use this for constipation; often had urinary tract infections. With this detox, I feel relief.","name-8":"Femke J.","title-9":"After just one week, results.","review-9":"Once I suffered from PDS, now no more thanks to this product. Results within a week!Once I suffered from PDS, now no more thanks to this product. Results within a week!Once I suffered from PDS, now no more thanks to this product. Results within a week!Once I suffered from PDS, now no more thanks to this product. Results within a week!","name-9":"Cindy","full_width":true,"enable_sticky_info":false,"enable_sticky_add_to_cart":true,"show_taxes_included":false,"media_layout":"collage","display_slider_pagination":true,"media_aspect_ratio":"adapt","display_captions":false,"hide_variants":true,"lightbox":false,"enable_video_looping":false}},"521bd027-3516-40ea-bfcd-dfccab7a076a":{"type":"text-with-icons","blocks":{"template--19144188330318__521bd027-3516-40ea-bfcd-dfccab7a076a-16876311672264bb7c-0":{"type":"icon","settings":{"icon":"none","image":"shopify:\/\/shop_images\/apeseed_4_eece8743-1a3c-4ee7-8e01-52784515c443.png","heading":"Increases your energy level","text":""}},"template--19144188330318__521bd027-3516-40ea-bfcd-dfccab7a076a-16876311672264bb7c-1":{"type":"icon","settings":{"icon":"ruler","image":"shopify:\/\/shop_images\/apeseed_5_786ab37a-3818-4555-82bf-d95bda9f0a2c.png","heading":"Supports hormonal balance","text":""}},"template--19144188330318__521bd027-3516-40ea-bfcd-dfccab7a076a-16876311672264bb7c-2":{"type":"icon","settings":{"icon":"ruler","image":"shopify:\/\/shop_images\/apeseed_6_81f07e50-2f93-4c8d-82cd-0ab98c387031.png","heading":"Cleanses and detoxifies the body","text":""}},"icon_JkVDex":{"type":"icon","settings":{"icon":"ruler","image":"shopify:\/\/shop_images\/apeseed_7_3a76afc3-1454-4a0d-a4c9-5d570320192d.png","heading":"Improves overall wellness and vitality","text":""}}},"block_order":["template--19144188330318__521bd027-3516-40ea-bfcd-dfccab7a076a-16876311672264bb7c-0","template--19144188330318__521bd027-3516-40ea-bfcd-dfccab7a076a-16876311672264bb7c-1","template--19144188330318__521bd027-3516-40ea-bfcd-dfccab7a076a-16876311672264bb7c-2","icon_JkVDex"],"settings":{"text_alignment":"left","icon_position":"left","icon_size":"medium","heading_size":"small","mobile_swipe":true,"color_bg":"#ffa500","color_heading":"#2e2930","color_text":"#151515","disable_top_spacing":true,"disable_bottom_spacing":true}},"4af37162-67cb-4d3e-9b7a-a8e396d8b7cb":{"type":"slideshow","blocks":{"template--19144188330318__4af37162-67cb-4d3e-9b7a-a8e396d8b7cb-168763223374982917-1":{"type":"slide","settings":{"slide_link":"","video_background":false,"video":"https:\/\/www.youtube.com\/watch?v=_9VUPq3SxOc","subheading":"","heading":"Beheers hormonale disbalans","heading_size":"h2","content":"Stopt hormonale gewichtstoename, \nopvliegers, stemmingswisselingen, slapeloosheid \nen verlies van libido!","description_size":"small","content_position":"middle-center","text_alignment":"center","content_size":"medium","overlay_color":"#000000","overlay_opacity":0,"overlay_gradient":"linear-gradient(180deg, rgba(0, 0, 0, 0.1), rgba(0, 0, 0, 0.4) 100%)","button_1_text":"","button_1_link":"","button_1_outline":false,"button_2_text":"","button_2_link":"","button_2_outline":false}},"1065e784-b33a-4306-952a-1b61e16a4259":{"type":"slide","settings":{"slide_link":"","video_background":false,"video":"https:\/\/www.youtube.com\/watch?v=_9VUPq3SxOc","subheading":"","heading":"Voor Vrouwen van Elke Leeftijd","heading_size":"h2","content":"Geschikt voor vrouwen van alle leeftijden die worstelen met perimenopauze, menopauze, postmenopauze, oestrogeendominantie, PCOS, endometriose en meer","description_size":"small","content_position":"middle-center","text_alignment":"center","content_size":"medium","overlay_color":"#000000","overlay_opacity":0,"overlay_gradient":"linear-gradient(180deg, rgba(0, 0, 0, 0.1), rgba(0, 0, 0, 0.4) 100%)","button_1_text":"","button_1_link":"","button_1_outline":false,"button_2_text":"","button_2_link":"","button_2_outline":false}},"6e4e4cd3-c0b1-4599-9e5f-cef73c69d948":{"type":"slide","settings":{"slide_link":"","video_background":false,"video":"https:\/\/www.youtube.com\/watch?v=_9VUPq3SxOc","subheading":"","heading":"Wetenschappelijk Onderbouwde Ingrediënten","heading_size":"h2","content":"Ingrediënten die wetenschappelijk worden ondersteund door betrouwbaar onderzoek en wetenschappelijk bewezen zijn","description_size":"small","content_position":"middle-center","text_alignment":"center","content_size":"medium","overlay_color":"#000000","overlay_opacity":0,"overlay_gradient":"linear-gradient(180deg, rgba(0, 0, 0, 0.1), rgba(0, 0, 0, 0.4) 100%)","button_1_text":"","button_1_link":"","button_1_outline":false,"button_2_text":"","button_2_link":"","button_2_outline":false}},"c0fa7fa6-d2a2-4001-9481-5f3673da0f14":{"type":"slide","settings":{"slide_link":"","video_background":false,"video":"https:\/\/www.youtube.com\/watch?v=_9VUPq3SxOc","subheading":"","heading":"Herwin jezelf in 7 dagen of minder","heading_size":"h2","content":"e beste jaren liggen nu voor je - niet achter je! Zelfs als hormonale onbalans je van je ware zelf heeft beroofd! Zelfs als tientallen jaren je van je ware zelf hebben beroofd!","description_size":"small","content_position":"middle-center","text_alignment":"center","content_size":"medium","overlay_color":"#000000","overlay_opacity":0,"overlay_gradient":"linear-gradient(180deg, rgba(0, 0, 0, 0.1), rgba(0, 0, 0, 0.4) 100%)","button_1_text":"","button_1_link":"","button_1_outline":false,"button_2_text":"","button_2_link":"","button_2_outline":false}}},"block_order":["template--19144188330318__4af37162-67cb-4d3e-9b7a-a8e396d8b7cb-168763223374982917-1","1065e784-b33a-4306-952a-1b61e16a4259","6e4e4cd3-c0b1-4599-9e5f-cef73c69d948","c0fa7fa6-d2a2-4001-9481-5f3673da0f14"],"disabled":true,"settings":{"desktop_height":"desktop-height-image","mobile_height":"mobile-height-400","full_width":true,"autoplay":true,"autoplay_length":5,"transition":"swipe","disable_top_spacing":true,"disable_bottom_spacing":true}},"e5fb4b67-6ca5-4027-9085-b24473de7a47":{"type":"kopstorm-section-1","disabled":true,"custom_css":[],"settings":{"background-color":"#edeae3","title":"Wat zit er in Hormone Balance®","description":"Onderzoek de Bron, Dosering, Vorm™","show-ingredient1":true,"heading":"Monk's peper","paragraph":"<p><strong>Bron:<\/strong> Monk's peper, wetenschappelijk bekend als Vitex Agnus-castus, is afkomstig van de bessen van de peperboom van de monnik.<\/p><p><strong>Oorsprong: <\/strong>Monk's Pepper is inheems in het Middellandse -Zeegebied en wordt ook in verschillende delen van de wereld gekweekt.<\/p><p><strong>Voordeel:<\/strong> Monk's peper wordt gewaardeerd vanwege het potentieel om de hormonale gezondheid van vrouwen te ondersteunen, met name bij het reguleren van menstruatiecycli en het verlichten van symptomen van het premenstrueel syndroom (PMS).<\/p>","image":"shopify:\/\/shop_images\/Ontwerp_zonder_titel_-_2023-06-02T152718.914.png","show-ingredient2":true,"heading2":"Inositol","paragraph2":"<p><strong>Bron:<\/strong> Inositol wordt van nature geproduceerd in het menselijk lichaam en kan ook worden gevonden in voedingsmiddelen zoals fruit, bonen en granen.<\/p><p><strong>Oorsprong: <\/strong>Inositol is afkomstig van de natuurlijke samengestelde myo-inositol.<\/p><p><strong>Voordeel: <\/strong>Inositol wordt gewaardeerd vanwege het potentieel om de hormoonbalans te ondersteunen, met name in omstandigheden zoals polycysteus ovariumsyndroom (PCOS).<\/p>","image2":"shopify:\/\/shop_images\/Ontwerp_zonder_titel_-_2023-06-02T151606.781.png","show-ingredient3":true,"heading3":"Ashwagandha","paragraph3":"<p><strong>Bron: <\/strong>Ashwagandha, wetenschappelijk bekend als Withania Somnifera, is afkomstig van de wortels en bladeren van de Ashwagandha -plant.<\/p><p><strong>Oorsprong: <\/strong>Ashwagandha heeft zijn oorsprong in India en wordt ook gekweekt in andere delen van Azië, Afrika en de Middellandse Zee.<\/p><p><strong>Voordeel: <\/strong>Ashwagandha wordt zeer gewaardeerd vanwege het potentieel om de hormoonbalans te ondersteunen, stress te verminderen, de energieniveaus te verhogen en het totale welzijn te verbeteren.<\/p>","image3":"shopify:\/\/shop_images\/Ontwerp_zonder_titel_-_2023-06-02T151755.168.png","show-ingredient4":true,"heading4":"Pinus -extract","paragraph4":"<p><strong>Bron: <\/strong>Pinus -extract, afgeleid van de schors, naalden of hars van verschillende dennenboomsoorten.<\/p><p><strong>Oorsprong:<\/strong> Pijnbomen worden wereldwijd gevonden, met verschillende soorten afkomstig van verschillende regio's, waaronder Noord -Amerika, Europa en Azië.<\/p><p><strong>Voordeel: <\/strong>Aangenomen wordt dat Pinus -extract potentiële voordelen heeft voor het hormoonbalans, ter ondersteuning van de gezondheid van vrouwen en het aanpakken van symptomen met betrekking tot hormonale fluctuaties.<\/p>","image4":"shopify:\/\/shop_images\/Ontwerp_zonder_titel_-_2023-05-19T164158.959.png","show-ingredient5":false,"heading5":"Organic Ashwagandha","paragraph5":""}},"674829ae-dbfa-456c-8921-928718c60604":{"type":"kopstorm-section-2","blocks":{"7773b99c-e3c6-4bbd-aa7a-5d9a471ead93":{"type":"Ingredient","settings":{"heading":"Lady's mantel","paragraph":"<p><strong>Bron:<\/strong> Lady's Mantle Kruiden, wetenschappelijk bekend als Alchemilla vulgaris, is afkomstig van de bladeren van de Lady's Mantle plant.<\/p><p><strong>Oorsprong:<\/strong> Lady's Mantle Kruiden heeft een lange geschiedenis van traditioneel gebruik en is inheems in Europa en Azië.<\/p><p><strong>Voordeel: <\/strong>Lady's Mantle Kruiden wordt gekoesterd vanwege het potentieel om de gezondheid van vrouwen te ondersteunen, met name bij het bevorderen van een hormonaal evenwicht en het verlichten van menstruatie ongemak.<\/p>"}},"2d510dfe-210a-4215-9461-1a82d632f34f":{"type":"Ingredient","settings":{"heading":"Inositol","paragraph":"<p><strong>Bron:<\/strong> Inositol wordt van nature geproduceerd in het menselijk lichaam en kan ook worden gevonden in voedingsmiddelen zoals fruit, bonen en granen.<\/p><p><strong>Oorsprong: <\/strong>Inositol is afkomstig van de natuurlijke samengestelde myo-inositol.<\/p><p><strong>Voordeel: <\/strong>Inositol wordt gewaardeerd vanwege het potentieel om de hormoonbalans te ondersteunen, met name in omstandigheden zoals polycysteus ovariumsyndroom (PCOS).<\/p>","image":"shopify:\/\/shop_images\/Ontwerp_zonder_titel_-_2023-06-02T151606.781.png"}},"66aaf95b-d31b-4afe-a4ba-3dbdbe31bee6":{"type":"Ingredient","settings":{"heading":"Ashwagandha","paragraph":"<p><strong>Bron: <\/strong>Ashwagandha, wetenschappelijk bekend als Withania Somnifera, is afkomstig van de wortels en bladeren van de Ashwagandha -plant.<\/p><p><strong>Oorsprong: <\/strong>Ashwagandha heeft zijn oorsprong in India en wordt ook gekweekt in andere delen van Azië, Afrika en de Middellandse Zee.<\/p><p><strong>Voordeel: <\/strong>Ashwagandha wordt zeer gewaardeerd vanwege het potentieel om de hormoonbalans te ondersteunen, stress te verminderen, de energieniveaus te verhogen en het totale welzijn te verbeteren.<\/p>","image":"shopify:\/\/shop_images\/Ontwerp_zonder_titel_-_2023-06-02T151755.168.png"}},"15f2997c-3ad8-4b6a-9d6b-4a6f7545ea9b":{"type":"Ingredient","settings":{"heading":"Pinus extract","paragraph":"<p><strong>Bron: <\/strong>Pinus -extract, afgeleid van de schors, naalden of hars van verschillende dennenboomsoorten.<\/p><p><strong>Oorsprong:<\/strong> Pijnbomen worden wereldwijd gevonden, met verschillende soorten afkomstig van verschillende regio's, waaronder Noord -Amerika, Europa en Azië.<\/p><p><strong>Voordeel: <\/strong>Aangenomen wordt dat Pinus -extract potentiële voordelen heeft voor het hormoonbalans, ter ondersteuning van de gezondheid van vrouwen en het aanpakken van symptomen met betrekking tot hormonale fluctuaties.<\/p>","image":"shopify:\/\/shop_images\/Ontwerp_zonder_titel_-_2023-06-02T152558.452.png"}},"dca5d60b-d796-4d4d-ae51-2ea05ba25f43":{"type":"Ingredient","settings":{"heading":"Monk's peper","paragraph":"<p><strong>Bron:<\/strong> Monk's peper, wetenschappelijk bekend als Vitex Agnus-castus, is afkomstig van de bessen van de peperboom van de monnik.<\/p><p><strong>Oorsprong: <\/strong>Monk's Pepper is inheems in het Middellandse -Zeegebied en wordt ook in verschillende delen van de wereld gekweekt.<\/p><p><strong>Voordeel:<\/strong> Monk's peper wordt gewaardeerd vanwege het potentieel om de hormonale gezondheid van vrouwen te ondersteunen, met name bij het reguleren van menstruatiecycli en het verlichten van symptomen van het premenstrueel syndroom (PMS).<\/p>","image":"shopify:\/\/shop_images\/Ontwerp_zonder_titel_-_2023-06-02T152718.914.png"}}},"block_order":["7773b99c-e3c6-4bbd-aa7a-5d9a471ead93","2d510dfe-210a-4215-9461-1a82d632f34f","66aaf95b-d31b-4afe-a4ba-3dbdbe31bee6","15f2997c-3ad8-4b6a-9d6b-4a6f7545ea9b","dca5d60b-d796-4d4d-ae51-2ea05ba25f43"],"settings":{"background-color":"#edeae3","title":"Wat zit er in Hormone Balance®","description":"Onderzoek de bron, oorsprong, vorm™"}},"e93b4122-3384-42a8-a501-446494a076df":{"type":"image-with-text","blocks":{"subheading_J4fn4L":{"type":"subheading","settings":{"text":"HORMONE BALANCE"}},"template--19144188330318__e93b4122-3384-42a8-a501-446494a076df-1687632013348b44b3-1":{"type":"heading","settings":{"text":"RESTORE YOUR HORMONAL BALANCE & VITALITY","heading_size":"h4"}},"template--19144188330318__e93b4122-3384-42a8-a501-446494a076df-1687632013348b44b3-2":{"type":"text","settings":{"text":"<p>This formula is specially designed to support hormonal balance, which is essential for increased energy, improved mood, and overall well-being.<br\/><\/p><ul><li>Supports healthy hormonal balance*<\/li><li>Reduces hormonal fluctuations and stress*<\/li><li>Increases energy and mental clarity*<\/li><li>Helps promote a healthy metabolism*<br\/><\/li><\/ul><p>This formula provides hormone balance, contributing to improved energy and well-being in your daily life.<\/p>"}}},"block_order":["subheading_J4fn4L","template--19144188330318__e93b4122-3384-42a8-a501-446494a076df-1687632013348b44b3-1","template--19144188330318__e93b4122-3384-42a8-a501-446494a076df-1687632013348b44b3-2"],"settings":{"image":"shopify:\/\/shop_images\/Vaarwel_hormonale_onevenwichtigheden_Ontdek_ons_revolutionaire_product._8.png","use_video":false,"video":"https:\/\/www.youtube.com\/watch?v=_9VUPq3SxOc","video_autoplay":true,"video_controls":true,"height":"adapt","desktop_image_width":"medium","section_width":"full-width-row-full","layout":"text_first","content_position":"text-left","color_bg":"#fafaf8","color_text":"#151515","color_border":"#e2e2e2","disable_top_spacing":true,"disable_bottom_spacing":true}},"image_with_text_V47DKM":{"type":"image-with-text","blocks":{"subheading_VzgEEj":{"type":"subheading","settings":{"text":"LIVER CLEANSE - Natural Liver Detox"}},"heading_nxay38":{"type":"heading","settings":{"text":"INCREASE YOUR ENERGY AND DETOXIFY NATURALLY","heading_size":"h4"}},"text_qfQYQM":{"type":"text","settings":{"text":"<p>This powerful liver cleanse supports the body's natural detox processes, helps restore energy and promotes healthy digestion, leaving you feeling fitter and more energetic.<br\/><\/p><ul><li>Supports natural detoxification of the liver*<\/li><li>Increases energy and vitality*<\/li><li>Promotes healthy digestion*<\/li><li>Supports overall health and well-being*<br\/><\/li><\/ul><p>This formula helps cleanse your body from the inside out, so your energy returns and you feel your best.<\/p>"}}},"block_order":["subheading_VzgEEj","heading_nxay38","text_qfQYQM"],"settings":{"image":"shopify:\/\/shop_images\/Vaarwelhormonaleonevenwichtigheden_Ontdekonsrevolutionaireproduct._800x1080px_1000x1000px_1.png","use_video":false,"video":"https:\/\/www.youtube.com\/watch?v=_9VUPq3SxOc","video_autoplay":true,"video_controls":true,"height":"adapt","desktop_image_width":"medium","section_width":"full-width-row-full","layout":"image_first","content_position":"text-left","color_bg":"#fafaf8","color_text":"#151515","color_border":"#e2e2e2","disable_top_spacing":true,"disable_bottom_spacing":true}},"image_with_text_3Xyc44":{"type":"image-with-text","blocks":{"subheading_8MUtJk":{"type":"subheading","settings":{"text":"MAGIC MAGNESIUM - Reduce Fatigue and Support Energy"}},"heading_cVD6a8":{"type":"heading","settings":{"text":"ESSENTIAL SUPPORT FOR ENERGY & MUSCLE RECOVERY","heading_size":"h4"}},"text_PamzkN":{"type":"text","settings":{"text":"<p>Magnesium is essential for promoting energy production and reducing fatigue, while also helping relax muscles and supporting overall health.<br\/><\/p><ul><li>Reduces fatigue and exhaustion*<\/li><li>Supports<\/li><li>energy production and metabolism*<\/li><li>Promotes muscle relaxation and recovery*<\/li><li>Helps improve mental clarity*<br\/><\/li><\/ul><p>This formula provides a natural solution to maintain your energy levels and combat fatigue, keeping you sharp and active throughout the day.<\/p>"}}},"block_order":["subheading_8MUtJk","heading_cVD6a8","text_PamzkN"],"settings":{"image":"shopify:\/\/shop_images\/Vaarwel_hormonale_onevenwichtigheden_Ontdek_ons_revolutionaire_product._9.png","use_video":false,"video":"https:\/\/www.youtube.com\/watch?v=_9VUPq3SxOc","video_autoplay":true,"video_controls":true,"height":"adapt","desktop_image_width":"medium","section_width":"full-width-row-full","layout":"text_first","content_position":"text-left","color_bg":"#fafaf8","color_text":"#151515","color_border":"#e2e2e2","disable_top_spacing":true,"disable_bottom_spacing":true}},"image_with_text_EzzjVi":{"type":"image-with-text","blocks":{"subheading_rkNaWa":{"type":"subheading","settings":{"text":"LIBIDO BOOST - Increase Vitality and Hormonal Balance"}},"heading_ALVYq4":{"type":"heading","settings":{"text":"STRENGTHEN YOUR ENERGY & VITALITY","heading_size":"h4"}},"text_iUm6BT":{"type":"text","settings":{"text":"<p>This formula supports both hormonal balance and sexual health, contributing to increased energy, vitality and overall well-being.<br\/><\/p><ul><li>Increases energy and physical performance*<\/li><li>Supports healthy hormonal balance*<\/li><li>Promotes libido and sexual health*<\/li><li>Helps reduce stress and fatigue*<br\/><\/li><\/ul><p>Libido Boost offers a natural way to improve your vitality and overall well-being, leaving you feeling energized and balanced.<\/p>"}}},"block_order":["subheading_rkNaWa","heading_ALVYq4","text_iUm6BT"],"settings":{"image":"shopify:\/\/shop_images\/Vaarwel_hormonale_onevenwichtigheden_Ontdek_ons_revolutionaire_product._10.png","use_video":false,"video":"https:\/\/www.youtube.com\/watch?v=_9VUPq3SxOc","video_autoplay":true,"video_controls":true,"height":"adapt","desktop_image_width":"medium","section_width":"full-width-row-full","layout":"image_first","content_position":"text-left","color_bg":"#fafaf8","color_text":"#151515","color_border":"#e2e2e2","disable_top_spacing":true,"disable_bottom_spacing":true}},"862181d3-4676-4452-b5d3-7d2c0c0e6f9f":{"type":"collapsible-content","blocks":{"template--19144188330318__862181d3-4676-4452-b5d3-7d2c0c0e6f9f-16876359208c5bac1b-0":{"type":"collapsible_tab","settings":{"heading":"Hoe gebruik ik Hormone Balance?","open":false,"content":"<p>Neem gewoon 2 capsules per dag, 1 capsule voor het ontbijt en 1 voor het slapen gaan. Daarna kun je je dag verder invullen en genieten van de voordelen.<\/p>","page":""}},"template--19144188330318__862181d3-4676-4452-b5d3-7d2c0c0e6f9f-16876359208c5bac1b-1":{"type":"collapsible_tab","settings":{"heading":"Hoe smaken de formules?","open":false,"content":"<p>De ingrediënten zijn stevig ingekapseld in kleine vegetarische capsules, zodat je de smaak of het aroma niet voelt.<\/p>","page":""}},"template--19144188330318__862181d3-4676-4452-b5d3-7d2c0c0e6f9f-16876359208c5bac1b-2":{"type":"collapsible_tab","settings":{"heading":"Hoe lang gaat een pot mee?","open":false,"content":"<p>Eén potje Hormon Balance bevat 30 porties. Het is echter ontworpen om een maand mee te gaan. We raden aan om 6 van de 7 dagen 2 capsules per dag in te nemen.<\/p>","page":""}},"template--19144188330318__862181d3-4676-4452-b5d3-7d2c0c0e6f9f-16876359208c5bac1b-3":{"type":"collapsible_tab","settings":{"heading":"Wat zijn de ingrediënten van deze formule?","open":false,"content":"<p>Onze hormoonbalansformule is zorgvuldig samengesteld met een mix van natuurlijke ingrediënten die synergetisch werken om de hormonale gezondheid te ondersteunen.<\/p><p>De belangrijkste ingrediënten zijn inositol, monnikspeper, ashwagandha, pinusextract en magnesium.<br\/><\/p><ul><li><em><strong>Inositol <\/strong><\/em>bevordert de hormonale balans en het mentale welzijn, terwijl<\/li><li><em><strong>Monnikspeper <\/strong><\/em>de menstruatiecyclus helpt reguleren en symptomen van PMS verlicht.<\/li><li><em><strong>Ashwagandha<\/strong><\/em> ondersteunt de algehele hormonale gezondheid en vermindert stress.<\/li><li><em><strong>Pinusextract<\/strong><\/em> heeft antioxiderende en ontstekingsremmende eigenschappen.<br\/><\/li><\/ul><p>Tot slot speelt magnesium een cruciale rol bij de hormoonsynthese en de algehele hormoonbalans.<\/p><p>Samen vormen deze zorgvuldig geselecteerde ingrediënten een krachtige formule om je hormonale welzijn te ondersteunen.<\/p>","page":""}},"template--19144188330318__862181d3-4676-4452-b5d3-7d2c0c0e6f9f-16876359208c5bac1b-4":{"type":"collapsible_tab","settings":{"heading":"Wanneer kan ik resultaat verwachten?","open":false,"content":"<p>Dit zijn de typische resultaten die we hebben waargenomen bij veel van onze meer dan 31.643 tevreden klanten,evenals de wetenschappelijke onderzoeken achter onze ingrediënten:<\/p><ul><li>Verhoogt het energieniveau en de stemming vanaf dag 1<\/li><li>Vermindert een opgeblazen gevoel en vochtretentie in 1 tot 3 dagen<\/li><li>Elimineert opvliegers in slechts 4 tot 7 dagen<\/li><li>Leidt tot diepe, ononderbroken slaap in 5 tot 7 dagen<\/li><li>Begint hormonale gewichtsverandering in 15 tot 30 dagen<\/li><\/ul>","page":""}},"21d71794-2ddf-457a-b406-01d9c000fc33":{"type":"collapsible_tab","settings":{"heading":"Waar wordt Hormone Balance gemaakt?","open":false,"content":"<p>Hormone Balance wordt geproduceerd in kleine batches om een hoge kwaliteit te garanderen. We produceren het in Nederland onder de strenge veiligheidsnormen van de Europese Unie. Dit zijn 's werelds toonaangevende normen voor kwaliteitscertificering en benchmarktests voor ingrediënten, productie en eindproducten.<\/p>","page":""}},"4576634f-8ea3-400e-b0d7-3d5ea325c2e9":{"type":"collapsible_tab","settings":{"heading":"Product disclaimers en medische informatie","open":false,"content":"<p>Het wordt aanbevolen om een arts te raadplegen voordat je ons product gebruikt tijdens het geven van borstvoeding. <\/p><p>Moeders die borstvoeding geven moeten speciale aandacht besteden aan het gebruik van supplementen, <\/p><p>omdat de stoffen in de moedermelk terecht kunnen komen en invloed kunnen hebben op de zuigeling.<\/p><p><br\/><\/p><p>Hoewel ons product natuurlijke ingrediënten bevat, is het belangrijk om de veiligheid en geschiktheid voor gebruik tijdens de borstvoeding te garanderen. <\/p><p>Medische professionals kunnen je adviseren over je individuele situatie en je helpen een weloverwogen beslissing te nemen over het gebruik van <\/p><p>supplementen tijdens de borstvoeding. De gezondheid en het welzijn van zowel moeder als baby zijn cruciaal tijdens deze belangrijke periode.<\/p>","page":""}}},"block_order":["template--19144188330318__862181d3-4676-4452-b5d3-7d2c0c0e6f9f-16876359208c5bac1b-0","template--19144188330318__862181d3-4676-4452-b5d3-7d2c0c0e6f9f-16876359208c5bac1b-1","template--19144188330318__862181d3-4676-4452-b5d3-7d2c0c0e6f9f-16876359208c5bac1b-2","template--19144188330318__862181d3-4676-4452-b5d3-7d2c0c0e6f9f-16876359208c5bac1b-3","template--19144188330318__862181d3-4676-4452-b5d3-7d2c0c0e6f9f-16876359208c5bac1b-4","21d71794-2ddf-457a-b406-01d9c000fc33","4576634f-8ea3-400e-b0d7-3d5ea325c2e9"],"disabled":true,"settings":{"heading":"Meest gestelde vragen","description":"","uppercase_heading":false,"disable_top_spacing":true,"disable_bottom_spacing":true}},"cfbf0b99-34c1-466d-ba31-d5ac9c5a5cb9":{"type":"multicolumn","blocks":{"template--19144188330318__cfbf0b99-34c1-466d-ba31-d5ac9c5a5cb9-1687636829feb865c0-0":{"type":"column","settings":{"image":"shopify:\/\/shop_images\/Ontwerp_zonder_titel_75.jpg","image_full_width":false,"retina":false,"title":"","text":"","link_label":"","link":""}},"template--19144188330318__cfbf0b99-34c1-466d-ba31-d5ac9c5a5cb9-1687636829feb865c0-1":{"type":"column","settings":{"image_full_width":false,"retina":true,"title":"","text":"","link_label":"","link":""}},"template--19144188330318__cfbf0b99-34c1-466d-ba31-d5ac9c5a5cb9-1687636829feb865c0-2":{"type":"column","settings":{"image":"shopify:\/\/shop_images\/Zonder_titel_800_x_500_px_800_x_800_px.jpg","image_full_width":false,"retina":true,"title":"","text":"","link_label":"","link":""}},"template--19144188330318__cfbf0b99-34c1-466d-ba31-d5ac9c5a5cb9-1687636829feb865c0-3":{"type":"column","settings":{"image":"shopify:\/\/shop_images\/Zonder_titel_800_x_500_px_800_x_800_px_2.jpg","image_full_width":false,"retina":true,"title":"","text":"","link_label":"","link":""}}},"block_order":["template--19144188330318__cfbf0b99-34c1-466d-ba31-d5ac9c5a5cb9-1687636829feb865c0-0","template--19144188330318__cfbf0b99-34c1-466d-ba31-d5ac9c5a5cb9-1687636829feb865c0-1","template--19144188330318__cfbf0b99-34c1-466d-ba31-d5ac9c5a5cb9-1687636829feb865c0-2","template--19144188330318__cfbf0b99-34c1-466d-ba31-d5ac9c5a5cb9-1687636829feb865c0-3"],"disabled":true,"settings":{"heading":"Wereldwijd geliefd en gebruikt","heading_left":false,"description":"<p>Met meer dan <strong>100.000 potten wereldwijd verkocht <\/strong>Jennah Organics® heeft duizenden mensen geholpen hun gezondheid weer op schema te krijgen door natuurlijke kruiden die al duizenden jaren worden gebruikt voor verschillende gezondheidsdoeleinden.<\/p>","full_width":true,"display_type":"grid","image_ratio":"adapt","columns_desktop":4,"text_alignment":"left","heading_size":"h5","mobile_swipe":true,"show_progress_bar":true,"disable_top_spacing":false,"disable_bottom_spacing":false}},"product-recommendations":{"type":"product-recommendations","settings":{"heading":"Others Also Bought","heading_left":true,"description":"","full_width":true,"mobile_swipe":true,"disable_top_spacing":false,"disable_bottom_spacing":true}},"d3a768c8-3460-4977-97f9-2ef772bcdfc8":{"type":"kopstorm-section-2","settings":{"background-color":"#edeae3","title":"Jennah Organics®","description":"Ontdek de schoonheid van arganolie™"}}},"order":["breadcrumbs","kopstorm_categories_YbN3YQ","main-product","521bd027-3516-40ea-bfcd-dfccab7a076a","4af37162-67cb-4d3e-9b7a-a8e396d8b7cb","e5fb4b67-6ca5-4027-9085-b24473de7a47","674829ae-dbfa-456c-8921-928718c60604","e93b4122-3384-42a8-a501-446494a076df","image_with_text_V47DKM","image_with_text_3Xyc44","image_with_text_EzzjVi","862181d3-4676-4452-b5d3-7d2c0c0e6f9f","cfbf0b99-34c1-466d-ba31-d5ac9c5a5cb9","product-recommendations","d3a768c8-3460-4977-97f9-2ef772bcdfc8"]}