{"sections":{"product_lp_yx7KC8":{"type":"product_lp","blocks":{"loox_reviews_loox_rating_BwTqWY":{"type":"shopify:\/\/apps\/loox-reviews\/blocks\/loox-rating\/5c3b337f-fd14-4df5-b1d6-80ec13e6e28e","settings":{"contentSize":20,"pattern":"[rating] \/ 5.0 Excellent | [count]+ Reviews","hideText":false,"alignment":"left","layout":"","textColor":"#212121","starColor":"#ff6f61","showAllReviews":false,"looxOpenFloatingWidget":false,"emptyRatingWidget":false}},"heading_tVYUMD":{"type":"heading","settings":{"text":"{{ product.title }}","heading_size":"h1","custom_class":"product_title_lp"}},"richtext_tr8EEj":{"type":"richtext","settings":{"text":"<ul><li>Supports Hormonal Balance Naturally<\/li><li>Clinically Backed Formula<\/li><li>Vegan & 100% Organic<\/li><\/ul>","custom_class":"product_description_top"}},"price_Eb4ybP":{"type":"price","settings":{"text1":"Save"}},"variants_tMw3wn":{"type":"variants","settings":{}},"checkout_button_66VnDp":{"type":"checkout_button","settings":{"text":"Add To Cart - "}},"stock_BWYhpD":{"type":"stock","settings":{"text":"<strong>Free over £50<\/strong> - delivery by:","days":"2"}},"icons_with_text_CKG6yc":{"type":"icons_with_text","settings":{"svg1":"","image1":"shopify:\/\/shop_images\/product_icon1.webp","text1":"100% Traceable","svg2":"","image2":"shopify:\/\/shop_images\/product_icon2.webp","text2":"Vegan & Organic","svg3":"","image3":"shopify:\/\/shop_images\/product_icon3.webp","text3":"Third Party Tested","custom_class":""}},"faq_yniUF3":{"type":"faq","settings":{"question":"Product Description","answer":"{{ section.settings.product.metafields.custom.benifits | metafield_tag }}","custom_class":"description_faq"}},"faq_YNrPxw":{"type":"faq","settings":{"question":"Ingredients","answer":"{{ section.settings.product.metafields.custom.ingredients | metafield_tag }}","custom_class":"ingredients_faq"}},"faq_zzgPgQ":{"type":"faq","settings":{"question":"How To Use","answer":"{{ section.settings.product.metafields.custom.how_to_use | metafield_tag }}","custom_class":"how_to_use_faq"}},"faq_pfHYPb":{"type":"faq","settings":{"question":"Shipping & Returns","answer":"<p><strong>Shipping: <\/strong><br\/>Enjoy free shipping on orders over £50. Orders are typically processed within 2-3 business days and delivered promptly.<br\/><br\/><strong>Returns: <\/strong><br\/>Jennah Organics offers a 30-day satisfaction guarantee. If you’re not completely happy with your purchase, contact customer support for assistance or a refund.<\/p>","custom_class":"shipping_faq"}}},"block_order":["loox_reviews_loox_rating_BwTqWY","heading_tVYUMD","richtext_tr8EEj","price_Eb4ybP","variants_tMw3wn","checkout_button_66VnDp","stock_BWYhpD","icons_with_text_CKG6yc","faq_yniUF3","faq_YNrPxw","faq_zzgPgQ","faq_pfHYPb"],"settings":{"product":"{{ product }}","custom_class":"","custom_id":"","bg_color":"","color":"#212121","heading":"","text":"","custom_images":false,"padding_top":72,"padding_bottom":70,"padding_top_mobile":20,"padding_bottom_mobile":25}},"review_slider_LtcTDJ":{"type":"review_slider","blocks":{"review_PXERpc":{"type":"review","disabled":true,"settings":{"image":"shopify:\/\/shop_images\/image_6.png","loading":"eager","fetchpriority":"high","title":"Quick Results","text":"Within a short time, i already noticed results. Less body fat and more energy","name":"Emily"}},"review_PXHTFA":{"type":"review","disabled":true,"settings":{"image":"shopify:\/\/shop_images\/image_6.png","loading":"eager","fetchpriority":"high","title":"Colon Cleanse Tablets","text":"I bought colon cleanse tablets really enjoyed very comfortable, would recommend I've also bought more plus the liver cleanse tablets","name":"Marie Finnegan"}},"review_dz8b4M":{"type":"review","disabled":true,"settings":{"image":"shopify:\/\/shop_images\/image_6.png","loading":"eager","fetchpriority":"high","title":"Hormone Balance Support","text":"I've been taking the Hormone Balance supplements now for a week and I have been feeling great. My energy levels are alot better. Brilliant product 👏","name":"Sonia"}},"review_cdKDUG":{"type":"review","disabled":true,"settings":{"image":"shopify:\/\/shop_images\/image_6.png","loading":"eager","fetchpriority":"high","title":"Wow it works!","text":"Wow! Do these work. Took two tablets and had movement after 4 hours. Visited the toilet 4 times. Feeling good thanks Jennah Organics will definitely recommend!","name":"MISSDAWNCSMITH"}},"review_yKfpRj":{"type":"review","disabled":true,"settings":{"image":"shopify:\/\/shop_images\/image_6.png","loading":"eager","fetchpriority":"high","title":"Wasn’t sure what to expect","text":"Wasn’t sure what to expect, but what a good product. Keeping my subscription, I feel so much better in myself every day! Thankyou","name":"Sophie"}},"review_N6QQMh":{"type":"review","settings":{"image":"shopify:\/\/shop_images\/image_6.png","loading":"eager","fetchpriority":"high","title":"My daily dose of rejuvenation!","text":"The wonderful fragrance and silky texture leave my skin glowing. Highly recommended!","name":"Lisa S."}},"review_WmipP6":{"type":"review","settings":{"image":"shopify:\/\/shop_images\/image_6.png","loading":"eager","fetchpriority":"high","title":"A fresh start every morning!","text":"After a few days of use, my skin felt softer and more radiant.","name":"Emily S."}},"review_UfN7p3":{"type":"review","settings":{"image":"shopify:\/\/shop_images\/image_6.png","loading":"eager","fetchpriority":"high","title":"Citrus Dream makes my skin feel reborn.","text":"This rejuvenating formula has given my skin a new glow. I feel energized and radiant every day!","name":"Jessica M."}},"review_JdNn74":{"type":"review","settings":{"image":"shopify:\/\/shop_images\/image_6.png","loading":"eager","fetchpriority":"high","title":"Citrus Dream is my secret weapon for youthful radiance.","text":"My skin feels renewed and rejuvenated after each application. It has become an essential part of my daily routine!","name":"Rachel L."}},"review_hK6CfV":{"type":"review","settings":{"image":"shopify:\/\/shop_images\/image_6.png","loading":"eager","fetchpriority":"high","title":"Radiant Result","text":"I am amazed by the improvement in my skin texture and complexion. This product is an absolute gamechanger!","name":"Victoria H."}},"review_N69AX9":{"type":"review","settings":{"image":"shopify:\/\/shop_images\/image_6.png","loading":"eager","fetchpriority":"high","title":"This really works very well for me. I","text":"My skin feels softer and more hydrated than ever before. I can't believe what a difference this formula has made!","name":"Isabelle G"}},"review_beiGLf":{"type":"review","disabled":true,"settings":{"image":"shopify:\/\/shop_images\/image_6.png","loading":"eager","fetchpriority":"high","title":"Citrus Dream has solved my skin problems.","text":"My skin feels softer and more hydrated than ever before. I can't believe what a difference this formula has made!","name":"Isabelle G"}}},"block_order":["review_PXERpc","review_PXHTFA","review_dz8b4M","review_cdKDUG","review_yKfpRj","review_N6QQMh","review_WmipP6","review_UfN7p3","review_JdNn74","review_hK6CfV","review_N69AX9","review_beiGLf"],"settings":{"custom_class":"trustpilot_reviews_slider trustpilot_reviews_slider_pdp","custom_id":"reviews","svg_desktop":"","svg_mobile":"","svg_desktop2":"","svg_mobile2":"","bg_color":"#fce5e2","color":"#212121","image":"shopify:\/\/shop_images\/section_5_star.webp","heading":"Rated <em>excellent<\/em> by others just like you","subheading":"<strong>Rated<\/strong> 4.7 \/ 5.0 | 699 Reviews","padding_top":60,"padding_bottom":60,"padding_top_mobile":25,"padding_bottom_mobile":25}},"richtext_lp_7qKinU":{"type":"richtext_lp","blocks":{"heading_QQVhRE":{"type":"heading","settings":{"text":"Unlock Maximum Fat Burning for<em> Real Results<\/em>","heading_size":"h1","h1":false,"custom_class":"results_heading_pdp"}}},"block_order":["heading_QQVhRE"],"settings":{"custom_class":"real_results_pdp_main","custom_id":"","svg_desktop":"","svg_mobile":"","svg_desktop2":"","svg_mobile2":"","bg_color":"","bg_color2":"","color":"#212121","position":"center","padding_top":70,"padding_bottom":30,"padding_top_mobile":30,"padding_bottom_mobile":13}},"image_width_text_lp_LXC3Wq":{"type":"image_width_text_lp","blocks":{"icon_with_text_CVpkiW":{"type":"icon_with_text","settings":{"svg1":"","image1":"shopify:\/\/shop_images\/tanning_9646335d-cfdf-43f8-9e03-fe4fa104ddc3.png","text1":"<strong>Evens Skin Tone<\/strong>Reduces dark spots for a more uniform complexion","loading":"lazy","fetchpriority":"low","custom_class":"real_result_item real_result_item_pdp2"}},"icon_with_text_dtPdeQ":{"type":"icon_with_text","settings":{"svg1":"","image1":"shopify:\/\/shop_images\/hydrating.png","text1":"<strong>Deep Hydration<\/strong>Hyaluronic acid provides lasting moisture","loading":"lazy","fetchpriority":"low","custom_class":"real_result_item real_result_item_pdp2"}},"icon_with_text_zXRmJN":{"type":"icon_with_text","settings":{"svg1":"","image1":"shopify:\/\/shop_images\/sun-protection.png","text1":"<strong>UV Protection<\/strong>Antioxidants shield skin from harmful UV rays","loading":"lazy","fetchpriority":"low","custom_class":"real_result_item real_result_item_pdp2"}},"icon_with_text_HPAh7Q":{"type":"icon_with_text","settings":{"svg1":"","image1":"shopify:\/\/shop_images\/collagen_1.png","text1":"<strong>Collagen Boost <\/strong>Stimulates collagen production for firmer skin","loading":"lazy","fetchpriority":"low","custom_class":"real_result_item real_result_item_pdp2"}}},"block_order":["icon_with_text_CVpkiW","icon_with_text_dtPdeQ","icon_with_text_zXRmJN","icon_with_text_HPAh7Q"],"settings":{"custom_class":"wellness_journey wellness_journey_pdp2 sticky_image_desktop","custom_id":"","svg_desktop":"","svg_mobile":"","svg_desktop2":"","svg_mobile2":"","bg_color":"","bg_color2":"rgba(0,0,0,0)","color":"#141414","position":"left","position_image":"left","content_size":50,"heading1":"","image":"shopify:\/\/shop_images\/Zonder_titel_1995_x_2000_px_3.png","heading2":"","loading":"lazy","fetchpriority":"low","image_size":50,"padding_top":30,"padding_bottom":70,"padding_top_mobile":12,"padding_bottom_mobile":30}},"column_slider2_hCtBbp":{"type":"ingredient_slider","blocks":{"ingredient_KRaWGL":{"type":"ingredient","settings":{"image":"shopify:\/\/shop_images\/Zonder_titel_430_x_276_px_10_c7c0a4ce-ccbe-4bca-a9f5-2916c498965d.png","loading":"eager","fetchpriority":"high","title":"Aqua","text":"<p><strong>Source<\/strong><br\/>Purified water<br\/><br\/><strong>Benefit<\/strong><br\/>Acts as the base of the serum, delivering essential hydration and aiding in the absorption of active ingredients.<\/p>"}},"ingredient_rx8eLd":{"type":"ingredient","settings":{"image":"shopify:\/\/shop_images\/ingredients2.webp","loading":"eager","fetchpriority":"high","title":"Propylene Glycol","text":"<p><strong>Source<\/strong><br\/>Synthetic humectant derived from petroleum or plant-based sources<br\/><br\/><strong>Benefit<\/strong><br\/>Helps the skin retain moisture, improves texture, and enhances the delivery of other ingredients for better absorption.<\/p>"}},"ingredient_jGFtAb":{"type":"ingredient","settings":{"image":"shopify:\/\/shop_images\/Zonder_titel_430_x_276_px_9.png","loading":"eager","fetchpriority":"high","title":"Hydrogenated Castor Oil","text":"<p><strong>Source<\/strong><br\/>Derived from castor beans<br\/><br\/><strong>Benefit<\/strong><br\/>Works as an emollient, smoothing and conditioning the skin while providing a soft, supple feel.<\/p>"}},"ingredient_XQQC7P":{"type":"ingredient","settings":{"image":"shopify:\/\/shop_images\/Zonder_titel_430_x_276_px_12.png","loading":"eager","fetchpriority":"high","title":"Panthenol","text":"<p><strong>Source<\/strong><br\/>Derived from pantothenic acid (Vitamin B5)<br\/><br\/><strong>Benefit<\/strong><br\/>Soothes, moisturizes, and supports skin barrier repair, reducing irritation and dryness.<\/p>"}},"ingredient_Q4GkC7":{"type":"ingredient","settings":{"image":"shopify:\/\/shop_images\/Zonder_titel_430_x_276_px_13.png","loading":"eager","fetchpriority":"high","title":"Sodium Ascorbyl Phosphate","text":"<p><strong>Source<\/strong><br\/>Derived from Vitamin C (ascorbic acid)<br\/><br\/><strong>Benefit<\/strong><br\/>Brightens the skin, protects against UV damage, and stimulates collagen production for a firmer, more radiant complexion.<\/p>"}},"ingredient_TwUTAN":{"type":"ingredient","settings":{"image":"shopify:\/\/shop_images\/Zonder_titel_430_x_276_px_11.png","loading":"eager","fetchpriority":"high","title":"Sodium Hyaluronate","text":"<p><strong>Source<\/strong><br\/>Derived from hyaluronic acid, naturally found in the skin<br\/><br\/><strong>Benefit<\/strong><br\/>Deeply hydrates by attracting and retaining moisture, plumping the skin and reducing fine lines.<\/p>"}},"ingredient_xMMnAQ":{"type":"ingredient","settings":{"loading":"lazy","fetchpriority":"low","title":"Tocopherol Acetate","text":"<p><strong>Source<br\/><\/strong>Derived from Vitamin E (tocopherol), found in vegetable oils and nuts<br\/><br\/><strong>Benefit<br\/><\/strong>Acts as a powerful antioxidant that protects the skin from free radical damage, helping to prevent premature aging.<\/p>"}}},"block_order":["ingredient_KRaWGL","ingredient_rx8eLd","ingredient_jGFtAb","ingredient_XQQC7P","ingredient_Q4GkC7","ingredient_TwUTAN","ingredient_xMMnAQ"],"disabled":true,"settings":{"custom_class":"ingredients_lp","custom_id":"","bg_color":"#fce5e2","color":"#141414","heading":"Unlock the Power of <em>Glow Essence<\/em>","subheading":"","padding_top":70,"padding_bottom":70,"padding_top_mobile":35,"padding_bottom_mobile":31}},"richtext_lp_wxAcmN":{"type":"richtext_lp","blocks":{"heading_idKcXa":{"type":"heading","settings":{"text":"How It Works with <em>Your Body<\/em>","heading_size":"h1","h1":false,"custom_class":"works_jeading_pdp"}},"richtext_kEcRgE":{"type":"richtext","settings":{"text":"<p>Science-backed solutions designed to work in harmony with your body to deliver real, noticeable results<\/p>","custom_class":"works_text_pdp"}}},"block_order":["heading_idKcXa","richtext_kEcRgE"],"settings":{"custom_class":"works_pdp_main","custom_id":"","svg_desktop":"","svg_mobile":"","svg_desktop2":"","svg_mobile2":"","bg_color":"","bg_color2":"","color":"#000000","position":"center","padding_top":70,"padding_bottom":25,"padding_top_mobile":25,"padding_bottom_mobile":13}},"image_width_text_lp_7wpBKn":{"type":"image_width_text_lp","blocks":{"icon_with_text_qixkid":{"type":"icon_with_text","settings":{"svg1":"","image1":"shopify:\/\/shop_images\/work_body_icon1.webp","text1":"Carefully selected ingredients like Hyaluronic Acid, Vitamin C, and Panthenol deeply hydrate and nourish your skin, enhancing its natural glow and resilience","loading":"lazy","fetchpriority":"low","custom_class":"real_result_item real_result_item_pdp"}},"icon_with_text_7TcJKp":{"type":"icon_with_text","settings":{"svg1":"","image1":"shopify:\/\/shop_images\/work_body_icon2.webp","text1":"Active compounds work together to brighten skin tone, reduce dark spots, and protect against UV damage, promoting a youthful, radiant complexion.","loading":"lazy","fetchpriority":"low","custom_class":"real_result_item real_result_item_pdp"}},"icon_with_text_JgbYTX":{"type":"icon_with_text","settings":{"svg1":"","image1":"shopify:\/\/shop_images\/work_body_icon3.webp","text1":"Glow Essence™ Serum is designed to boost collagen, restore skin balance, and strengthen the skin’s protective barrier, ensuring long-term hydration and visible improvement.","loading":"lazy","fetchpriority":"low","custom_class":"real_result_item real_result_item_pdp"}}},"block_order":["icon_with_text_qixkid","icon_with_text_7TcJKp","icon_with_text_JgbYTX"],"settings":{"custom_class":"wellness_journey wellness_journey_pdp sticky_image_desktop","custom_id":"","svg_desktop":"","svg_mobile":"","svg_desktop2":"","svg_mobile2":"","bg_color":"","bg_color2":"rgba(0,0,0,0)","color":"#141414","position":"center","position_image":"right","content_size":50,"heading1":"","image":"shopify:\/\/shop_images\/Ontwerp_zonder_titel_19_e10192e4-1e7e-4727-aee1-e63081fa0134.png","heading2":"","loading":"lazy","fetchpriority":"low","image_size":50,"padding_top":25,"padding_bottom":70,"padding_top_mobile":12,"padding_bottom_mobile":43}},"icons_with_text_lp_7idjx6":{"type":"icons_with_text_lp","blocks":{"column_KXhrMr":{"type":"column","settings":{"svg":"<svg xmlns=\"http:\/\/www.w3.org\/2000\/svg\" width=\"11\" height=\"12\" viewBox=\"0 0 11 12\" fill=\"none\">\n  <path d=\"M5.21023 1.08077C5.28971 0.784358 5.71029 0.784359 5.78977 1.08077L6.72371 4.56421C6.75146 4.6677 6.8323 4.74854 6.93579 4.77629L10.4192 5.71023C10.7156 5.78971 10.7156 6.21029 10.4192 6.28977L6.93579 7.22371C6.8323 7.25146 6.75146 7.3323 6.72371 7.43579L5.78977 10.9192C5.71029 11.2156 5.28971 11.2156 5.21023 10.9192L4.27629 7.43579C4.24854 7.3323 4.1677 7.25146 4.06421 7.22371L0.580772 6.28977C0.284358 6.21029 0.284359 5.78971 0.580773 5.71023L4.06421 4.77629C4.1677 4.74854 4.24854 4.6677 4.27629 4.56421L5.21023 1.08077Z\" fill=\"#FF6F61\"\/>\n<\/svg>","text":"Trusted By Thousands"}},"column_VALhQG":{"type":"column","settings":{"svg":"<svg xmlns=\"http:\/\/www.w3.org\/2000\/svg\" width=\"11\" height=\"12\" viewBox=\"0 0 11 12\" fill=\"none\">\n  <path d=\"M5.21023 1.08077C5.28971 0.784358 5.71029 0.784359 5.78977 1.08077L6.72371 4.56421C6.75146 4.6677 6.8323 4.74854 6.93579 4.77629L10.4192 5.71023C10.7156 5.78971 10.7156 6.21029 10.4192 6.28977L6.93579 7.22371C6.8323 7.25146 6.75146 7.3323 6.72371 7.43579L5.78977 10.9192C5.71029 11.2156 5.28971 11.2156 5.21023 10.9192L4.27629 7.43579C4.24854 7.3323 4.1677 7.25146 4.06421 7.22371L0.580772 6.28977C0.284358 6.21029 0.284359 5.78971 0.580773 5.71023L4.06421 4.77629C4.1677 4.74854 4.24854 4.6677 4.27629 4.56421L5.21023 1.08077Z\" fill=\"#FF6F61\"\/>\n<\/svg>","text":"Effortless Wellness"}},"column_hi3zPM":{"type":"column","settings":{"svg":"<svg xmlns=\"http:\/\/www.w3.org\/2000\/svg\" width=\"11\" height=\"12\" viewBox=\"0 0 11 12\" fill=\"none\">\n  <path d=\"M5.21023 1.08077C5.28971 0.784358 5.71029 0.784359 5.78977 1.08077L6.72371 4.56421C6.75146 4.6677 6.8323 4.74854 6.93579 4.77629L10.4192 5.71023C10.7156 5.78971 10.7156 6.21029 10.4192 6.28977L6.93579 7.22371C6.8323 7.25146 6.75146 7.3323 6.72371 7.43579L5.78977 10.9192C5.71029 11.2156 5.28971 11.2156 5.21023 10.9192L4.27629 7.43579C4.24854 7.3323 4.1677 7.25146 4.06421 7.22371L0.580772 6.28977C0.284358 6.21029 0.284359 5.78971 0.580773 5.71023L4.06421 4.77629C4.1677 4.74854 4.24854 4.6677 4.27629 4.56421L5.21023 1.08077Z\" fill=\"#FF6F61\"\/>\n<\/svg>","text":"Vegan Friendly"}},"column_yEgdrM":{"type":"column","settings":{"svg":"<svg xmlns=\"http:\/\/www.w3.org\/2000\/svg\" width=\"11\" height=\"12\" viewBox=\"0 0 11 12\" fill=\"none\">\n  <path d=\"M5.21023 1.08077C5.28971 0.784358 5.71029 0.784359 5.78977 1.08077L6.72371 4.56421C6.75146 4.6677 6.8323 4.74854 6.93579 4.77629L10.4192 5.71023C10.7156 5.78971 10.7156 6.21029 10.4192 6.28977L6.93579 7.22371C6.8323 7.25146 6.75146 7.3323 6.72371 7.43579L5.78977 10.9192C5.71029 11.2156 5.28971 11.2156 5.21023 10.9192L4.27629 7.43579C4.24854 7.3323 4.1677 7.25146 4.06421 7.22371L0.580772 6.28977C0.284358 6.21029 0.284359 5.78971 0.580773 5.71023L4.06421 4.77629C4.1677 4.74854 4.24854 4.6677 4.27629 4.56421L5.21023 1.08077Z\" fill=\"#FF6F61\"\/>\n<\/svg>","text":"Trusted By Thousands"}},"column_UYreiQ":{"type":"column","settings":{"svg":"<svg xmlns=\"http:\/\/www.w3.org\/2000\/svg\" width=\"11\" height=\"12\" viewBox=\"0 0 11 12\" fill=\"none\">\n  <path d=\"M5.21023 1.08077C5.28971 0.784358 5.71029 0.784359 5.78977 1.08077L6.72371 4.56421C6.75146 4.6677 6.8323 4.74854 6.93579 4.77629L10.4192 5.71023C10.7156 5.78971 10.7156 6.21029 10.4192 6.28977L6.93579 7.22371C6.8323 7.25146 6.75146 7.3323 6.72371 7.43579L5.78977 10.9192C5.71029 11.2156 5.28971 11.2156 5.21023 10.9192L4.27629 7.43579C4.24854 7.3323 4.1677 7.25146 4.06421 7.22371L0.580772 6.28977C0.284358 6.21029 0.284359 5.78971 0.580773 5.71023L4.06421 4.77629C4.1677 4.74854 4.24854 4.6677 4.27629 4.56421L5.21023 1.08077Z\" fill=\"#FF6F61\"\/>\n<\/svg>","text":"Effortless Wellness"}},"column_jqNqxe":{"type":"column","settings":{"svg":"<svg xmlns=\"http:\/\/www.w3.org\/2000\/svg\" width=\"11\" height=\"12\" viewBox=\"0 0 11 12\" fill=\"none\">\n  <path d=\"M5.21023 1.08077C5.28971 0.784358 5.71029 0.784359 5.78977 1.08077L6.72371 4.56421C6.75146 4.6677 6.8323 4.74854 6.93579 4.77629L10.4192 5.71023C10.7156 5.78971 10.7156 6.21029 10.4192 6.28977L6.93579 7.22371C6.8323 7.25146 6.75146 7.3323 6.72371 7.43579L5.78977 10.9192C5.71029 11.2156 5.28971 11.2156 5.21023 10.9192L4.27629 7.43579C4.24854 7.3323 4.1677 7.25146 4.06421 7.22371L0.580772 6.28977C0.284358 6.21029 0.284359 5.78971 0.580773 5.71023L4.06421 4.77629C4.1677 4.74854 4.24854 4.6677 4.27629 4.56421L5.21023 1.08077Z\" fill=\"#FF6F61\"\/>\n<\/svg>","text":"Vegan Friendly"}}},"block_order":["column_KXhrMr","column_VALhQG","column_hi3zPM","column_yEgdrM","column_UYreiQ","column_jqNqxe"],"settings":{"custom_class":"under_banner_scroll_bar","custom_id":"","bg_color":"","text_color":"#212121","enable_slider":true,"slider_speed":9,"columns_desktop":3,"columns_mobile":2,"padding_top":16,"padding_bottom":16,"padding_top_mobile":11,"padding_bottom_mobile":10}},"richtext_lp_hUeUCf":{"type":"richtext_lp","blocks":{"heading_tcYWwe":{"type":"heading","settings":{"text":"Why Choose <em>Jennah?<\/em>","heading_size":"h1","h1":false,"custom_class":"stand_heading stand_heading_pdp"}},"richtext_hmCkRe":{"type":"richtext","settings":{"text":"<p>Explore how premium ingredients and thoughtful design set us apart.<\/p>","custom_class":"stand_text stand_text_pdp"}},"two_image_with_text_gMLBwK":{"type":"two_image_with_text","settings":{"image1":"shopify:\/\/shop_images\/Ontwerp_zonder_titel_20_81c2969a-ad68-4ffd-933c-23b0de100c68.png","text1":"<ul><li>Enriched with Vitamin C & Hyaluronic Acid<\/li><li>Advanced Skin Protection<\/li><li>Collagen-Boosting Formula<\/li><li>Non-Greasy & Lightweight<\/li><li>Gentle & Skin-Loving Ingredients<\/li><\/ul>","image2":"shopify:\/\/shop_images\/jennah_img1_19cc7054-e00a-47eb-9374-0c3fb9283a74.png","image2_mobile":"shopify:\/\/shop_images\/stands_out.png","text2":"<ul><li>May Lack Essential Vitamins<br\/><\/li><li>Minimal Hydration Support<br\/><\/li><li>Weak Antioxidant Protection<br\/><\/li><li>Heavy or Sticky Feel<br\/><\/li><li>Potentially Harsh Ingredients<\/li><\/ul>","loading":"lazy","fetchpriority":"low","custom_class":"stand_left_right_main stand_left_right_main_pdp"}}},"block_order":["heading_tcYWwe","richtext_hmCkRe","two_image_with_text_gMLBwK"],"settings":{"custom_class":"stand_lp stand_lp_pdp","custom_id":"","svg_desktop":"","svg_mobile":"","svg_desktop2":"","svg_mobile2":"","bg_color":"","bg_color2":"","color":"#141414","position":"center","padding_top":70,"padding_bottom":70,"padding_top_mobile":25,"padding_bottom_mobile":40}},"richtext_lp_bgWPAg":{"type":"richtext_lp","blocks":{"heading_jicTCh":{"type":"heading","settings":{"text":"Feel the Difference in <em>30 Days<\/em>","heading_size":"h1","h1":false,"custom_class":"difference_heading"}},"richtext_BBj97A":{"type":"richtext","settings":{"text":"<p>Our customers love the results. Every formula is crafted with natural, high-quality ingredients for your wellness journey.<\/p>","custom_class":"difference_text"}},"richtext_PXBAtA":{"type":"richtext","settings":{"text":"<p>Trusted by Thousands, Loved for Results<\/p>","custom_class":"difference_text2_mobile mobile_only"}},"icons_with_text_V7Mdnt":{"type":"icons_with_text","settings":{"svg1":"95","title1":"","text1":"Experienced deep hydration and softer skin.","svg2":"89","title2":"","text2":"Noticed a brighter, more even skin tone.","svg3":"82","title3":"","text3":"Reported reduced appearance of dark spots.","svg4":"91","title4":"","text4":"Felt their skin was more protected against environmental stressors.","svg5":"","title5":"","text5":"","svg6":"","title6":"","text6":"","svg7":"","title7":"","text7":"","svg8":"","title8":"","text8":"","loading":"lazy","fetchpriority":"low","custom_class":"custom_counter difference_icons_with_text"}},"richtext_mUCBD7":{"type":"richtext","settings":{"text":"<p><em>*Results are based on customer feedback and are not scientifically verified.<\/em><\/p>","custom_class":"difference_text2"}}},"block_order":["heading_jicTCh","richtext_BBj97A","richtext_PXBAtA","icons_with_text_V7Mdnt","richtext_mUCBD7"],"settings":{"custom_class":"difference_lp","custom_id":"","svg_desktop":"","svg_mobile":"","svg_desktop2":"","svg_mobile2":"","bg":"shopify:\/\/shop_images\/feel_bg.webp","bg_mobile":"shopify:\/\/shop_images\/feel_bg_mobile.png","bg_color":"","bg_color2":"","color":"#ffffff","position":"center","padding_top":70,"padding_bottom":100,"padding_top_mobile":30,"padding_bottom_mobile":100}},"video_slider_lp_DY39dH":{"type":"video_slider_lp","blocks":{"video_EAjQ3V":{"type":"video","settings":{"video":"shopify:\/\/files\/videos\/Snapinst.app_video_AQP1l3Ta6C3AXZl0zVeiYAiO9ZZlw11LFRTvgCi37fUGDP2vtvWTnYaRkdijJnjryogxXc4l3XbYI17U65ed743nUPq2fQVUzMVgUNY.mp4"}},"video_jCAHET":{"type":"video","settings":{"video":"shopify:\/\/files\/videos\/Snapinst.app_video_AQNO1r1Fg2l6O2BmsgBpYlNLXLfTS5_LJ7n3vc9ETJEqp4U3vBWHj0vQwn_NunSinUVMa-r678Ntmg7nFwRu2dnIodViRaCYsXSRAXY.mp4"}},"video_mQTHEH":{"type":"video","settings":{"video":"shopify:\/\/files\/videos\/Snapinst.app_video_AQP3OfVeNKUdu5APeH9sbzJKfe3iRwEXc1tQTlB3MOdK3vbmamwewlh3h3AFi9WZSBhUekFCs_H4PU8FLPzHZkdLzF9fbyvPt5LazNs.mp4"}},"video_gbBBTH":{"type":"video","settings":{"video":"shopify:\/\/files\/videos\/Snapinst.app_video_AQOPUbED3dfLarlwC0KYm4JlOUzvKJiAVmXZrUhuWK2tpmALUOIstbXFt_k7xZSwdwHmrS_BYX-DyevoJyZXj6B_pd2yNeymQwvMIoU.mp4"}},"video_RMCEPr":{"type":"video","settings":{"video":"shopify:\/\/files\/videos\/Snapinst.app_video_AQONE29LJU-Dn6Uiu2VCcHJgnq3N8_-fKaOY8n04Xvg7NkbGkKgrAmu4fMZ82GSD3YZhQtf3aM2zSbHdo55v3JRYiKUMvnMLl6hjImk.mp4"}}},"block_order":["video_EAjQ3V","video_jCAHET","video_mQTHEH","video_gbBBTH","video_RMCEPr"],"settings":{"custom_class":"video_slider_lp video_slider_lp_pdp","custom_id":"","bg_color":"rgba(0,0,0,0)","heading":"Real <em>Success <\/em>Stories","subheading":"Real stories from real customers experiencing the Jennah Organics difference.","padding_top":35,"padding_bottom":70,"padding_top_mobile":20,"padding_bottom_mobile":26}},"richtext_lp_9k7KPX":{"type":"richtext_lp","blocks":{"html_WtQk36":{"type":"html","settings":{"text":"<svg xmlns=\"http:\/\/www.w3.org\/2000\/svg\" width=\"213\" height=\"36\" viewBox=\"0 0 213 36\" fill=\"none\">\n  <path d=\"M17.9696 0L21.9283 12.1839H34.7392L24.375 19.7139L28.3338 31.8978L17.9696 24.3677L7.60535 31.8978L11.5641 19.7139L1.19992 12.1839H14.0108L17.9696 0Z\" fill=\"#00B67A\"\/>\n  <path d=\"M62.2352 0L66.194 12.1839H79.0048L68.6406 19.7139L72.5994 31.8978L62.2352 24.3677L51.871 31.8978L55.8298 19.7139L45.4655 12.1839H58.2764L62.2352 0Z\" fill=\"#00B67A\"\/>\n  <path d=\"M106.5 0L110.459 12.1839H123.27L112.906 19.7139L116.865 31.8978L106.5 24.3677L96.1361 31.8978L100.095 19.7139L89.7307 12.1839H102.542L106.5 0Z\" fill=\"#00B67A\"\/>\n  <path d=\"M150.765 0L154.724 12.1839H167.535L157.171 19.7139L161.13 31.8978L150.765 24.3677L140.401 31.8978L144.36 19.7139L133.996 12.1839H146.807L150.765 0Z\" fill=\"#00B67A\"\/>\n  <mask id=\"mask0_418_764\" style=\"mask-type:alpha\" maskUnits=\"userSpaceOnUse\" x=\"178\" y=\"0\" width=\"34\" height=\"32\">\n    <path d=\"M195.031 0L198.989 12.1839H211.8L201.436 19.7139L205.395 31.8978L195.031 24.3677L184.666 31.8978L188.625 19.7139L178.261 12.1839H191.072L195.031 0Z\" fill=\"#9575CD\"\/>\n  <\/mask>\n  <g mask=\"url(#mask0_418_764)\">\n    <rect x=\"165.336\" y=\"-21\" width=\"36\" height=\"108\" fill=\"#00B67A\"\/>\n  <\/g>\n<\/svg>","custom_class":"review_main_pdp_rating"}},"richtext_Cxmedq":{"type":"richtext","settings":{"text":"<p>4.7 out of 5.0<\/p>","custom_class":"pdp_rating_avg"}},"richtext_cDXR8E":{"type":"richtext","settings":{"text":"<p>Authentic Stories from Customers Who Love the Results.<\/p>","custom_class":"pdp_rating_text"}}},"block_order":["html_WtQk36","richtext_Cxmedq","richtext_cDXR8E"],"settings":{"custom_class":"","custom_id":"","svg_desktop":"","svg_mobile":"","svg_desktop2":"","svg_mobile2":"","bg_color":"","bg_color2":"","color":"","position":"center","padding_top":16,"padding_bottom":42,"padding_top_mobile":15,"padding_bottom_mobile":11}},"17382175532bd9a146":{"type":"apps","blocks":{"loox_reviews_loox_dynamic_section_mEPBBx":{"type":"shopify:\/\/apps\/loox-reviews\/blocks\/loox-dynamic-section\/5c3b337f-fd14-4df5-b1d6-80ec13e6e28e","settings":{"only_photos":false,"aggregated":false,"limit":40,"hide_thumbnails":false,"maxwidth":1400,"is_sample":true}}},"block_order":["loox_reviews_loox_dynamic_section_mEPBBx"],"settings":{}},"image_width_text_lp_gacqxa":{"type":"image_width_text_lp","blocks":{"heading_tnq6B9":{"type":"heading","settings":{"text":"Results You Can <em>Trust<\/em>","heading_size":"h1","h1":false,"custom_class":"Redefined_section_2text Redefined_section_2text_pdp"}},"richtext_9H46JA":{"type":"richtext","settings":{"text":"<p>Experience the difference in just weeks. Our organic formulations are crafted to deliver visible results naturally, from improved digestion to enhanced vitality.<\/p>","custom_class":"result_pdp_text"}},"icons_with_text_QLqHJr":{"type":"icons_with_text","settings":{"svg1":"<svg xmlns=\"http:\/\/www.w3.org\/2000\/svg\" width=\"21\" height=\"22\" viewBox=\"0 0 21 22\" fill=\"none\">\n  <circle cx=\"10.5\" cy=\"11\" r=\"7.875\" stroke=\"#89DD63\" stroke-width=\"1.75\"\/>\n  <path d=\"M7 11L9.625 13.625L14 8.375\" stroke=\"#89DD63\" stroke-width=\"1.75\"\/>\n<\/svg>","text1":"Balanced Hormones","svg2":"<svg xmlns=\"http:\/\/www.w3.org\/2000\/svg\" width=\"21\" height=\"22\" viewBox=\"0 0 21 22\" fill=\"none\">\n  <circle cx=\"10.5\" cy=\"11\" r=\"7.875\" stroke=\"#89DD63\" stroke-width=\"1.75\"\/>\n  <path d=\"M7 11L9.625 13.625L14 8.375\" stroke=\"#89DD63\" stroke-width=\"1.75\"\/>\n<\/svg>","text2":"Healthier Skin","svg3":"<svg xmlns=\"http:\/\/www.w3.org\/2000\/svg\" width=\"21\" height=\"22\" viewBox=\"0 0 21 22\" fill=\"none\">\n  <circle cx=\"10.5\" cy=\"11\" r=\"7.875\" stroke=\"#89DD63\" stroke-width=\"1.75\"\/>\n  <path d=\"M7 11L9.625 13.625L14 8.375\" stroke=\"#89DD63\" stroke-width=\"1.75\"\/>\n<\/svg>","text3":" Boosted Energy","svg4":"<svg xmlns=\"http:\/\/www.w3.org\/2000\/svg\" width=\"21\" height=\"22\" viewBox=\"0 0 21 22\" fill=\"none\">\n  <circle cx=\"10.5\" cy=\"11\" r=\"7.875\" stroke=\"#89DD63\" stroke-width=\"1.75\"\/>\n  <path d=\"M7 11L9.625 13.625L14 8.375\" stroke=\"#89DD63\" stroke-width=\"1.75\"\/>\n<\/svg>","text4":"Improved Digestion","loading":"lazy","fetchpriority":"low","custom_class":"red_list left red_list_pdp"}},"richtext_Lj8AKA":{"type":"richtext","settings":{"text":"<p><em><strong>“<\/strong><\/em><em>I’ve never felt so energized and balanced. Jennah’s products have made a noticeable difference in my daily life. My skin is glowing, and I finally feel like myself again!<\/em><em><strong>”<\/strong><\/em><\/p>","custom_class":"result_review_text_pdp"}},"icon_with_text_G4DGmK":{"type":"icon_with_text","settings":{"svg1":"<svg xmlns=\"http:\/\/www.w3.org\/2000\/svg\" width=\"24\" height=\"24\" viewBox=\"0 0 24 24\" fill=\"none\">\n  <path fill-rule=\"evenodd\" clip-rule=\"evenodd\" d=\"M12 21C16.9706 21 21 16.9706 21 12C21 7.02944 16.9706 3 12 3C7.02944 3 3 7.02944 3 12C3 16.9706 7.02944 21 12 21ZM11.7682 15.6402L16.7682 9.64018L15.2318 8.35982L10.9328 13.5186L8.70711 11.2929L7.29289 12.7071L10.2929 15.7071L11.0672 16.4814L11.7682 15.6402Z\" fill=\"#FF6F61\"\/>\n<\/svg>","text1":"Anna | 25","loading":"lazy","fetchpriority":"low","custom_class":"result_review_name_pdp"}}},"block_order":["heading_tnq6B9","richtext_9H46JA","icons_with_text_QLqHJr","richtext_Lj8AKA","icon_with_text_G4DGmK"],"settings":{"custom_class":"Redefined_section_2 Redefined_section_2_pdp","custom_id":"","svg_desktop":"","svg_mobile":"","svg_desktop2":"","svg_mobile2":"","bg_color":"#fce5e2","bg_color2":"","color":"#141414","position":"left","position_image":"left","content_size":50,"heading1":"","image":"shopify:\/\/shop_images\/trust_img1.png","heading2":"","loading":"lazy","fetchpriority":"low","image_size":50,"padding_top":56,"padding_bottom":56,"padding_top_mobile":43,"padding_bottom_mobile":23}},"richtext_lp_Wjf8eX":{"type":"richtext_lp","blocks":{"heading_EtQBjq":{"type":"heading","settings":{"text":"Your Journey to <em>Natural Balance<\/em>","heading_size":"h1","h1":false,"custom_class":"balance_heading_pdp"}},"richtext_gkfwAA":{"type":"richtext","settings":{"text":"<p>Discover how Jennah Organics supports you every step of the way with nature-inspired solutions.<\/p>","custom_class":"balance_text_pdp"}}},"block_order":["heading_EtQBjq","richtext_gkfwAA"],"settings":{"custom_class":"balance_pdp_main","custom_id":"","svg_desktop":"","svg_mobile":"","svg_desktop2":"","svg_mobile2":"","bg_color":"","bg_color2":"","color":"#141414","position":"center","padding_top":70,"padding_bottom":29,"padding_top_mobile":30,"padding_bottom_mobile":10}},"image_width_text_lp_Gm89tT":{"type":"image_width_text_lp","blocks":{"richtext_H9PKma":{"type":"richtext","settings":{"text":"<ul><li><strong>Radiant & Hydrated Skin<\/strong>Glow Essence™ Serum, enriched with Hyaluronic Acid and Vitamin C, deeply hydrates while brightening and evening out skin tone for a youthful glow.<\/li><li><strong>Advanced Skin Protection<\/strong>Powerful antioxidants like Vitamin E and Sodium Ascorbyl Phosphate defend against UV damage, free radicals, and premature aging.<\/li><li><strong>Firmness & Collagen Boost<\/strong>Panthenol and Collagen-Stimulating Compounds work to enhance skin elasticity, reducing fine lines and promoting a plump, youthful complexion.<\/li><li><strong>Clean Beauty & Sustainability<\/strong>Crafted with skin-loving, non-toxic ingredients, free from parabens and harsh chemicals, ensuring a gentle, cruelty-free, and eco-conscious skincare routine.<\/li><\/ul>","custom_class":"balance_ul_custom"}}},"block_order":["richtext_H9PKma"],"settings":{"custom_class":"balance_bottom_lp","custom_id":"","svg_desktop":"","svg_mobile":"","svg_desktop2":"","svg_mobile2":"","bg_color":"","bg_color2":"","color":"#141414","position":"left","position_image":"left","content_size":50,"heading1":"","image":"shopify:\/\/shop_images\/gif_desktop.gif","heading2":"","loading":"eager","fetchpriority":"high","image_size":50,"padding_top":30,"padding_bottom":70,"padding_top_mobile":10,"padding_bottom_mobile":30}},"column_slider2_xyGgHf":{"type":"column_slider2","blocks":{"column_hPywtT":{"type":"column","settings":{"image":"shopify:\/\/shop_images\/Ontwerp_zonder_titel_21_b1bf8643-5258-493a-872a-d64c23993bc8.png","loading":"eager","fetchpriority":"high","title":"Days 1-7","text":"Your skin begins absorbing the powerful blend of Vitamin C, Hyaluronic Acid, and Panthenol. Expect enhanced hydration, a refreshing glow, and a smoother texture."}},"column_rq4hNa":{"type":"column","settings":{"image":"shopify:\/\/shop_images\/Ontwerp_zonder_titel_22_df49d2a3-28bc-42f7-baa8-971a9d55a7bf.png","loading":"eager","fetchpriority":"high","title":"Days 7-30","text":"Noticeable improvements in skin tone, firmness, and brightness. Dark spots may start fading, and your skin feels more supple and deeply nourished."}},"column_ACPrAQ":{"type":"column","settings":{"image":"shopify:\/\/shop_images\/Ontwerp_zonder_titel_23_4622adc5-d79b-4540-bb26-73062ac94566.png","loading":"eager","fetchpriority":"high","title":"Days 30-90","text":"Long-term transformation takes effect. Your skin appears visibly healthier, more radiant, and resilient against environmental stressors. Enjoy lasting hydration and a youthful complexion."}}},"block_order":["column_hPywtT","column_rq4hNa","column_ACPrAQ"],"settings":{"custom_class":"potential_lp_pdp","custom_id":"","bg_color":"","color":"","heading":"Unlock Your Body’s Full Potential","subheading":"Experience gradual, transformative results as your body restores balance and vitality.","padding_top":70,"padding_bottom":70,"padding_top_mobile":30,"padding_bottom_mobile":35}},"image_width_text_lp_3EUBK3":{"type":"image_width_text_lp","blocks":{"heading_bFpDaX":{"type":"heading","settings":{"text":"Pure by Design","heading_size":"h1","h1":false,"custom_class":"pdp_design_heading"}},"richtext_GWzBFP":{"type":"richtext","settings":{"text":"<p>We leave out the unnecessary to give you the very best.<\/p>","custom_class":"pdp_design_text"}},"icons_with_text_new_RPEbNc":{"type":"icons_with_text_new","settings":{"svg1":"<svg xmlns=\"http:\/\/www.w3.org\/2000\/svg\" width=\"26\" height=\"26\" viewBox=\"0 0 26 26\" fill=\"none\">\n  <path d=\"M13 22.4375C11.7935 22.4375 10.5988 22.1999 9.4841 21.7381C8.36942 21.2764 7.35659 20.5997 6.50346 19.7465C5.65032 18.8934 4.97357 17.8806 4.51186 16.7659C4.05014 15.6512 3.8125 14.4565 3.8125 13.25C3.8125 12.0435 4.05014 10.8488 4.51186 9.73409C4.97357 8.61942 5.65032 7.60659 6.50346 6.75346C7.3566 5.90032 8.36942 5.22357 9.4841 4.76186C10.5988 4.30014 11.7935 4.0625 13 4.0625C14.2065 4.0625 15.4012 4.30014 16.5159 4.76186C17.6306 5.22357 18.6434 5.90032 19.4965 6.75346C20.3497 7.6066 21.0264 8.61942 21.4881 9.7341C21.9499 10.8488 22.1875 12.0435 22.1875 13.25C22.1875 14.4565 21.9499 15.6512 21.4881 16.7659C21.0264 17.8806 20.3497 18.8934 19.4965 19.7465C18.6434 20.5997 17.6306 21.2764 16.5159 21.7381C15.4012 22.1999 14.2065 22.4375 13 22.4375L13 22.4375Z\" stroke=\"#FF6F61\" stroke-opacity=\"0.3\" stroke-width=\"0.75\"\/>\n  <path d=\"M9.8125 10.0625L16.1875 16.4375\" stroke=\"#FF6F61\" stroke-width=\"1.275\" stroke-linecap=\"round\"\/>\n  <path d=\"M16.1875 10.0625L9.8125 16.4375\" stroke=\"#FF6F61\" stroke-width=\"1.275\" stroke-linecap=\"round\"\/>\n<\/svg>","title1":"Artificial Fragrances","text1":"Artificial Fragrances","svg2":"<svg xmlns=\"http:\/\/www.w3.org\/2000\/svg\" width=\"26\" height=\"26\" viewBox=\"0 0 26 26\" fill=\"none\">\n  <path d=\"M13 22.4375C11.7935 22.4375 10.5988 22.1999 9.4841 21.7381C8.36942 21.2764 7.35659 20.5997 6.50346 19.7465C5.65032 18.8934 4.97357 17.8806 4.51186 16.7659C4.05014 15.6512 3.8125 14.4565 3.8125 13.25C3.8125 12.0435 4.05014 10.8488 4.51186 9.73409C4.97357 8.61942 5.65032 7.60659 6.50346 6.75346C7.3566 5.90032 8.36942 5.22357 9.4841 4.76186C10.5988 4.30014 11.7935 4.0625 13 4.0625C14.2065 4.0625 15.4012 4.30014 16.5159 4.76186C17.6306 5.22357 18.6434 5.90032 19.4965 6.75346C20.3497 7.6066 21.0264 8.61942 21.4881 9.7341C21.9499 10.8488 22.1875 12.0435 22.1875 13.25C22.1875 14.4565 21.9499 15.6512 21.4881 16.7659C21.0264 17.8806 20.3497 18.8934 19.4965 19.7465C18.6434 20.5997 17.6306 21.2764 16.5159 21.7381C15.4012 22.1999 14.2065 22.4375 13 22.4375L13 22.4375Z\" stroke=\"#FF6F61\" stroke-opacity=\"0.3\" stroke-width=\"0.75\"\/>\n  <path d=\"M9.8125 10.0625L16.1875 16.4375\" stroke=\"#FF6F61\" stroke-width=\"1.275\" stroke-linecap=\"round\"\/>\n  <path d=\"M16.1875 10.0625L9.8125 16.4375\" stroke=\"#FF6F61\" stroke-width=\"1.275\" stroke-linecap=\"round\"\/>\n<\/svg>","title2":"Parabens","text2":"Parabens","svg3":"<svg xmlns=\"http:\/\/www.w3.org\/2000\/svg\" width=\"26\" height=\"26\" viewBox=\"0 0 26 26\" fill=\"none\">\n  <path d=\"M13 22.4375C11.7935 22.4375 10.5988 22.1999 9.4841 21.7381C8.36942 21.2764 7.35659 20.5997 6.50346 19.7465C5.65032 18.8934 4.97357 17.8806 4.51186 16.7659C4.05014 15.6512 3.8125 14.4565 3.8125 13.25C3.8125 12.0435 4.05014 10.8488 4.51186 9.73409C4.97357 8.61942 5.65032 7.60659 6.50346 6.75346C7.3566 5.90032 8.36942 5.22357 9.4841 4.76186C10.5988 4.30014 11.7935 4.0625 13 4.0625C14.2065 4.0625 15.4012 4.30014 16.5159 4.76186C17.6306 5.22357 18.6434 5.90032 19.4965 6.75346C20.3497 7.6066 21.0264 8.61942 21.4881 9.7341C21.9499 10.8488 22.1875 12.0435 22.1875 13.25C22.1875 14.4565 21.9499 15.6512 21.4881 16.7659C21.0264 17.8806 20.3497 18.8934 19.4965 19.7465C18.6434 20.5997 17.6306 21.2764 16.5159 21.7381C15.4012 22.1999 14.2065 22.4375 13 22.4375L13 22.4375Z\" stroke=\"#FF6F61\" stroke-opacity=\"0.3\" stroke-width=\"0.75\"\/>\n  <path d=\"M9.8125 10.0625L16.1875 16.4375\" stroke=\"#FF6F61\" stroke-width=\"1.275\" stroke-linecap=\"round\"\/>\n  <path d=\"M16.1875 10.0625L9.8125 16.4375\" stroke=\"#FF6F61\" stroke-width=\"1.275\" stroke-linecap=\"round\"\/>\n<\/svg>","title3":"Sulfates","text3":"Sulfates","svg4":"<svg xmlns=\"http:\/\/www.w3.org\/2000\/svg\" width=\"26\" height=\"26\" viewBox=\"0 0 26 26\" fill=\"none\">\n  <path d=\"M13 22.4375C11.7935 22.4375 10.5988 22.1999 9.4841 21.7381C8.36942 21.2764 7.35659 20.5997 6.50346 19.7465C5.65032 18.8934 4.97357 17.8806 4.51186 16.7659C4.05014 15.6512 3.8125 14.4565 3.8125 13.25C3.8125 12.0435 4.05014 10.8488 4.51186 9.73409C4.97357 8.61942 5.65032 7.60659 6.50346 6.75346C7.3566 5.90032 8.36942 5.22357 9.4841 4.76186C10.5988 4.30014 11.7935 4.0625 13 4.0625C14.2065 4.0625 15.4012 4.30014 16.5159 4.76186C17.6306 5.22357 18.6434 5.90032 19.4965 6.75346C20.3497 7.6066 21.0264 8.61942 21.4881 9.7341C21.9499 10.8488 22.1875 12.0435 22.1875 13.25C22.1875 14.4565 21.9499 15.6512 21.4881 16.7659C21.0264 17.8806 20.3497 18.8934 19.4965 19.7465C18.6434 20.5997 17.6306 21.2764 16.5159 21.7381C15.4012 22.1999 14.2065 22.4375 13 22.4375L13 22.4375Z\" stroke=\"#FF6F61\" stroke-opacity=\"0.3\" stroke-width=\"0.75\"\/>\n  <path d=\"M9.8125 10.0625L16.1875 16.4375\" stroke=\"#FF6F61\" stroke-width=\"1.275\" stroke-linecap=\"round\"\/>\n  <path d=\"M16.1875 10.0625L9.8125 16.4375\" stroke=\"#FF6F61\" stroke-width=\"1.275\" stroke-linecap=\"round\"\/>\n<\/svg>","title4":"Silicones","text4":"Silicones","svg5":"<svg xmlns=\"http:\/\/www.w3.org\/2000\/svg\" width=\"26\" height=\"26\" viewBox=\"0 0 26 26\" fill=\"none\">\n  <path d=\"M13 22.4375C11.7935 22.4375 10.5988 22.1999 9.4841 21.7381C8.36942 21.2764 7.35659 20.5997 6.50346 19.7465C5.65032 18.8934 4.97357 17.8806 4.51186 16.7659C4.05014 15.6512 3.8125 14.4565 3.8125 13.25C3.8125 12.0435 4.05014 10.8488 4.51186 9.73409C4.97357 8.61942 5.65032 7.60659 6.50346 6.75346C7.3566 5.90032 8.36942 5.22357 9.4841 4.76186C10.5988 4.30014 11.7935 4.0625 13 4.0625C14.2065 4.0625 15.4012 4.30014 16.5159 4.76186C17.6306 5.22357 18.6434 5.90032 19.4965 6.75346C20.3497 7.6066 21.0264 8.61942 21.4881 9.7341C21.9499 10.8488 22.1875 12.0435 22.1875 13.25C22.1875 14.4565 21.9499 15.6512 21.4881 16.7659C21.0264 17.8806 20.3497 18.8934 19.4965 19.7465C18.6434 20.5997 17.6306 21.2764 16.5159 21.7381C15.4012 22.1999 14.2065 22.4375 13 22.4375L13 22.4375Z\" stroke=\"#FF6F61\" stroke-opacity=\"0.3\" stroke-width=\"0.75\"\/>\n  <path d=\"M9.8125 10.0625L16.1875 16.4375\" stroke=\"#FF6F61\" stroke-width=\"1.275\" stroke-linecap=\"round\"\/>\n  <path d=\"M16.1875 10.0625L9.8125 16.4375\" stroke=\"#FF6F61\" stroke-width=\"1.275\" stroke-linecap=\"round\"\/>\n<\/svg>","title5":"Mineral Oils","text5":"Mineral Oils","svg6":"<svg xmlns=\"http:\/\/www.w3.org\/2000\/svg\" width=\"26\" height=\"26\" viewBox=\"0 0 26 26\" fill=\"none\">\n  <path d=\"M13 22.4375C11.7935 22.4375 10.5988 22.1999 9.4841 21.7381C8.36942 21.2764 7.35659 20.5997 6.50346 19.7465C5.65032 18.8934 4.97357 17.8806 4.51186 16.7659C4.05014 15.6512 3.8125 14.4565 3.8125 13.25C3.8125 12.0435 4.05014 10.8488 4.51186 9.73409C4.97357 8.61942 5.65032 7.60659 6.50346 6.75346C7.3566 5.90032 8.36942 5.22357 9.4841 4.76186C10.5988 4.30014 11.7935 4.0625 13 4.0625C14.2065 4.0625 15.4012 4.30014 16.5159 4.76186C17.6306 5.22357 18.6434 5.90032 19.4965 6.75346C20.3497 7.6066 21.0264 8.61942 21.4881 9.7341C21.9499 10.8488 22.1875 12.0435 22.1875 13.25C22.1875 14.4565 21.9499 15.6512 21.4881 16.7659C21.0264 17.8806 20.3497 18.8934 19.4965 19.7465C18.6434 20.5997 17.6306 21.2764 16.5159 21.7381C15.4012 22.1999 14.2065 22.4375 13 22.4375L13 22.4375Z\" stroke=\"#FF6F61\" stroke-opacity=\"0.3\" stroke-width=\"0.75\"\/>\n  <path d=\"M9.8125 10.0625L16.1875 16.4375\" stroke=\"#FF6F61\" stroke-width=\"1.275\" stroke-linecap=\"round\"\/>\n  <path d=\"M16.1875 10.0625L9.8125 16.4375\" stroke=\"#FF6F61\" stroke-width=\"1.275\" stroke-linecap=\"round\"\/>\n<\/svg>","title6":"Phthalates","text6":"Phthalates","svg7":"<svg xmlns=\"http:\/\/www.w3.org\/2000\/svg\" width=\"26\" height=\"26\" viewBox=\"0 0 26 26\" fill=\"none\">\n  <path d=\"M13 22.4375C11.7935 22.4375 10.5988 22.1999 9.4841 21.7381C8.36942 21.2764 7.35659 20.5997 6.50346 19.7465C5.65032 18.8934 4.97357 17.8806 4.51186 16.7659C4.05014 15.6512 3.8125 14.4565 3.8125 13.25C3.8125 12.0435 4.05014 10.8488 4.51186 9.73409C4.97357 8.61942 5.65032 7.60659 6.50346 6.75346C7.3566 5.90032 8.36942 5.22357 9.4841 4.76186C10.5988 4.30014 11.7935 4.0625 13 4.0625C14.2065 4.0625 15.4012 4.30014 16.5159 4.76186C17.6306 5.22357 18.6434 5.90032 19.4965 6.75346C20.3497 7.6066 21.0264 8.61942 21.4881 9.7341C21.9499 10.8488 22.1875 12.0435 22.1875 13.25C22.1875 14.4565 21.9499 15.6512 21.4881 16.7659C21.0264 17.8806 20.3497 18.8934 19.4965 19.7465C18.6434 20.5997 17.6306 21.2764 16.5159 21.7381C15.4012 22.1999 14.2065 22.4375 13 22.4375L13 22.4375Z\" stroke=\"#FF6F61\" stroke-opacity=\"0.3\" stroke-width=\"0.75\"\/>\n  <path d=\"M9.8125 10.0625L16.1875 16.4375\" stroke=\"#FF6F61\" stroke-width=\"1.275\" stroke-linecap=\"round\"\/>\n  <path d=\"M16.1875 10.0625L9.8125 16.4375\" stroke=\"#FF6F61\" stroke-width=\"1.275\" stroke-linecap=\"round\"\/>\n<\/svg>","title7":"Alcohol","text7":"Alcohol","svg8":"<svg xmlns=\"http:\/\/www.w3.org\/2000\/svg\" width=\"26\" height=\"26\" viewBox=\"0 0 26 26\" fill=\"none\">\n  <path d=\"M13 22.4375C11.7935 22.4375 10.5988 22.1999 9.4841 21.7381C8.36942 21.2764 7.35659 20.5997 6.50346 19.7465C5.65032 18.8934 4.97357 17.8806 4.51186 16.7659C4.05014 15.6512 3.8125 14.4565 3.8125 13.25C3.8125 12.0435 4.05014 10.8488 4.51186 9.73409C4.97357 8.61942 5.65032 7.60659 6.50346 6.75346C7.3566 5.90032 8.36942 5.22357 9.4841 4.76186C10.5988 4.30014 11.7935 4.0625 13 4.0625C14.2065 4.0625 15.4012 4.30014 16.5159 4.76186C17.6306 5.22357 18.6434 5.90032 19.4965 6.75346C20.3497 7.6066 21.0264 8.61942 21.4881 9.7341C21.9499 10.8488 22.1875 12.0435 22.1875 13.25C22.1875 14.4565 21.9499 15.6512 21.4881 16.7659C21.0264 17.8806 20.3497 18.8934 19.4965 19.7465C18.6434 20.5997 17.6306 21.2764 16.5159 21.7381C15.4012 22.1999 14.2065 22.4375 13 22.4375L13 22.4375Z\" stroke=\"#FF6F61\" stroke-opacity=\"0.3\" stroke-width=\"0.75\"\/>\n  <path d=\"M9.8125 10.0625L16.1875 16.4375\" stroke=\"#FF6F61\" stroke-width=\"1.275\" stroke-linecap=\"round\"\/>\n  <path d=\"M16.1875 10.0625L9.8125 16.4375\" stroke=\"#FF6F61\" stroke-width=\"1.275\" stroke-linecap=\"round\"\/>\n<\/svg>","title8":"Animal Testing","text8":"Animal Testing","loading":"lazy","fetchpriority":"low","custom_class":"nasties_list"}}},"block_order":["heading_bFpDaX","richtext_GWzBFP","icons_with_text_new_RPEbNc"],"settings":{"custom_class":"no_nasties no_nasties_pdp","custom_id":"","svg_desktop":"","svg_mobile":"","svg_desktop2":"","svg_mobile2":"","bg_color":"","bg_color2":"","color":"#141414","position":"left","position_image":"left","content_size":50,"heading1":"","image":"shopify:\/\/shop_images\/Zonder_titel_1767_x_1344_px_3.png","heading2":"","loading":"lazy","fetchpriority":"low","image_size":50,"padding_top":70,"padding_bottom":70,"padding_top_mobile":30,"padding_bottom_mobile":30}},"faq_lp_NE3ay3":{"type":"faq_lp","blocks":{"faq_EqGibq":{"type":"faq","settings":{"question":"What skin types is Glow Essence™ Serum suitable for?","answer":"<p>Glow Essence™ Serum is suitable for all skin types, including dry, oily, combination, and sensitive skin. Its lightweight, non-greasy formula hydrates without clogging pores.<\/p>"}},"faq_qdfamn":{"type":"faq","settings":{"question":"How often should I use Glow Essence™ Serum?","answer":"<p>For best results, use the serum twice daily—once in the morning and once at night—after cleansing and before moisturizing.<\/p>"}},"faq_wi4hQR":{"type":"faq","settings":{"question":"Can I use this serum with other skincare products?","answer":"<p>Yes! Glow Essence™ Serum can be used with other skincare products. Apply it before heavier creams and oils to allow proper absorption.<\/p>"}},"faq_TmHPXW":{"type":"faq","settings":{"question":"Does this serum help with dark spots and uneven skin tone?","answer":"<p>Absolutely! The combination of Vitamin C (Sodium Ascorbyl Phosphate) and Panthenol (Pro-Vitamin B5) helps reduce dark spots, brighten the complexion, and even out skin tone.<\/p>"}},"faq_E89NFj":{"type":"faq","settings":{"question":"Is Glow Essence™ Serum safe for sensitive skin?","answer":"<p>Yes, the serum is formulated without parabens, sulfates, or harsh chemicals, making it gentle for sensitive skin. However, a patch test is always recommended before full application.<\/p>"}},"faq_TkJHmq":{"type":"faq","settings":{"question":"Can I wear makeup over this serum?","answer":"<p>Yes! The serum absorbs quickly without leaving a greasy residue, making it a great base for makeup application.<\/p>"}}},"block_order":["faq_EqGibq","faq_qdfamn","faq_wi4hQR","faq_TmHPXW","faq_E89NFj","faq_TkJHmq"],"settings":{"custom_class":"faq_main faq_main_pdp","custom_id":"","bg_color":"","color":"#141414","heading":"Frequently Asked <em>Questions<\/em>","text":"Formulated by professionals,<em>Here to help<\/em>","padding_top":70,"padding_bottom":35,"padding_top_mobile":25,"padding_bottom_mobile":20}},"products_slider_TrbXHw":{"type":"products_slider","blocks":{"product_UwFN3t":{"type":"product","settings":{"product":"flat-belly-30-day-colon-detox","loading":"eager","fetchpriority":"high","title":"Flat Belly","text":"Colon detox","image1":"shopify:\/\/shop_images\/section_3_icon1.webp","text1":"100% organic materials","image2":"shopify:\/\/shop_images\/section_3_icon2.webp","text2":"Low calories"}},"product_eXirjb":{"type":"product","settings":{"product":"burn-boost-natural-fat-burner","loading":"eager","fetchpriority":"high","title":"Burn Boost","text":"Natural fat burner","image1":"shopify:\/\/shop_images\/section_3_icon3.webp","text1":"Boosts metabolism","image2":"shopify:\/\/shop_images\/section_3_icon4.webp","text2":"Clinically proven ingredients"}},"product_GELGXR":{"type":"product","settings":{"product":"hormone-balance-myo-chiro-inositol-1","loading":"eager","fetchpriority":"high","title":"Hormone Balance","text":"Hormonal weight management","image1":"shopify:\/\/shop_images\/section_3_icon5.webp","text1":"Scientifically backed formula","image2":"shopify:\/\/shop_images\/section_3_icon6.webp","text2":"Promotes hormonal balance"}},"product_UxbGWz":{"type":"product","settings":{"product":"liver-cleanse-1","loading":"eager","fetchpriority":"high","title":"Liver Cleanse","text":"Liver detox","image1":"shopify:\/\/shop_images\/section_3_icon7.webp","text1":"Promotes healthy liver function","image2":"shopify:\/\/shop_images\/section_3_icon8.webp","text2":"Aids in digestion & energy"}}},"block_order":["product_UwFN3t","product_eXirjb","product_GELGXR","product_UxbGWz"],"settings":{"custom_class":"pdp_products_slider","custom_id":"","bg_color":"","color":"#141414","stock_text":"Order now for <strong>FREE <\/strong>delivery by:","days":"2","heading":"We know you’ll love these too","subheading":"Perfect companions to enhance your wellness journey.","button_label":"","button_link":"","text1":"","loading":"lazy","fetchpriority":"low","padding_top":70,"padding_bottom":63,"padding_top_mobile":30,"padding_bottom_mobile":15}},"image_width_text_lp_4N6CcY":{"type":"image_width_text_lp","blocks":{"heading_kWadQm":{"type":"heading","settings":{"text":"Join the <em>Wellness Journey<\/em>","heading_size":"h1","h1":false,"custom_class":"Redefined_section_11text"}},"richtext_bkeFXd":{"type":"richtext","settings":{"text":"<p>Get exclusive offers, tips, and updates delivered straight to your inbox.<\/p>","custom_class":""}},"html_YFWahQ":{"type":"html","settings":{"text":"<div class=\"signup_custom_form\">\n\t{% form 'customer', class: 'signup-form' %}\n\t\t\t<input name=\"contact[tags]\" type=\"hidden\" value=\"newsletter\" \/>\n\t\t\t{%- if form.errors -%}\n\t\t\t\t<div class=\"form-notification error\" id=\"Newsletter-error--{{ section.id }}\">\n\t\t\t\t\t{% render 'svg-icons' with 'thb-error' %} {{ form.errors.translated_fields['email'] | capitalize }} {{ form.errors.messages['email'] }}\n\t\t\t\t<\/div>\n\t\t\t{%- endif -%}\n\t\t\t{%- if form.posted_successfully? -%}\n\t\t\t\t<div class=\"form-notification success\" id=\"Newsletter-success--{{ section.id }}\">\n\t\t\t\t\t{% render 'svg-icons' with 'thb-success' %} {{ 'newsletter.success' | t }}\n\t\t\t\t<\/div>\n\t\t\t{%- endif -%}\n\t\t\t<div class=\"input_main\">\n\t\t\t\t<input\n\t\t\t\t\tplaceholder=\"Enter your email\"\n\t\t\t\t\ttype=\"email\"\n\t\t\t\t\tid=\"NewsletterForm--{{ section.id }}\"\n\t\t\t\t\tname=\"contact[email]\"\n\t\t\t\t\tautocorrect=\"off\"\n\t\t\t\t\tautocapitalize=\"off\"\n\t\t\t\t\tautocomplete=\"email\"\n\t\t\t\t\tvalue=\"{{ form.email }}\"\n\t\t\t\t\tpattern=\"^([a-zA-Z0-9_\\-\\.]+)@((\\[[0-9]{1,3}\\.[0-9]{1,3}\\.[0-9]{1,3}\\.)|(([a-zA-Z0-9\\-]+\\.)+))([a-zA-Z]{2,4}|[0-9]{1,3})(\\]?)$\"\n\t\t\t\t\ttitle=\"xxx@xxx.xxx\"\n\t\t\t\t\t{% if form.errors %}\n\t\t\t\t\t\tautofocus\n\t\t\t\t\t\taria-invalid=\"true\"\n\t\t\t\t\t\taria-describedby=\"Newsletter-error--{{ section.id }}\"\n\t\t\t\t\t{% elsif form.posted_successfully? %}\n\t\t\t\t\t\taria-describedby=\"Newsletter-success--{{ section.id }}\"\n\t\t\t\t\t{% endif %}\n\t\t\t\t\trequired\n\t\t\t\t\/>\n\t\t\t<button class=\"submit_hk_button\" type=\"submit\" aria-label=\"{{ 'sections.signup.enter_your_email' | t }}\">Submit<svg xmlns=\"http:\/\/www.w3.org\/2000\/svg\" width=\"14\" height=\"16\" viewBox=\"0 0 14 16\" fill=\"none\">\n  <path d=\"M1 7C0.447715 7 0 7.44772 0 8C0 8.55228 0.447715 9 1 9V7ZM13.7071 8.70711C14.0976 8.31658 14.0976 7.68342 13.7071 7.29289L7.34315 0.928932C6.95262 0.538408 6.31946 0.538408 5.92893 0.928932C5.53841 1.31946 5.53841 1.95262 5.92893 2.34315L11.5858 8L5.92893 13.6569C5.53841 14.0474 5.53841 14.6805 5.92893 15.0711C6.31946 15.4616 6.95262 15.4616 7.34315 15.0711L13.7071 8.70711ZM1 9H13V7H1V9Z\" fill=\"#FF6F61\"\/>\n<\/svg><\/button>\n\t\t\t<\/div>\n\n\t{% endform %}\n<\/div>","custom_class":""}}},"block_order":["heading_kWadQm","richtext_bkeFXd","html_YFWahQ"],"settings":{"custom_class":"real_results real_results_pdp","custom_id":"","svg_desktop":"","svg_mobile":"","svg_desktop2":"","svg_mobile2":"","bg_color":"#f2f2f2","bg_color2":"","color":"#141414","position":"left","position_image":"left","content_size":50,"heading1":"","image":"shopify:\/\/shop_images\/section_11_img.webp","heading2":"","loading":"lazy","fetchpriority":"low","image_size":50,"padding_top":70,"padding_bottom":70,"padding_top_mobile":14,"padding_bottom_mobile":25}}},"order":["product_lp_yx7KC8","review_slider_LtcTDJ","richtext_lp_7qKinU","image_width_text_lp_LXC3Wq","column_slider2_hCtBbp","richtext_lp_wxAcmN","image_width_text_lp_7wpBKn","icons_with_text_lp_7idjx6","richtext_lp_hUeUCf","richtext_lp_bgWPAg","video_slider_lp_DY39dH","richtext_lp_9k7KPX","17382175532bd9a146","image_width_text_lp_gacqxa","richtext_lp_Wjf8eX","image_width_text_lp_Gm89tT","column_slider2_xyGgHf","image_width_text_lp_3EUBK3","faq_lp_NE3ay3","products_slider_TrbXHw","image_width_text_lp_4N6CcY"]}