{"sections":{"breadcrumbs":{"type":"breadcrumbs","settings":{}},"main-product":{"type":"main-product","blocks":{"7d598c40-a18a-46d4-9dce-2dcbad10c43c":{"type":"custom_liquid","settings":{"custom_liquid":"<div style=\"margin-bottom: 15px;\" class=\"desktop-trust\">\n  \n<div style=\"display:flex; flex-direction: row; gap: 10px;\">\n<img style=\"width:100px;\" src=\"https:\/\/cdn.shopify.com\/s\/files\/1\/0554\/5453\/1633\/files\/stars_1.svg?v=1671197306\">\n<a style=\"text-decoration: none; color: #3a251f; font-size:16px;\" href=\"#trustpilot-banner\"><span><ls-static-556480>View recent<\/ls-static-556480> <span style=\"text-decoration:underline;\"><ls-static-790007>reviews.<\/ls-static-790007><\/span><\/span><\/a>\n<\/div>\n  \n<\/div>\n\n<div style=\"margin-bottom: 15px;\" class=\"mobile-trust\">\n\n<div style=\"display:flex; flex-direction: row; gap: 10px;\">\n<img style=\"width:100px;\" src=\"https:\/\/cdn.shopify.com\/s\/files\/1\/0554\/5453\/1633\/files\/stars_1.svg?v=1671197306\">\n<a style=\"text-decoration: none; color: #3a251f; font-size:16px;\" href=\"#trustpilot-banner-mobile\"><span><ls-static-343772>View recent<\/ls-static-343772> <span style=\"text-decoration:underline;\"><ls-static-330837>reviews.<\/ls-static-330837><\/span><\/span><\/a>\n<\/div>\n\n<\/div>\n\n<style>\n  .mobile-trust {\n    display: none;\n  }\n  .desktop-trust {\n    display: block;\n  }\n@media screen and (max-width: 767px) {\n  .mobile-trust {\n    display: block;\n  }\n  .desktop-trust {\n    display: none;\n  }\n}\n<\/style>"}},"58ad45ab-6593-4428-a9ed-b7ef4861f403":{"type":"custom_liquid","settings":{"custom_liquid":"{% render 'kopstorm-snippet-1' %}"}},"title":{"type":"title","settings":{"uppercase":true,"show_products_rating":false}},"19737c7c-261f-4d56-b7fe-d993ad0c50bb":{"type":"text","settings":{"text":"<b>Discover our Deep Sleep supplement:<\/b>","text_style":"style_body"}},"a8900613-f18b-4393-8d15-c10dba299bef":{"type":"text","settings":{"text":"restful sleep with a unique blend of high-quality ingredients, including magnesium citrate, zinc citrate and valerian extract for an invigorating night's sleep.","text_style":"style_body"}},"checkmark_Hct7t3":{"type":"checkmark","settings":{"image":"shopify:\/\/shop_images\/klarna.jpg","height":20,"checkmark-tekst":"Pay later with Klarna","checkmark-color":"#000000","top-margin":15,"bottom-margin":15}},"f0d9a32b-a510-48f9-a111-bae7ec904d43":{"type":"checkmark","settings":{"image":"shopify:\/\/shop_images\/icon-check-brown.svg","height":10,"checkmark-tekst":"30-day money back guarantee","checkmark-color":"#d966c6","top-margin":10,"bottom-margin":10}},"fe5e189b-a30d-4a43-a64f-e76ae47ff5ee":{"type":"checkmark","settings":{"image":"shopify:\/\/shop_images\/icon-check-brown.svg","height":10,"checkmark-tekst":"Delivered within 2 days","checkmark-color":"#000000","top-margin":15,"bottom-margin":15}},"46d4765d-742b-43ac-8487-796a1243b987":{"type":"checkmark","settings":{"image":"shopify:\/\/shop_images\/icon-check-brown.svg","height":10,"checkmark-tekst":"Free shipping from £99","checkmark-color":"#000000","top-margin":15,"bottom-margin":15}},"9857908c-28ae-4b8a-843d-a73950421d74":{"type":"checkmark","settings":{"image":"shopify:\/\/shop_images\/icon-check-brown.svg","height":10,"checkmark-tekst":"Vegan, Organic, Gluten-free","checkmark-color":"#000000","top-margin":15,"bottom-margin":14}},"0b3e272b-c86a-4dba-946c-c6912251371c":{"type":"description","disabled":true,"settings":{}},"45759a07-51f7-4760-92b6-8895071e5432":{"type":"variant_picker","settings":{"picker_type":"button","color_picker":true,"variant_is_disabled":true,"sizing_guide_text":"Sizing guide","sizing_guide_icon":"ruler","sizing_guide_page":""}},"c5a8c7e2-42e4-46b1-9eed-bb3720153ebb":{"type":"shopify:\/\/apps\/recharge-subscriptions\/blocks\/subscription-widget\/371eed76-0b44-4869-9813-730372ea378e","settings":{"product":"{{product}}"}},"buy_buttons":{"type":"buy_buttons","settings":{"show_quantity_selector":true,"show_dynamic_checkout":false,"show_gift_card_recipient":false}},"a2c7341c-bd92-4ca7-8dbc-d8ceaed5e1bb":{"type":"text","disabled":true,"settings":{"text":"♥ Support for sick children: 1% of each order donated","text_style":"style_vendor"}},"f3674f15-8e45-45d7-8d31-eeda74b909de":{"type":"custom_liquid","settings":{"custom_liquid":"{% render 'kopstorm-snippet-2' %}"}},"95b7e00a-0453-4eb0-9cf0-1dae84d8b822":{"type":"side_panel","disabled":true,"settings":{"side_panel_1_label":"Beschrijving","side_panel_1_icon":"none","side_panel_1_content":"<p><strong>**Effectieve Darmreiniging voor Optimale Spijsvertering en Gewichtsverlies**<\/strong><br\/><br\/>Spoel Toxines en Afvalstoffen weg met de Kracht van Flat Belly®. Ervaar de Effectieve Reinigingskracht van Flat Belly terwijl het* Toxines en Afvalstoffen uit je Darmen Spoelt, wat zorgt voor een Betere Spijsvertering en Sneller Gewichtsverlies.<br\/><br\/><strong>**Vaarwel Opgeblazen Gevoel en Obstipatie**<\/strong><br\/><br\/>Zeg Dag tegen Problemen met Opgeblazen Gevoel en Obstipatie en Verwelkom een Plattere en Getonede Buik met de Krachtige Formule van Flat Belly®.<br\/><br\/><strong>**Veilige en Zachte Reiniging met Natuurlijke Ingrediënten**<\/strong><br\/><br\/>Een Zachte en Comfortabele Reinigingservaring. Geniet van een Comfortabele en Effectieve Reinigingservaring met Flat Belly® dankzij de Natuurlijke Ingrediënten die Veilig en Zacht zijn voor je Lichaam.<br\/><br\/><strong>**Omarm de Voordelen van een Gezondere Darm**<\/strong><br\/><br\/>Ontdek de Transformatieve Voordelen van een Gezondere Darm, Verbeterde Spijsvertering en Versterkt Gewichtsverlies met Flat Belly®. Ervaar het Verschil met Flat Belly en Begin Vandaag nog aan je Reis naar een Slanker en Gezonder Lichaam.<\/p>","side_panel_1_page":"","side_panel_2_label":"Voordelen","side_panel_2_icon":"none","side_panel_2_content":"<p><strong>Flat Belly Darm Detox - Klinisch bewezen voordelen:<\/strong><\/p><p><em>Zorgt binnen 1 week voor een plattere buik*<\/em><\/p><ul><li> Verlicht constipatie en bevordert een gezonde darmfunctie*<\/li><li> Geeft een egaler uitziende huid*<\/li><li>Reinigt de darmen grondig van opgebouwde afvalstoffen*<\/li><li>Verbetert de spijsvertering en bevordert een gezond gewichtsverlies*<\/li><li>Verhoogt de energie en vitaliteit*<\/li><li>Ondersteunt een gezond immuunsysteem en beschermt tegen ziekte*<\/li><li>Verbetert de opname van voedingsstoffen voor een optimale voeding*<\/li><li>Bevordert een gezonde balans van darmbacteriën voor een betere algehele gezondheid*<\/li><\/ul>","side_panel_2_page":"shipping","side_panel_3_label":"ingrediënten","side_panel_3_icon":"none","side_panel_3_content":"<p><strong>Deze speciale kruidenmix zorgt ervoor dat je je lichter voelt na 6-12 uur gebruik van de Colon Cleanse<\/strong><\/p><ul><li>Aloë vera (Aloë vera, Latex) Aloë vera helpt de darmflora in evenwicht te brengen. Het is nuttig in gevallen van prikkelbare darmsyndroom en is een laxeermiddel waarvan bekend is dat het helpt parasieten uit het spijsverteringskanaal te verdrijven.<br\/><\/li><li>Senna (Senna alexandrina, Leaf) Senna bevat antrachinon, dat bekend staat om zijn krachtige laxerende werking. Deze antrachinonen zijn ook zeer effectief in het reinigen van de dikke darm, wat niet alleen uitstekend is voor het ontgiften van het spijsverteringsstelsel, maar ook voor het voorbereiden van de dikke darm op procedures zoals een colonoscopie.<br\/><\/li><li>Kles (Kles extract) Kles wortel bevat inuline, een oplosbare en prebiotische vezel die helpt de spijsvertering te verbeteren. Inuline werkt als voedsel voor gezonde darmbacteriën en helpt ontstekingen te reguleren en gifstoffen uit het lichaam te verwijderen.<br\/><\/li><li>Cascara (Rhamnus purshiana oude schors) De actieve ingrediënten van Cascara Sagrada stimuleren de darmwand en verlichten een trage dikke darm. De combinatie van zowel psyllium (als bulkmiddel) als Cascara (als stimulerend laxeermiddel) is essentieel voor een effectief darmreinigingsprogramma.<br\/><\/li><li>Gember (Zingiber) Gember wordt gebruikt in de meeste ontgiftingsprogramma's omdat het het lichaam reinigt door spijsvertering, circulatie en zweten te stimuleren. De spijsvertering dient om de ophoping van afval en gifstoffen in de dikke darm, lever en andere organen te reinigen.<br\/><strong><br\/>Alle ingrediënten zijn (Biologisch, Glutenvrij, Veganistisch)<\/strong><\/li><\/ul>","side_panel_3_page":"care-guide"}},"1ceb3c75-ea55-49c5-a3cf-a8beb3af5f06":{"type":"collapsible_tab","settings":{"heading":"Reviews","open":true,"content":"","page":""}},"f19dc705-0424-4428-9371-4e95e793dd5e":{"type":"collapsible_tab","settings":{"heading":"Description","open":false,"content":"<p>We introduce our newest product, designed to <strong>help you achieve a deeper, more restful sleep<\/strong> - our Deep Sleep supplement!<\/p><p>Made with a unique blend of high-quality ingredients, including magnesium citrate, zinc citrate and valerian extract, our supplement is specially formulated to promote a calm, relaxed state of mind and body, helping you fall asleep more easily and experience a more restful, rejuvenating night's sleep.<\/p><p><strong>Magnesium citrate<\/strong> is a crucial mineral that plays an essential role in supporting healthy sleep patterns by regulating the neurotransmitters in the brain responsible for promoting relaxation and reducing stress. <\/p><p><strong>Zinc citrate<\/strong> helps improve the quality of your sleep by supporting the production of serotonin, a neurotransmitter that helps regulate mood and sleep.<\/p><p><strong>Valerian extract<\/strong>, a natural herb that has been used for centuries to promote relaxation and reduce anxiety, is included in our supplement to help calm your body and mind and put you into a deep, restful sleep. <\/p><p>Together, these powerful ingredients work synergistically to help you achieve the deep, restful sleep you deserve, so you wake up refreshed, energized and ready to tackle the day ahead.<\/p><p>Try our Deep Sleep supplement today and experience the difference for yourself!<\/p>","page":""}},"a8bab53b-0400-4d22-b57e-eb3f70d8fcca":{"type":"collapsible_tab","settings":{"heading":"Tips & dosage","open":false,"content":"<p>Support your natural sleep by taking one caspule of Deep Sleep daily. <\/p><ul><li>The best time for this is half an hour before bedtime. <\/li><li>Take this tablet with a generous amount of water.<\/li><li>The responsible dosage allows you to use Deep Sleep for a long time. <\/li><li>It does not bore you or make you dependent on it. <\/li><li>This supplement is suitable for vegetarians.<\/li><\/ul><p><strong>TIP! <\/strong>You can combine Deep Sleep with Jennah Organic's other supplements without any problems.<\/p><p><strong>Getting a good night's sleep?These tips will help.<\/strong><\/p><p>That sleep is good for you, there's no doubt about it. During the night hours, your body recovers from all the efforts of the previous day. You start the new day fit if you have had enough sleep.<\/p><p><strong>Take advantage of these tips.<\/strong><\/p><p><strong>1)<\/strong> Follow your own rhythm. As much as possible, go to bed at the same time and get up around the same time.<\/p><p><strong>2)<\/strong> End your day slowly by reading a book, taking a hot bath or doing relaxation exercises. Or just do nothing for a while.<\/p><p><strong>3)<\/strong> Create a nice sleeping environment by keeping your bedroom cool and dark. Lovely soft bedding and a good mattress also contribute to your sleep.<\/p>","page":""}},"9496fcd8-da41-40aa-957b-7a5331c88017":{"type":"collapsible_tab","settings":{"heading":"Ingredients","open":false,"content":"<p>Magnesium citrate, Zinc citrate,Valerian extract.<\/p><p><em>All ingredients are (Organic, Gluten-Free, Non-GMO, Vegan)<\/em><\/p>","page":""}},"116b772c-9a21-4e72-9180-12a734f5c704":{"type":"collapsible_tab","settings":{"heading":"Voordelen","open":false,"content":"<ul><li>Supports the maintenance of a healthy sleep<\/li><li>Has a relaxing and calming effect<\/li><li>Helps to wake up rested<\/li><li>Good for moodHelps with fatigue<\/li><li>Supports energy levels<\/li><li>Good for memory and concentration<\/li><\/ul>","page":""}}},"block_order":["7d598c40-a18a-46d4-9dce-2dcbad10c43c","58ad45ab-6593-4428-a9ed-b7ef4861f403","title","19737c7c-261f-4d56-b7fe-d993ad0c50bb","a8900613-f18b-4393-8d15-c10dba299bef","checkmark_Hct7t3","f0d9a32b-a510-48f9-a111-bae7ec904d43","fe5e189b-a30d-4a43-a64f-e76ae47ff5ee","46d4765d-742b-43ac-8487-796a1243b987","9857908c-28ae-4b8a-843d-a73950421d74","0b3e272b-c86a-4dba-946c-c6912251371c","45759a07-51f7-4760-92b6-8895071e5432","c5a8c7e2-42e4-46b1-9eed-bb3720153ebb","buy_buttons","a2c7341c-bd92-4ca7-8dbc-d8ceaed5e1bb","f3674f15-8e45-45d7-8d31-eeda74b909de","95b7e00a-0453-4eb0-9cf0-1dae84d8b822","1ceb3c75-ea55-49c5-a3cf-a8beb3af5f06","f19dc705-0424-4428-9371-4e95e793dd5e","a8bab53b-0400-4d22-b57e-eb3f70d8fcca","9496fcd8-da41-40aa-957b-7a5331c88017","116b772c-9a21-4e72-9180-12a734f5c704"],"settings":{"social-proof-box":true,"social-proof-box-text":"<p><em>\"A great product that does what it promises. <\/em><em><strong>I can finally sleep again without being constantly awake.<\/strong><\/em><em> You feel so much better when you can sleep\" - Julia P.<\/em><\/p>","social-proof-box-image":"shopify:\/\/shop_images\/It_is_now_the_second_time_I_have_done_the_colon_detox._I_lost_2_kilos_after_just_one_week_Furthermore_I_feel_much_lighter_and_better_in_my_skin._Thank_you_800_x_230_px_50_x_50_px_500_46e32cf9-14f1-46ee-ad05-937b9ecf742f.png","title-1":"Nightly Miracle!","review-1":"Finally got a full night's sleep. Thanks to Deep Sleep, I'm feeling refreshed again!","name-1":"Trevor","title-2":"Can't Go Without It!","review-2":"After years of searching for a solution, Deep Sleep has become my nighttime hero.","name-2":"Peter","title-3":"Lives Up to Its Name","review-3":"Noticed the difference within days. Now, I sleep deeply and wake up rejuvenated!","name-3":"Emma","title-4":"Game Changer for Insomniacs","review-4":"As someone who's struggled to sleep, Deep Sleep has transformed my nights.","name-4":"Victor","title-5":"Best Investment for Rest","review-5":"Skeptical at first, but Deep Sleep truly delivers. Restful nights are now the norm.","name-5":"Jimmy","title-6":"No More Tossing and Turning","review-6":"Deep Sleep has made bedtime something to look forward to. Peaceful nights ahead!","name-6":"Jim","title-7":"Reliable and Effective","review-7":"Consistent deep sleep every night. Wish I found this product sooner!","name-7":"Michael","title-8":"Refreshed Mornings Await","review-8":"Waking up after Deep Sleep is a whole new experience. Feeling energetic and ready for the day!","name-8":"Jerry","title-9":"Trust in Deep Sleep","review-9":"If you're on the fence about trying it, just do it. Deep Sleep has been a lifesaver for me.","name-9":"Anthony","full_width":true,"enable_sticky_info":false,"enable_sticky_add_to_cart":false,"show_taxes_included":false,"media_layout":"collage","display_slider_pagination":false,"media_aspect_ratio":"adapt","display_captions":true,"hide_variants":true,"lightbox":false,"enable_video_looping":false}},"521bd027-3516-40ea-bfcd-dfccab7a076a":{"type":"text-with-icons","blocks":{"template--19144188330318__521bd027-3516-40ea-bfcd-dfccab7a076a-16876311672264bb7c-0":{"type":"icon","settings":{"icon":"none","image":"shopify:\/\/shop_images\/Bestel_nu_betaal_later_100_x_100_px_31.png","heading":"Deep Sleep, Renewed Energy","text":"<p>Soothes and rejuvenates<\/p>"}},"template--19144188330318__521bd027-3516-40ea-bfcd-dfccab7a076a-16876311672264bb7c-1":{"type":"icon","settings":{"icon":"ruler","image":"shopify:\/\/shop_images\/Bestel_nu_betaal_later_100_x_100_px_30.png","heading":"Rested Awakening","text":"<p>Valerian and serotonin<\/p>"}},"template--19144188330318__521bd027-3516-40ea-bfcd-dfccab7a076a-16876311672264bb7c-2":{"type":"icon","settings":{"icon":"ruler","image":"shopify:\/\/shop_images\/Bestel_nu_betaal_later_100_x_100_px_32.png","heading":"Improve Sleep Quality","text":"<p>Natural tranquility<\/p>"}},"76cbea17-d1ca-4d3a-8b27-b2fbfdb583a4":{"type":"icon","disabled":true,"settings":{"icon":"ruler","image":"shopify:\/\/shop_images\/egula.png","heading":"VERGEMAKKELIJK JE TOILETBEZOEKEN","text":""}}},"block_order":["template--19144188330318__521bd027-3516-40ea-bfcd-dfccab7a076a-16876311672264bb7c-0","template--19144188330318__521bd027-3516-40ea-bfcd-dfccab7a076a-16876311672264bb7c-1","template--19144188330318__521bd027-3516-40ea-bfcd-dfccab7a076a-16876311672264bb7c-2","76cbea17-d1ca-4d3a-8b27-b2fbfdb583a4"],"settings":{"text_alignment":"left","icon_position":"left","icon_size":"large","heading_size":"small","mobile_swipe":true,"color_bg":"#ffffff","color_heading":"#2e2930","color_text":"#151515","disable_top_spacing":true,"disable_bottom_spacing":true}},"4af37162-67cb-4d3e-9b7a-a8e396d8b7cb":{"type":"slideshow","blocks":{"template--19144188330318__4af37162-67cb-4d3e-9b7a-a8e396d8b7cb-168763223374982917-1":{"type":"slide","settings":{"slide_link":"","video_background":false,"video":"https:\/\/www.youtube.com\/watch?v=_9VUPq3SxOc","subheading":"","heading":"Herstel je Nachtrust met Deep Sleep","heading_size":"h2","content":"Ervaar de weldaad van diepe slaap en word vernieuwd wakker dankzij onze unieke formule met magnesiumcitraat, zinkcitraat en valeriaanextract","description_size":"small","content_position":"middle-center","text_alignment":"center","content_size":"medium","overlay_color":"#000000","overlay_opacity":0,"overlay_gradient":"linear-gradient(180deg, rgba(0, 0, 0, 0.1), rgba(0, 0, 0, 0.4) 100%)","button_1_text":"","button_1_link":"","button_1_outline":false,"button_2_text":"","button_2_link":"","button_2_outline":false}},"1065e784-b33a-4306-952a-1b61e16a4259":{"type":"slide","settings":{"slide_link":"","video_background":false,"video":"https:\/\/www.youtube.com\/watch?v=_9VUPq3SxOc","subheading":"","heading":"Diepere Slaap voor een Opgefrist Begin","heading_size":"h2","content":"Laat spanning achter je en geniet van een verkwikkende nachtrust met ons Deep Sleep supplement, samengesteld voor een rustige geest en een hersteld lichaam.","description_size":"small","content_position":"middle-center","text_alignment":"center","content_size":"medium","overlay_color":"#000000","overlay_opacity":70,"overlay_gradient":"linear-gradient(180deg, rgba(0, 0, 0, 0.1), rgba(0, 0, 0, 0.4) 100%)","button_1_text":"","button_1_link":"","button_1_outline":true,"button_2_text":"","button_2_link":"","button_2_outline":false}},"6e4e4cd3-c0b1-4599-9e5f-cef73c69d948":{"type":"slide","settings":{"slide_link":"","video_background":false,"video":"https:\/\/www.youtube.com\/watch?v=_9VUPq3SxOc","subheading":"","heading":"Kies voor Kwaliteitsslaap met Onze Unieke Formule","heading_size":"h2","content":"Zinkcitraat en magnesiumcitraat bevorderen ontspanning, terwijl valeriaanextract je helpt om diep en vredig te slapen, zodat je elke dag uitgerust begint.","description_size":"small","content_position":"middle-center","text_alignment":"center","content_size":"medium","overlay_color":"#000000","overlay_opacity":70,"overlay_gradient":"linear-gradient(180deg, rgba(0, 0, 0, 0.1), rgba(0, 0, 0, 0.4) 100%)","button_1_text":"","button_1_link":"","button_1_outline":false,"button_2_text":"","button_2_link":"","button_2_outline":false}},"c0fa7fa6-d2a2-4001-9481-5f3673da0f14":{"type":"slide","settings":{"slide_link":"","video_background":false,"video":"https:\/\/www.youtube.com\/watch?v=_9VUPq3SxOc","subheading":"","heading":"Ontspannende Nachten voor een Krachtige Start","heading_size":"h2","content":"Valeriaan en serotonine ondersteunen een rustige geest, terwijl ons Deep Sleep supplement je de rust biedt die je nodig hebt voor een energieke en productieve ochtend.","description_size":"small","content_position":"middle-center","text_alignment":"center","content_size":"medium","overlay_color":"#000000","overlay_opacity":70,"overlay_gradient":"linear-gradient(180deg, rgba(0, 0, 0, 0.1), rgba(0, 0, 0, 0.4) 100%)","button_1_text":"","button_1_link":"","button_1_outline":false,"button_2_text":"","button_2_link":"","button_2_outline":false}}},"block_order":["template--19144188330318__4af37162-67cb-4d3e-9b7a-a8e396d8b7cb-168763223374982917-1","1065e784-b33a-4306-952a-1b61e16a4259","6e4e4cd3-c0b1-4599-9e5f-cef73c69d948","c0fa7fa6-d2a2-4001-9481-5f3673da0f14"],"disabled":true,"settings":{"desktop_height":"desktop-height-image","mobile_height":"mobile-height-auto","full_width":true,"autoplay":true,"autoplay_length":5,"transition":"swipe","disable_top_spacing":true,"disable_bottom_spacing":true}},"e5fb4b67-6ca5-4027-9085-b24473de7a47":{"type":"kopstorm-section-1","settings":{"background-color":"#edeae3","title":"Inside Deep Sleep®","description":"Investigate the Source, Dosage, Form™","show-ingredient1":true,"heading":"Valerian extract:","paragraph":"<p><strong>Source: <\/strong>Valerian (Valeriana officinalis) is an herb native to parts of Europe and Asia.<\/p><p><strong>Origin:<\/strong> Valerian is traditionally harvested from the roots and rhizomes of the valerian plant.<\/p><p><strong>Benefits: <\/strong>Valerian is known for its relaxing properties and has been used for centuries to reduce anxiety and promote a calm mind. It can help reduce stress, improve sleep quality and help you fall asleep faster.<\/p>","image":"shopify:\/\/shop_images\/Ontwerp_zonder_titel_-_2023-08-17T183009.016.png","show-ingredient2":false,"heading2":"Gember","paragraph2":"<p><strong>Bron:<\/strong> Gember is afkomstig van de wortelstok van de Zingiber officinale plant.<\/p><p><strong>Oorsprong: <\/strong>Gember heeft zijn oorsprong in Zuidoost-Azië en wordt nu gekweekt in verschillende delen van de wereld.<\/p><p><strong>Voordelen: <\/strong>Gember ondersteunt de gezondheid van de dikke darm door ontstekingen te verminderen, de spijsvertering te ondersteunen en ontgifting te bevorderen.<\/p>","image2":"shopify:\/\/shop_images\/Ontwerp_zonder_titel_-_2023-06-01T195455.688.png","show-ingredient3":false,"heading3":"Tongkat Ali","paragraph3":"<p><strong>Bron: <\/strong>is afkomstig van de wortels van de Tongkat Ali-boom (Eurycoma longifolia).<\/p><p><br\/><strong>Oorsprong: <\/strong>Tongkat Ali, ook bekend als \"Maleisische ginseng\", heeft diepe wortels in Zuidoost-Azië, met name Maleisië en Indonesië.<\/p><p><br\/><strong>Voordelen:<\/strong> Tongkat Ali wordt erkend vanwege zijn potentieel om de natuurlijke testosteronproductie te ondersteunen, wat kan leiden tot verbeterde seksuele functie, verhoogde spiermassa en meer fysieke vitaliteit.<\/p>","show-ingredient4":true,"heading4":"Magnesium citrate","paragraph4":"<p><strong>Source:<\/strong> Magnesium citrate is often extracted from natural sources such as sea salt and is also sometimes produced synthetically.<br\/><br\/><strong>Origin: <\/strong>The mineral magnesium is found everywhere in nature, mainly in rocks and minerals. Magnesium citrate can be derived from citric acid, which occurs naturally in many fruits.<br\/><br\/><strong>Benefits: <\/strong>Magnesium citrate is essential for healthy sleep because it is involved in regulating neurotransmitters that promote relaxation. It can help promote rest and calmness, making it easier to fall asleep and experience deeper sleep.<\/p>","image4":"shopify:\/\/shop_images\/Ontwerp_zonder_titel_-_2023-08-17T183649.821.png","show-ingredient5":false,"heading5":"Organic Ashwagandha","paragraph5":""}},"674829ae-dbfa-456c-8921-928718c60604":{"type":"kopstorm-section-2","blocks":{"7773b99c-e3c6-4bbd-aa7a-5d9a471ead93":{"type":"Ingredient","settings":{"heading":"Organic Ashwagandha","paragraph":""}}},"block_order":["7773b99c-e3c6-4bbd-aa7a-5d9a471ead93"],"disabled":true,"settings":{"background-color":"#edeae3","title":"Inside Deep Sleep®","description":"Investigate the Source, Dosage, Form™"}},"e93b4122-3384-42a8-a501-446494a076df":{"type":"image-with-text","blocks":{"template--19144188330318__e93b4122-3384-42a8-a501-446494a076df-1687632013348b44b3-1":{"type":"heading","settings":{"text":"Benefits of Deep Sleep®","heading_size":"h3"}},"template--19144188330318__e93b4122-3384-42a8-a501-446494a076df-1687632013348b44b3-2":{"type":"text","settings":{"text":"<ul><li>Supports the maintenance of healthy sleep*<\/li><li>Has a relaxing and calming effect*<\/li><li>Helps you wake up rested*<\/li><li>You talk better and find your words better*<\/li><li>You build muscles more easily*<\/li><li>Your skin looks more even and healthy*<\/li><li>Helps with fatigue*Supports energy levels*<\/li><li>Good for memory and concentration*<\/li><\/ul>"}}},"block_order":["template--19144188330318__e93b4122-3384-42a8-a501-446494a076df-1687632013348b44b3-1","template--19144188330318__e93b4122-3384-42a8-a501-446494a076df-1687632013348b44b3-2"],"settings":{"image":"shopify:\/\/shop_images\/I_will_900_x_1080_px_1080_x_1080_px_31.png","use_video":false,"video":"https:\/\/www.youtube.com\/watch?v=_9VUPq3SxOc","video_autoplay":true,"video_controls":true,"height":"adapt","desktop_image_width":"medium","section_width":"full-width-row","layout":"image_first","content_position":"text-left","color_bg":"#fafaf8","color_text":"#151515","color_border":"#e2e2e2","disable_top_spacing":false,"disable_bottom_spacing":false}},"169476444969135578":{"type":"apps","settings":{}},"862181d3-4676-4452-b5d3-7d2c0c0e6f9f":{"type":"collapsible-content","blocks":{"template--19144188330318__862181d3-4676-4452-b5d3-7d2c0c0e6f9f-16876359208c5bac1b-0":{"type":"collapsible_tab","settings":{"heading":"Is Flat Belly veilig?","open":false,"content":"<p>Flat Belly is 100% veilig en gebruikt natuurlijke ingrediënten om het lichaam veilig van binnenuit te reinigen.<\/p>","page":""}},"template--19144188330318__862181d3-4676-4452-b5d3-7d2c0c0e6f9f-16876359208c5bac1b-1":{"type":"collapsible_tab","settings":{"heading":"Is het waar dat Flat Belly je kan helpen afvallen?","open":false,"content":"<p>Absoluut! De meeste van onze klanten zien een bijna onmiddellijke afvlakking van de buik als gevolg van het afscheiden van opgehoopt afval en het verminderen van opgeblazen gevoel en vochtretentie.<\/p>","page":""}},"template--19144188330318__862181d3-4676-4452-b5d3-7d2c0c0e6f9f-16876359208c5bac1b-2":{"type":"collapsible_tab","settings":{"heading":"Hoe lang kan ik Flat Belly gebruiken?","open":false,"content":"<p>De Flat Belly is voor dertig dagen. Na 30 dagen raden wij u aan om twee weken pauze te nemen voordat u de cleanse opnieuw gebruikt.<\/p>","page":""}},"template--19144188330318__862181d3-4676-4452-b5d3-7d2c0c0e6f9f-16876359208c5bac1b-3":{"type":"collapsible_tab","settings":{"heading":"Helpt Flat Belly gifstoffen te verwijderen?","open":false,"content":"<p>Er wordt algemeen aangenomen dat het lichaam te allen tijde tussen de 5 en 20 pond overtollig afval in uw darmen draagt. Alle gifstoffen die kunnen voortvloeien uit voedsel, water of het milieu en kunnen zich ophopen in de darmen. Naar onze mening is het belangrijk om ze sneller uit te scheiden om het lichaam op topprestaties te houden.<\/p>","page":""}},"template--19144188330318__862181d3-4676-4452-b5d3-7d2c0c0e6f9f-16876359208c5bac1b-4":{"type":"collapsible_tab","settings":{"heading":"Zal Flat Belly ervoor zorgen dat ik me mentaal en fysiek beter voel?","open":false,"content":"<p>Absoluut! Flat Belly helpt gifstoffen te verwijderen en ze op natuurlijke wijze uit het lichaam op te bouwen. Uw darmgezondheid is uiterst belangrijk en dit is waar de meeste cellen van uw immuunsysteem en neurotransmitters worden gemaakt. Wanneer je de darmgezondheid verbetert, kun je verwachten dat je je fysiek en mentaal NIETS beter voelt. Je moet je scherper, minder vermoeid voelen en een algeheel gevoel van verbetering hebben voor je welzijn gedurende de dag.<\/p>","page":""}},"21d71794-2ddf-457a-b406-01d9c000fc33":{"type":"collapsible_tab","settings":{"heading":"Is het veilig om Flat Belly te gebruiken tijdens de zwangerschap of borstvoeding?","open":false,"content":"<p>Het wordt niet aanbevolen om een ​​platte buik te gebruiken tijdens zwangerschap of borstvoeding. Hoewel gember, aloë vera en Burdock over het algemeen als veilig worden beschouwd voor consumptie tijdens zwangerschap en borstvoeding, is bekend dat Cascara en Senna Leaf laxatieve effecten hebben en contracties in de baarmoeder kunnen veroorzaken.<\/p><p>Deze effecten kunnen mogelijk schadelijk zijn voor de zich ontwikkelende foetus of verpleegkundige baby, en daarom wordt het niet aanbevolen om een ​​platte buik te gebruiken tijdens de zwangerschap of borstvoeding.<\/p>","page":""}},"4576634f-8ea3-400e-b0d7-3d5ea325c2e9":{"type":"collapsible_tab","settings":{"heading":"Kunnen kinderen het Flat Belly-product gebruiken?","open":false,"content":"<p>Nee, wij raden het gebruik van ons Flat Belly-Colon Cleanse product af voor kinderen jonger dan 18-jarig. Ons product bevat een krachtige mix van natuurlijke ingrediënten, waaronder aloë vera, gember, klis, cascara en senna, die te sterk kunnen zijn voor jonge kinderen.<\/p>","page":""}},"1081d08f-43b9-4ef7-8b6a-58e2e8ec8596":{"type":"collapsible_tab","settings":{"heading":"Kan ik de Flat Belly in poedervorm in plaats van capsules nemen?","open":false,"content":"<p>Onze Flat Belly product is momenteel alleen beschikbaar in capsule vorm. U kunt de capsules echter gemakkelijk openen en het poeder mengen met water, sap, een smoothie of een ander drankje van uw keuze. Wij raden het gebruik van het product met een volledig glas water om te zorgen voor een goede hydratatie en om te helpen het lichaam spoelen uit toxines. Als u enige zorgen of vragen over de beste manier om onze dikke darm reinigen product, aarzel dan niet om contact met ons op.<\/p>","page":""}},"11e7a9f5-5853-44fb-beca-b78e4b7b6ae4":{"type":"collapsible_tab","settings":{"heading":"Moet ik elke keer voor het slapengaan 2 capsules nemen, of kan ik ook 1 nemen?","open":false,"content":"<p>Onze aanbevolen dosering is 2 capsules voor het slapengaan, maar u kunt maximaal 3 capsules per dag nemen indien nodig. Het is echter het beste om te beginnen met een capsule per dag en je weg omhoog te werken om de optimale dosering te vinden die de gewenste voordelen voor je biedt. De effecten kunnen variëren van persoon tot persoon, dus het is belangrijk om te vinden wat het beste voor je werkt.<\/p>","page":""}},"15666c27-0f10-4803-87db-aaadac0fd4b5":{"type":"collapsible_tab","settings":{"heading":"Zal Flat Belly me alleen helpen om af te vallen in mijn buik of in mijn hele lichaam?","open":false,"content":"<p>Het Flat Belly product kan helpen gewichtsverlies door het hele lichaam te bevorderen, niet alleen in de buik. De ingrediënten in het product ondersteunen een gezonde spijsvertering en eliminatie, wat kan leiden tot algehele gewichtsverlies en een slanker uiterlijk.<\/p>","page":""}}},"block_order":["template--19144188330318__862181d3-4676-4452-b5d3-7d2c0c0e6f9f-16876359208c5bac1b-0","template--19144188330318__862181d3-4676-4452-b5d3-7d2c0c0e6f9f-16876359208c5bac1b-1","template--19144188330318__862181d3-4676-4452-b5d3-7d2c0c0e6f9f-16876359208c5bac1b-2","template--19144188330318__862181d3-4676-4452-b5d3-7d2c0c0e6f9f-16876359208c5bac1b-3","template--19144188330318__862181d3-4676-4452-b5d3-7d2c0c0e6f9f-16876359208c5bac1b-4","21d71794-2ddf-457a-b406-01d9c000fc33","4576634f-8ea3-400e-b0d7-3d5ea325c2e9","1081d08f-43b9-4ef7-8b6a-58e2e8ec8596","11e7a9f5-5853-44fb-beca-b78e4b7b6ae4","15666c27-0f10-4803-87db-aaadac0fd4b5"],"disabled":true,"settings":{"heading":"Meest gestelde vragen","description":"","uppercase_heading":false,"disable_top_spacing":true,"disable_bottom_spacing":true}},"cfbf0b99-34c1-466d-ba31-d5ac9c5a5cb9":{"type":"multicolumn","blocks":{"template--19144188330318__cfbf0b99-34c1-466d-ba31-d5ac9c5a5cb9-1687636829feb865c0-0":{"type":"column","settings":{"image":"shopify:\/\/shop_images\/Ontwerp_zonder_titel_75.jpg","image_full_width":false,"retina":false,"title":"","text":"","link_label":"","link":""}},"template--19144188330318__cfbf0b99-34c1-466d-ba31-d5ac9c5a5cb9-1687636829feb865c0-1":{"type":"column","settings":{"image":"shopify:\/\/shop_images\/Ontwerp_zonder_titel_-_2023-03-10T132236.625_325a23e0-74f2-4cf2-972f-ceebb0879d73.png","image_full_width":false,"retina":true,"title":"","text":"","link_label":"","link":""}},"template--19144188330318__cfbf0b99-34c1-466d-ba31-d5ac9c5a5cb9-1687636829feb865c0-2":{"type":"column","settings":{"image":"shopify:\/\/shop_images\/Zonder_titel_800_x_500_px_800_x_800_px.jpg","image_full_width":false,"retina":true,"title":"","text":"","link_label":"","link":""}},"template--19144188330318__cfbf0b99-34c1-466d-ba31-d5ac9c5a5cb9-1687636829feb865c0-3":{"type":"column","settings":{"image":"shopify:\/\/shop_images\/Zonder_titel_800_x_500_px_800_x_800_px_2.jpg","image_full_width":false,"retina":true,"title":"","text":"","link_label":"","link":""}}},"block_order":["template--19144188330318__cfbf0b99-34c1-466d-ba31-d5ac9c5a5cb9-1687636829feb865c0-0","template--19144188330318__cfbf0b99-34c1-466d-ba31-d5ac9c5a5cb9-1687636829feb865c0-1","template--19144188330318__cfbf0b99-34c1-466d-ba31-d5ac9c5a5cb9-1687636829feb865c0-2","template--19144188330318__cfbf0b99-34c1-466d-ba31-d5ac9c5a5cb9-1687636829feb865c0-3"],"settings":{"heading":"Loved and used worldwide","heading_left":false,"description":"<p>With more than <strong>100,000 jars sold worldwide Jennah Organics®<\/strong> has helped thousands of people get their health back on track through natural herbs that have been used for thousands of years for various health purposes.<\/p>","full_width":true,"display_type":"grid","image_ratio":"adapt","columns_desktop":4,"text_alignment":"left","heading_size":"h5","mobile_swipe":true,"show_progress_bar":true,"disable_top_spacing":false,"disable_bottom_spacing":false}},"product-recommendations":{"type":"product-recommendations","settings":{"heading":"Others also bought","heading_left":true,"description":"","full_width":true,"mobile_swipe":true,"disable_top_spacing":true,"disable_bottom_spacing":true}}},"order":["breadcrumbs","main-product","521bd027-3516-40ea-bfcd-dfccab7a076a","4af37162-67cb-4d3e-9b7a-a8e396d8b7cb","e5fb4b67-6ca5-4027-9085-b24473de7a47","674829ae-dbfa-456c-8921-928718c60604","e93b4122-3384-42a8-a501-446494a076df","169476444969135578","862181d3-4676-4452-b5d3-7d2c0c0e6f9f","cfbf0b99-34c1-466d-ba31-d5ac9c5a5cb9","product-recommendations"]}