{"sections":{"kopstorm_categories_afdHrN":{"type":"kopstorm_categories","settings":{"collections":"main-menu-new","background":"#ffffff","text-color-2":"#000000","text-color":"#000000"}},"breadcrumbs":{"type":"breadcrumbs","settings":{}},"main-product":{"type":"main-product","blocks":{"7d598c40-a18a-46d4-9dce-2dcbad10c43c":{"type":"custom_liquid","disabled":true,"settings":{"custom_liquid":"<div style=\"margin-bottom: 15px;\" class=\"desktop-trust\">\n  \n<div style=\"display:flex; flex-direction: row; gap: 10px;\">\n<img style=\"width:100px;\" src=\"https:\/\/cdn.shopify.com\/s\/files\/1\/0554\/5453\/1633\/files\/stars_1.svg?v=1671197306\">\n<a style=\"text-decoration: none; color: #3a251f; font-size:16px;\" href=\"#trustpilot-banner\"><span><ls-static-556480>View recent<\/ls-static-556480> <span style=\"text-decoration:underline;\"><ls-static-790007>reviews.<\/ls-static-790007><\/span><\/span><\/a>\n<\/div>\n  \n<\/div>\n\n<div style=\"margin-bottom: 15px;\" class=\"mobile-trust\">\n\n<div style=\"display:flex; flex-direction: row; gap: 10px;\">\n<img style=\"width:100px;\" src=\"https:\/\/cdn.shopify.com\/s\/files\/1\/0554\/5453\/1633\/files\/stars_1.svg?v=1671197306\">\n<a style=\"text-decoration: none; color: #3a251f; font-size:16px;\" href=\"#trustpilot-banner-mobile\"><span><ls-static-343772>View recent<\/ls-static-343772> <span style=\"text-decoration:underline;\"><ls-static-330837>reviews.<\/ls-static-330837><\/span><\/span><\/a>\n<\/div>\n\n<\/div>\n\n<style>\n  .mobile-trust {\n    display: none;\n  }\n  .desktop-trust {\n    display: block;\n  }\n@media screen and (max-width: 767px) {\n  .mobile-trust {\n    display: block;\n  }\n  .desktop-trust {\n    display: none;\n  }\n}\n<\/style>"}},"58ad45ab-6593-4428-a9ed-b7ef4861f403":{"type":"custom_liquid","settings":{"custom_liquid":"{% render 'kopstorm-snippet-1' %}"}},"title":{"type":"title","settings":{"uppercase":true,"show_products_rating":false}},"19737c7c-261f-4d56-b7fe-d993ad0c50bb":{"type":"text","settings":{"text":"Discover Libido Boost - Tongkat Ali: a powerful supplement that combines natural ingredients such as Tongkat Ali and Maca to improve your energy, focus, sexual function and overall health.","text_style":"style_body"}},"a8900613-f18b-4393-8d15-c10dba299bef":{"type":"text","disabled":true,"settings":{"text":"Opmerkelijke Resultaten Gerapporteerd door Tevreden Klanten: Ontdek de Succesverhalen van Klanten Die Aanzienlijke Resultaten hebben Ervaren met Flat Belly, inclusief het <b>Verwijderen van Tot wel 5 kg Giftig Afval in Slechts één Week!<\/b>","text_style":"style_body"}},"checkmark_CxiU9E":{"type":"checkmark","settings":{"image":"shopify:\/\/shop_images\/klarna.jpg","height":20,"checkmark-tekst":"Buy now, Pay later","checkmark-color":"#000000","top-margin":15,"bottom-margin":15}},"f0d9a32b-a510-48f9-a111-bae7ec904d43":{"type":"checkmark","settings":{"image":"shopify:\/\/shop_images\/icon-check-brown.svg","height":10,"checkmark-tekst":"30-day money-back guarantee","checkmark-color":"#d966c6","top-margin":10,"bottom-margin":10}},"fe5e189b-a30d-4a43-a64f-e76ae47ff5ee":{"type":"checkmark","settings":{"image":"shopify:\/\/shop_images\/icon-check-brown.svg","height":10,"checkmark-tekst":"Delivered within 2 days","checkmark-color":"#000000","top-margin":15,"bottom-margin":15}},"46d4765d-742b-43ac-8487-796a1243b987":{"type":"checkmark","settings":{"image":"shopify:\/\/shop_images\/icon-check-brown.svg","height":10,"checkmark-tekst":"Free Shipping on Orders Over £99","checkmark-color":"#000000","top-margin":15,"bottom-margin":15}},"9857908c-28ae-4b8a-843d-a73950421d74":{"type":"checkmark","settings":{"image":"shopify:\/\/shop_images\/icon-check-brown.svg","height":10,"checkmark-tekst":"Vegan, Organic, Gluten-free","checkmark-color":"#000000","top-margin":15,"bottom-margin":33}},"0b3e272b-c86a-4dba-946c-c6912251371c":{"type":"description","disabled":true,"settings":{}},"45759a07-51f7-4760-92b6-8895071e5432":{"type":"variant_picker","settings":{"picker_type":"button","color_picker":true,"variant_is_disabled":true,"sizing_guide_text":"Sizing guide","sizing_guide_icon":"ruler","sizing_guide_page":""}},"25d669b4-8a75-4df7-9b76-d6aea731dd51":{"type":"shopify:\/\/apps\/recharge-subscriptions\/blocks\/subscription-widget\/371eed76-0b44-4869-9813-730372ea378e","settings":{"product":"{{product}}"}},"buy_buttons":{"type":"buy_buttons","settings":{"show_quantity_selector":true,"show_dynamic_checkout":false,"show_gift_card_recipient":false}},"a2c7341c-bd92-4ca7-8dbc-d8ceaed5e1bb":{"type":"text","disabled":true,"settings":{"text":"Limited-time FREE: 30-day Diet eBook with purchase! 📘","text_style":"style_body"}},"f3674f15-8e45-45d7-8d31-eeda74b909de":{"type":"custom_liquid","settings":{"custom_liquid":"{% render 'kopstorm-snippet-2' %}"}},"95b7e00a-0453-4eb0-9cf0-1dae84d8b822":{"type":"side_panel","disabled":true,"settings":{"side_panel_1_label":"Beschrijving","side_panel_1_icon":"none","side_panel_1_content":"<p><strong>**Effectieve Darmreiniging voor Optimale Spijsvertering en Gewichtsverlies**<\/strong><br\/><br\/>Spoel Toxines en Afvalstoffen weg met de Kracht van Flat Belly®. Ervaar de Effectieve Reinigingskracht van Flat Belly terwijl het* Toxines en Afvalstoffen uit je Darmen Spoelt, wat zorgt voor een Betere Spijsvertering en Sneller Gewichtsverlies.<br\/><br\/><strong>**Vaarwel Opgeblazen Gevoel en Obstipatie**<\/strong><br\/><br\/>Zeg Dag tegen Problemen met Opgeblazen Gevoel en Obstipatie en Verwelkom een Plattere en Getonede Buik met de Krachtige Formule van Flat Belly®.<br\/><br\/><strong>**Veilige en Zachte Reiniging met Natuurlijke Ingrediënten**<\/strong><br\/><br\/>Een Zachte en Comfortabele Reinigingservaring. Geniet van een Comfortabele en Effectieve Reinigingservaring met Flat Belly® dankzij de Natuurlijke Ingrediënten die Veilig en Zacht zijn voor je Lichaam.<br\/><br\/><strong>**Omarm de Voordelen van een Gezondere Darm**<\/strong><br\/><br\/>Ontdek de Transformatieve Voordelen van een Gezondere Darm, Verbeterde Spijsvertering en Versterkt Gewichtsverlies met Flat Belly®. Ervaar het Verschil met Flat Belly en Begin Vandaag nog aan je Reis naar een Slanker en Gezonder Lichaam.<\/p>","side_panel_1_page":"","side_panel_2_label":"Voordelen","side_panel_2_icon":"none","side_panel_2_content":"<p><strong>Flat Belly Darm Detox - Klinisch bewezen voordelen:<\/strong><\/p><p><em>Zorgt binnen 1 week voor een plattere buik*<\/em><\/p><ul><li> Verlicht constipatie en bevordert een gezonde darmfunctie*<\/li><li> Geeft een egaler uitziende huid*<\/li><li>Reinigt de darmen grondig van opgebouwde afvalstoffen*<\/li><li>Verbetert de spijsvertering en bevordert een gezond gewichtsverlies*<\/li><li>Verhoogt de energie en vitaliteit*<\/li><li>Ondersteunt een gezond immuunsysteem en beschermt tegen ziekte*<\/li><li>Verbetert de opname van voedingsstoffen voor een optimale voeding*<\/li><li>Bevordert een gezonde balans van darmbacteriën voor een betere algehele gezondheid*<\/li><\/ul>","side_panel_2_page":"shipping","side_panel_3_label":"ingrediënten","side_panel_3_icon":"none","side_panel_3_content":"<p><strong>Deze speciale kruidenmix zorgt ervoor dat je je lichter voelt na 6-12 uur gebruik van de Colon Cleanse<\/strong><\/p><ul><li>Aloë vera (Aloë vera, Latex) Aloë vera helpt de darmflora in evenwicht te brengen. Het is nuttig in gevallen van prikkelbare darmsyndroom en is een laxeermiddel waarvan bekend is dat het helpt parasieten uit het spijsverteringskanaal te verdrijven.<br\/><\/li><li>Senna (Senna alexandrina, Leaf) Senna bevat antrachinon, dat bekend staat om zijn krachtige laxerende werking. Deze antrachinonen zijn ook zeer effectief in het reinigen van de dikke darm, wat niet alleen uitstekend is voor het ontgiften van het spijsverteringsstelsel, maar ook voor het voorbereiden van de dikke darm op procedures zoals een colonoscopie.<br\/><\/li><li>Kles (Kles extract) Kles wortel bevat inuline, een oplosbare en prebiotische vezel die helpt de spijsvertering te verbeteren. Inuline werkt als voedsel voor gezonde darmbacteriën en helpt ontstekingen te reguleren en gifstoffen uit het lichaam te verwijderen.<br\/><\/li><li>Cascara (Rhamnus purshiana oude schors) De actieve ingrediënten van Cascara Sagrada stimuleren de darmwand en verlichten een trage dikke darm. De combinatie van zowel psyllium (als bulkmiddel) als Cascara (als stimulerend laxeermiddel) is essentieel voor een effectief darmreinigingsprogramma.<br\/><\/li><li>Gember (Zingiber) Gember wordt gebruikt in de meeste ontgiftingsprogramma's omdat het het lichaam reinigt door spijsvertering, circulatie en zweten te stimuleren. De spijsvertering dient om de ophoping van afval en gifstoffen in de dikke darm, lever en andere organen te reinigen.<br\/><strong><br\/>Alle ingrediënten zijn (Biologisch, Glutenvrij, Veganistisch)<\/strong><\/li><\/ul>","side_panel_3_page":"care-guide"}},"1ceb3c75-ea55-49c5-a3cf-a8beb3af5f06":{"type":"collapsible_tab","settings":{"heading":"Reviews","open":true,"content":"","page":""}},"f19dc705-0424-4428-9371-4e95e793dd5e":{"type":"collapsible_tab","settings":{"heading":"Description","open":false,"content":"<p><strong>Good news for both men and women! <\/strong><\/p><p>Are you looking for a natural way to improve your energy, focus and overall health? <\/p><p>Then look no further than Libido Boost - Tongkat Ali!<\/p><p><em>This powerful supplement combines two potent ingredients - Tongkat Ali and Maca - into a natural formula that can help you feel your best....<\/em><\/p><p><strong>Tongkat Ali <\/strong>is a well-known herb that has been used for centuries to help with various health problems. <\/p><p>It is best known for its ability to increase testosterone levels, which can lead to better sexual function, increased muscle mass and improved athletic performance.<\/p><p>But that's not all - Tongkat Ali has also been shown to help reduce stress and anxiety, improve mood and enhance cognitive function. This means it can help you feel more focused, alert and productive even when you are under pressure.<\/p><p>Meanwhile, <strong>Maca <\/strong>is a plant that is rich in nutrients and packed with vitamins and minerals. It is a great source of energy and can help reduce fatigue and improve your stamina. It is also said to help regulate hormones and support a healthy immune system.<\/p><p>Tongkat Ali and Maca together form a powerful combination that can help you tackle any challenges that come your way. <\/p><p>Whether you want to improve your sports performance, boost your libido or just feel more energetic and focused throughout the day, Tongkat Ali has something to offer you.<\/p><p>So why wait? Try Libido Boost - Tongkat Ali today and experience the many benefits for yourself! With its natural ingredients and powerful formula, it is the perfect way to support your overall health and well-being.<\/p>","page":""}},"a8bab53b-0400-4d22-b57e-eb3f70d8fcca":{"type":"collapsible_tab","settings":{"heading":"Dosage & ingredients","open":false,"content":"<p><strong>Dosage: <\/strong>One capsule per day. Preferably before a meal. Use 1 week rest for 4 weeks.<\/p><p><strong>Ingredients: <\/strong>Tongkat Ali Extract, Maca Root Extract, Ginkgo Biloba Extract, Zink, Ginger.<\/p><p><em>Nothing else! No fillers! Organic! Vegan!<\/em><\/p>","page":""}},"9496fcd8-da41-40aa-957b-7a5331c88017":{"type":"collapsible_tab","disabled":true,"settings":{"heading":"Ingredienten","open":false,"content":"<p><strong>Deze speciale kruidenmix zorgt ervoor dat je je lichter voelt na 6-12 uur gebruik van de Colon Cleanse<\/strong><\/p><ul><li>Aloë vera (Aloë vera, Latex) Aloë vera helpt de darmflora in evenwicht te brengen. Het is nuttig in gevallen van prikkelbare darmsyndroom en is een laxeermiddel waarvan bekend is dat het helpt parasieten uit het spijsverteringskanaal te verdrijven.<br\/><\/li><li>Senna (Senna alexandrina, Leaf) Senna bevat antrachinon, dat bekend staat om zijn krachtige laxerende werking. Deze antrachinonen zijn ook zeer effectief in het reinigen van de dikke darm, wat niet alleen uitstekend is voor het ontgiften van het spijsverteringsstelsel, maar ook voor het voorbereiden van de dikke darm op procedures zoals een colonoscopie.<br\/><\/li><li>Kles (Kles extract) Kles wortel bevat inuline, een oplosbare en prebiotische vezel die helpt de spijsvertering te verbeteren. Inuline werkt als voedsel voor gezonde darmbacteriën en helpt ontstekingen te reguleren en gifstoffen uit het lichaam te verwijderen.<br\/><\/li><li>Cascara (Rhamnus purshiana oude schors) De actieve ingrediënten van Cascara Sagrada stimuleren de darmwand en verlichten een trage dikke darm. De combinatie van zowel psyllium (als bulkmiddel) als Cascara (als stimulerend laxeermiddel) is essentieel voor een effectief darmreinigingsprogramma.<br\/><\/li><li>Gember (Zingiber) Gember wordt gebruikt in de meeste ontgiftingsprogramma's omdat het het lichaam reinigt door spijsvertering, circulatie en zweten te stimuleren. De spijsvertering dient om de ophoping van afval en gifstoffen in de dikke darm, lever en andere organen te reinigen.<br\/><strong><br\/>Alle ingrediënten zijn (Biologisch, Glutenvrij, Veganistisch)<\/strong><\/li><\/ul>","page":""}},"shipping_collapse_irqryh":{"type":"shipping_collapse","disabled":true,"settings":{}}},"block_order":["7d598c40-a18a-46d4-9dce-2dcbad10c43c","58ad45ab-6593-4428-a9ed-b7ef4861f403","title","19737c7c-261f-4d56-b7fe-d993ad0c50bb","a8900613-f18b-4393-8d15-c10dba299bef","checkmark_CxiU9E","f0d9a32b-a510-48f9-a111-bae7ec904d43","fe5e189b-a30d-4a43-a64f-e76ae47ff5ee","46d4765d-742b-43ac-8487-796a1243b987","9857908c-28ae-4b8a-843d-a73950421d74","0b3e272b-c86a-4dba-946c-c6912251371c","45759a07-51f7-4760-92b6-8895071e5432","25d669b4-8a75-4df7-9b76-d6aea731dd51","buy_buttons","a2c7341c-bd92-4ca7-8dbc-d8ceaed5e1bb","f3674f15-8e45-45d7-8d31-eeda74b909de","95b7e00a-0453-4eb0-9cf0-1dae84d8b822","1ceb3c75-ea55-49c5-a3cf-a8beb3af5f06","f19dc705-0424-4428-9371-4e95e793dd5e","a8bab53b-0400-4d22-b57e-eb3f70d8fcca","9496fcd8-da41-40aa-957b-7a5331c88017","shipping_collapse_irqryh"],"settings":{"social-proof-box":false,"social-proof-box-text":"<p><em>\"Het is nu al de tweede keer dat ik de Darm Detox gebruik. <\/em><em><strong>Ik viel al na een week 2 kilo af!\" - Kim B.<\/strong><\/em><\/p>","social-proof-box-image":"shopify:\/\/shop_images\/Ontwerp_zonder_titel_-_2023-06-24T200427.087.png","reviews":false,"cardcolor":"#ffffff","title-1":"Revitalised Energy","review-1":"After using Libido Boost for a month, I've genuinely felt an uptick in my energy levels.","name-1":"Trevor","title-2":"Gentle Confidence Boost","review-2":"I was pleasantly surprised by the subtle change in my mood and confidence since starting this.","name-2":"Peter","title-3":"Natural and Effective","review-3":"I believe it’s what makes the difference. Feeling more energised lately.","name-3":"Emma","title-4":"Steady Improvement","review-4":"I was initially skeptical, but over time, I've noticed the gradual benefits of this product.","name-4":"Victor","title-5":"A Subtle Change","review-5":"It’s not just about libido; I’ve felt more vibrant and focused too. Grateful for this product.","name-5":"Jimmy","title-6":"A Boost in Intimacy","review-6":"My partner mentioned a noticeable difference, and honestly, so have I. It's brought us closer.","name-6":"Jim","title-7":"Consistent Benefits","review-7":"The one thing I appreciate is the steady results. It doesn't promise miracles, but what it delivers is consistent.","name-7":"Michael","title-8":"Pure Ingredients","review-8":"It’s great to find something natural that also works. Over a few weeks, the results were evident.","name-8":"Jerry","title-9":"Worth the Try","review-9":"I wasn’t sure at first, but I'm glad I gave it a go. The results have been subtly impressive.","name-9":"Anthony","full_width":true,"enable_sticky_info":false,"enable_sticky_add_to_cart":false,"show_taxes_included":false,"media_layout":"collage","display_slider_pagination":true,"media_aspect_ratio":"adapt","display_captions":true,"hide_variants":true,"lightbox":true,"enable_video_looping":false}},"521bd027-3516-40ea-bfcd-dfccab7a076a":{"type":"text-with-icons","blocks":{"template--19144188330318__521bd027-3516-40ea-bfcd-dfccab7a076a-16876311672264bb7c-0":{"type":"icon","settings":{"icon":"none","image":"shopify:\/\/shop_images\/Bestel_nu_betaal_later_100_x_100_px_29.png","heading":"Passion Revived","text":"<p>Libido Boost for Intimate Moments<\/p>"}},"template--19144188330318__521bd027-3516-40ea-bfcd-dfccab7a076a-16876311672264bb7c-1":{"type":"icon","settings":{"icon":"ruler","image":"shopify:\/\/shop_images\/Bestel_nu_betaal_later_100_x_100_px_28.png","heading":"Burst of Energy","text":"<p>Natural Vitality Boost for the Day <\/p>"}},"template--19144188330318__521bd027-3516-40ea-bfcd-dfccab7a076a-16876311672264bb7c-2":{"type":"icon","settings":{"icon":"ruler","image":"shopify:\/\/shop_images\/egula_2.png","heading":"PURE HERBAL INGREDIENTS","text":"<p>Libido Boost with Purity of Ingredients<\/p>"}},"76cbea17-d1ca-4d3a-8b27-b2fbfdb583a4":{"type":"icon","disabled":true,"settings":{"icon":"ruler","image":"shopify:\/\/shop_images\/egula.png","heading":"VERGEMAKKELIJK JE TOILETBEZOEKEN","text":""}}},"block_order":["template--19144188330318__521bd027-3516-40ea-bfcd-dfccab7a076a-16876311672264bb7c-0","template--19144188330318__521bd027-3516-40ea-bfcd-dfccab7a076a-16876311672264bb7c-1","template--19144188330318__521bd027-3516-40ea-bfcd-dfccab7a076a-16876311672264bb7c-2","76cbea17-d1ca-4d3a-8b27-b2fbfdb583a4"],"settings":{"text_alignment":"left","icon_position":"left","icon_size":"medium","heading_size":"small","mobile_swipe":true,"color_bg":"#abcbed","color_heading":"#2e2930","color_text":"#151515","disable_top_spacing":true,"disable_bottom_spacing":true}},"e93b4122-3384-42a8-a501-446494a076df":{"type":"image-with-text","blocks":{"template--19144188330318__e93b4122-3384-42a8-a501-446494a076df-1687632013348b44b3-1":{"type":"heading","settings":{"text":"How to use?","heading_size":"h3"}},"template--19144188330318__e93b4122-3384-42a8-a501-446494a076df-1687632013348b44b3-2":{"type":"text","settings":{"text":"<ol><li><strong>Dosage:<\/strong> Take one capsule daily, preferably with a meal for better absorption.<\/li><li><strong>Consistency is Key:<\/strong> Ensure regular intake to maintain and maximize its benefits over time.<\/li><li><strong>Stay Hydrated:<\/strong> Drink plenty of water daily to support optimal bodily functions and aid in the supplement's effectiveness.<\/li><li><strong>Monitor Your Response:<\/strong> Adjust your dosage based on how you feel, but never exceed the recommended dose.<\/li><li><strong>Consultation:<\/strong> Before starting any supplement, especially if you have existing health concerns or are on medication, consult with a healthcare professional.<\/li><\/ol>"}}},"block_order":["template--19144188330318__e93b4122-3384-42a8-a501-446494a076df-1687632013348b44b3-1","template--19144188330318__e93b4122-3384-42a8-a501-446494a076df-1687632013348b44b3-2"],"settings":{"image":"shopify:\/\/shop_images\/Untitled-1.png","use_video":false,"video":"https:\/\/www.youtube.com\/watch?v=_9VUPq3SxOc","video_autoplay":true,"video_controls":true,"height":"adapt","desktop_image_width":"small","section_width":"full-width-row","layout":"image_first","content_position":"text-left","color_bg":"#fafaf8","color_text":"#151515","color_border":"#e2e2e2","disable_top_spacing":false,"disable_bottom_spacing":false}},"1694764537b443e29e":{"type":"apps","settings":{}},"e5fb4b67-6ca5-4027-9085-b24473de7a47":{"type":"kopstorm-section-1","settings":{"background-color":"#edeae3","title":"Inside Libidi Boost®","description":"Investigate the Source, Dosage, Form™","show-ingredient1":true,"heading":"Tongkat Ali","paragraph":"<p><strong>Source:<\/strong> comes from the roots of the Tongkat Ali tree (Eurycoma longifolia).<br\/><br\/><strong>Origin: <\/strong>Tongkat Ali, also known as \"Malay ginseng,\" has deep roots in Southeast Asia, particularly Malaysia and Indonesia.<br\/><br\/><strong>Benefits:<\/strong> Tongkat Ali is recognized for its potential to support natural testosterone production, improved sexual function, increased muscle mass and greater physical vitality.<\/p>","image":"shopify:\/\/shop_images\/Ontwerp_zonder_titel_-_2023-08-17T170829.124.png","show-ingredient2":true,"heading2":"Ginger","paragraph2":"<p>Source\/Origin: Ginger is derived from the rhizome of the Zingiber officinale plant.<br\/><br\/>Origin: Ginger traces its roots back to Southeast Asia and is now cultivated in various parts of the world.<br\/><br\/>Benefits: Ginger enhances blood circulation, potentially boosting sexual arousal. It elevates energy levels and reduces fatigue, contributing to a more fulfilling sexual experience. Moreover, ginger possesses antioxidant properties that aid in reducing stress and anxiety, positively impacting libido.<\/p>","image2":"shopify:\/\/shop_images\/Ontwerp_zonder_titel_-_2023-06-01T195455.688.png","show-ingredient3":false,"heading3":"Tongkat Ali","paragraph3":"<p><strong>Bron: <\/strong>is afkomstig van de wortels van de Tongkat Ali-boom (Eurycoma longifolia).<\/p><p><br\/><strong>Oorsprong: <\/strong>Tongkat Ali, ook bekend als \"Maleisische ginseng\", heeft diepe wortels in Zuidoost-Azië, met name Maleisië en Indonesië.<\/p><p><br\/><strong>Voordelen:<\/strong> Tongkat Ali wordt erkend vanwege zijn potentieel om de natuurlijke testosteronproductie te ondersteunen, wat kan leiden tot verbeterde seksuele functie, verhoogde spiermassa en meer fysieke vitaliteit.<\/p>","show-ingredient4":true,"heading4":"Maca","paragraph4":"<p><strong>Source:<\/strong> Maca comes from the roots of the Maca plant (Lepidium meyenii).<br\/><br\/><strong>Origin:<\/strong> Maca, a tuberous plant belonging to the cruciferous family, has been cultivated for centuries in the highlands of the Andes in Peru.<br\/><br\/><strong>Benefits:<\/strong> Maca is known for its ability to increase energy and stamina, reduce fatigue and support hormonal balance, which can contribute to an overall sense of well-being.<\/p>","image4":"shopify:\/\/shop_images\/Ontwerp_zonder_titel_-_2023-08-17T170843.247.png","show-ingredient5":true,"heading5":"Ginkgo Biloba","paragraph5":"<p>Ginkgo Biloba<br\/><br\/>Source\/Origin: Ginkgo biloba is an ancient tree species, used for thousands of years in traditional Chinese medicine.<br\/><br\/>Benefits: Ginkgo biloba, an ancient tree species from traditional Chinese medicine, improves blood circulation to the genital organs, boosts energy levels, and reduces stress and anxiety, all of which can enhance libido.<\/p>","image5":"shopify:\/\/shop_images\/Vaarwel_hormonale_onevenwichtigheden_Ontdek_ons_revolutionaire_product._800_x_1080_px_1000_x_1000_px_1_0a368630-7fa9-416e-a82f-926e77e15566.jpg"}},"1724249124c83d0a54":{"type":"apps","blocks":{"loox_reviews_loox_dynamic_section_yER6xb":{"type":"shopify:\/\/apps\/loox-reviews\/blocks\/loox-dynamic-section\/5c3b337f-fd14-4df5-b1d6-80ec13e6e28e","settings":{"only_photos":false,"aggregated":true,"limit":20,"hide_thumbnails":false,"maxwidth":1080,"is_sample":true}}},"block_order":["loox_reviews_loox_dynamic_section_yER6xb"],"settings":{}},"product-recommendations":{"type":"product-recommendations","settings":{"heading":"Others also bought","heading_left":true,"description":"","full_width":true,"mobile_swipe":true,"disable_top_spacing":true,"disable_bottom_spacing":true}}},"order":["kopstorm_categories_afdHrN","breadcrumbs","main-product","521bd027-3516-40ea-bfcd-dfccab7a076a","e93b4122-3384-42a8-a501-446494a076df","1694764537b443e29e","e5fb4b67-6ca5-4027-9085-b24473de7a47","1724249124c83d0a54","product-recommendations"]}