{"sections":{"breadcrumbs":{"type":"breadcrumbs","settings":{}},"main-product":{"type":"main-product","blocks":{"7d598c40-a18a-46d4-9dce-2dcbad10c43c":{"type":"custom_liquid","settings":{"custom_liquid":"<div style=\"margin-bottom: 15px;\" class=\"desktop-trust\">\n  \n<div style=\"display:flex; flex-direction: row; gap: 10px;\">\n<img style=\"width:100px;\" src=\"https:\/\/cdn.shopify.com\/s\/files\/1\/0554\/5453\/1633\/files\/stars_1.svg?v=1671197306\">\n<a style=\"text-decoration: none; color: #3a251f; font-size:16px;\" href=\"#trustpilot-banner\"><span><ls-static-556480>View recent<\/ls-static-556480> <span style=\"text-decoration:underline;\"><ls-static-790007>reviews.<\/ls-static-790007><\/span><\/span><\/a>\n<\/div>\n  \n<\/div>\n\n<div style=\"margin-bottom: 15px;\" class=\"mobile-trust\">\n\n<div style=\"display:flex; flex-direction: row; gap: 10px;\">\n<img style=\"width:100px;\" src=\"https:\/\/cdn.shopify.com\/s\/files\/1\/0554\/5453\/1633\/files\/stars_1.svg?v=1671197306\">\n<a style=\"text-decoration: none; color: #3a251f; font-size:16px;\" href=\"#trustpilot-banner-mobile\"><span><ls-static-343772>View recent<\/ls-static-343772> <span style=\"text-decoration:underline;\"><ls-static-330837>reviews.<\/ls-static-330837><\/span><\/span><\/a>\n<\/div>\n\n<\/div>\n\n<style>\n  .mobile-trust {\n    display: none;\n  }\n  .desktop-trust {\n    display: block;\n  }\n@media screen and (max-width: 767px) {\n  .mobile-trust {\n    display: block;\n  }\n  .desktop-trust {\n    display: none;\n  }\n}\n<\/style>"}},"58ad45ab-6593-4428-a9ed-b7ef4861f403":{"type":"custom_liquid","settings":{"custom_liquid":"{% render 'kopstorm-snippet-1' %}"}},"title":{"type":"title","settings":{"uppercase":true,"show_products_rating":false}},"0351624d-ff46-4d57-a223-c73d2a55d016":{"type":"text","settings":{"text":"Our Liver Detox Complex boosts liver health with choline bitartrate, curcumin, and milk thistle. Enhance detoxification, reduce inflammation, and protect from oxidative stress. Choose wellness; prioritize your liver's health.","text_style":"style_body"}},"f0d9a32b-a510-48f9-a111-bae7ec904d43":{"type":"checkmark","settings":{"checkmark-tekst":"<b>30-day money-back guarantee<\/b>","checkmark-color":"#d966c6","top-margin":10,"bottom-margin":10}},"fe5e189b-a30d-4a43-a64f-e76ae47ff5ee":{"type":"checkmark","settings":{"checkmark-tekst":"<b>Delivered within 2 days<\/b>","checkmark-color":"#000000","top-margin":15,"bottom-margin":15}},"46d4765d-742b-43ac-8487-796a1243b987":{"type":"checkmark","settings":{"checkmark-tekst":"<b>Free Shipping on Orders Over £99!<\/b>","checkmark-color":"#000000","top-margin":15,"bottom-margin":15}},"9857908c-28ae-4b8a-843d-a73950421d74":{"type":"checkmark","settings":{"checkmark-tekst":"<b>Vegan, Organic, Gluten-free<\/b>","checkmark-color":"#000000","top-margin":15,"bottom-margin":33}},"0b3e272b-c86a-4dba-946c-c6912251371c":{"type":"description","disabled":true,"settings":{}},"45759a07-51f7-4760-92b6-8895071e5432":{"type":"variant_picker","settings":{"picker_type":"button","color_picker":true,"variant_is_disabled":true,"sizing_guide_text":"Sizing guide","sizing_guide_icon":"ruler","sizing_guide_page":""}},"d78beb4c-037a-4b6d-9ccf-9d324906e806":{"type":"shopify:\/\/apps\/recharge-subscriptions\/blocks\/subscription-widget\/371eed76-0b44-4869-9813-730372ea378e","settings":{"product":"{{product}}"}},"text_jpYXxA":{"type":"text","settings":{"text":"Act Fast! Free Shipping Today Only! 🚚✨ (UK Only)","text_style":"style_body"}},"buy_buttons":{"type":"buy_buttons","settings":{"show_quantity_selector":true,"show_dynamic_checkout":false,"show_gift_card_recipient":false}},"f3674f15-8e45-45d7-8d31-eeda74b909de":{"type":"custom_liquid","settings":{"custom_liquid":"{% render 'kopstorm-snippet-2' %}"}},"95b7e00a-0453-4eb0-9cf0-1dae84d8b822":{"type":"side_panel","disabled":true,"settings":{"side_panel_1_label":"","side_panel_1_icon":"none","side_panel_1_content":"<p><strong>**Effectieve Darmreiniging voor Optimale Spijsvertering en Gewichtsverlies**<\/strong><br\/><br\/>Spoel Toxines en Afvalstoffen weg met de Kracht van Flat Belly®. Ervaar de Effectieve Reinigingskracht van Flat Belly terwijl het* Toxines en Afvalstoffen uit je Darmen Spoelt, wat zorgt voor een Betere Spijsvertering en Sneller Gewichtsverlies.<br\/><br\/><strong>**Vaarwel Opgeblazen Gevoel en Obstipatie**<\/strong><br\/><br\/>Zeg Dag tegen Problemen met Opgeblazen Gevoel en Obstipatie en Verwelkom een Plattere en Getonede Buik met de Krachtige Formule van Flat Belly®.<br\/><br\/><strong>**Veilige en Zachte Reiniging met Natuurlijke Ingrediënten**<\/strong><br\/><br\/>Een Zachte en Comfortabele Reinigingservaring. Geniet van een Comfortabele en Effectieve Reinigingservaring met Flat Belly® dankzij de Natuurlijke Ingrediënten die Veilig en Zacht zijn voor je Lichaam.<br\/><br\/><strong>**Omarm de Voordelen van een Gezondere Darm**<\/strong><br\/><br\/>Ontdek de Transformatieve Voordelen van een Gezondere Darm, Verbeterde Spijsvertering en Versterkt Gewichtsverlies met Flat Belly®. Ervaar het Verschil met Flat Belly en Begin Vandaag nog aan je Reis naar een Slanker en Gezonder Lichaam.<\/p>","side_panel_1_page":"","side_panel_2_label":"Voordelen","side_panel_2_icon":"none","side_panel_2_content":"<p><strong>Enkele van de belangrijkste voordelen van onze leverreiniging zijn:<\/strong><\/p><ul><li><strong>Verbeterde leverfunctie:<\/strong> Onze mix van natuurlijke ingrediënten helpt de leverfunctie te optimaliseren, waardoor het het lichaam beter ontgiftt en de algehele gezondheid verbetert.<\/li><li><strong>Verhoogde energieniveaus:<\/strong> Als je lever ontgiftt en schadelijke gifstoffen verwijdert, kun je een toename van energie en vitaliteit ervaren.<\/li><li><strong>Verbeterde spijsvertering:<\/strong> De lever speelt een cruciale rol in de spijsvertering, en onze leverreiniging ondersteunt een gezonde spijsvertering door de productie van gal te bevorderen en de opname van voedingsstoffen te ondersteunen.<\/li><li><strong>Heldere huid: <\/strong>Met een verbeterde leverfunctie is je lichaam beter uitgerust om gifstoffen en afvalstoffen te elimineren, wat leidt tot een helderdere, gezonder uitziende huid.<\/li><li><strong>Beter slapen: <\/strong>Een gezondere lever kan leiden tot een betere slaap, omdat het lichaam afvalstoffen effectiever kan elimineren en een rustgevende slaap kan bevorderen.<\/li><\/ul><p><strong>Start je reis naar een gezondere, gelukkigere jij met de Liver Cleanse van Jennah Organics.<\/strong><\/p>","side_panel_2_page":"shipping","side_panel_3_label":"","side_panel_3_icon":"none","side_panel_3_content":"<p><strong>Deze speciale kruidenmix zorgt ervoor dat je je lichter voelt na 6-12 uur gebruik van de Colon Cleanse<\/strong><\/p><ul><li>Aloë vera (Aloë vera, Latex) Aloë vera helpt de darmflora in evenwicht te brengen. Het is nuttig in gevallen van prikkelbare darmsyndroom en is een laxeermiddel waarvan bekend is dat het helpt parasieten uit het spijsverteringskanaal te verdrijven.<br\/><\/li><li>Senna (Senna alexandrina, Leaf) Senna bevat antrachinon, dat bekend staat om zijn krachtige laxerende werking. Deze antrachinonen zijn ook zeer effectief in het reinigen van de dikke darm, wat niet alleen uitstekend is voor het ontgiften van het spijsverteringsstelsel, maar ook voor het voorbereiden van de dikke darm op procedures zoals een colonoscopie.<br\/><\/li><li>Kles (Kles extract) Kles wortel bevat inuline, een oplosbare en prebiotische vezel die helpt de spijsvertering te verbeteren. Inuline werkt als voedsel voor gezonde darmbacteriën en helpt ontstekingen te reguleren en gifstoffen uit het lichaam te verwijderen.<br\/><\/li><li>Cascara (Rhamnus purshiana oude schors) De actieve ingrediënten van Cascara Sagrada stimuleren de darmwand en verlichten een trage dikke darm. De combinatie van zowel psyllium (als bulkmiddel) als Cascara (als stimulerend laxeermiddel) is essentieel voor een effectief darmreinigingsprogramma.<br\/><\/li><li>Gember (Zingiber) Gember wordt gebruikt in de meeste ontgiftingsprogramma's omdat het het lichaam reinigt door spijsvertering, circulatie en zweten te stimuleren. De spijsvertering dient om de ophoping van afval en gifstoffen in de dikke darm, lever en andere organen te reinigen.<br\/><strong><br\/>Alle ingrediënten zijn (Biologisch, Glutenvrij, Veganistisch)<\/strong><\/li><\/ul>","side_panel_3_page":"care-guide"}},"1ceb3c75-ea55-49c5-a3cf-a8beb3af5f06":{"type":"collapsible_tab","settings":{"heading":"Reviews","open":true,"content":"","page":""}},"a9680d32-5973-44c2-b942-f4cbde3bba73":{"type":"collapsible_tab","settings":{"heading":"Description","open":false,"content":"<p><strong>**Liver Detox Complex**<\/strong><br\/><br\/>Discover a revamped approach to liver support with our groundbreaking Liver Detox Complex. This advanced formulation combines meticulously chosen ingredients designed to enhance liver health and assist in toxin removal.<br\/><br\/><strong>**Key Ingredients:**<\/strong><br\/><br\/><strong>1. **Choline Bitartrate:** <\/strong>An essential nutrient, choline plays a pivotal role in liver fat metabolism. In its premium form, choline bitartrate enhances fat metabolism and maintains a robust liver function.<br\/><br\/><strong>2. **Curcumin:**<\/strong> Derived from turmeric, curcumin's potent antioxidant and anti-inflammatory properties have been revered for centuries. Beyond supporting liver function, it helps counteract harmful inflammations.<br\/><strong><br\/>3. **Milk Thistle (Mariadistel):** <\/strong>A traditional remedy for liver health, milk thistle's active component, silymarin, offers strong antioxidant effects, shielding liver cells from free radical damage.<br\/><br\/><strong>**Benefits of Liver Detox Complex:**<\/strong><br\/><br\/><strong>- **Liver Support:**<\/strong> With choline bitartrate, curcumin, and milk thistle, our complex ensures efficient toxin breakdown and removal by the liver.<br\/>  <br\/><strong>- **Enhanced Fat Metabolism:** <\/strong>Choline bitartrate encourages efficient fat breakdown, aiding healthy metabolism and weight management.<br\/>  <br\/><strong>- **Antioxidant Defense:** <\/strong>Curcumin and milk thistle unite to offer liver cells comprehensive protection against oxidative stress.<br\/>  <br\/><strong>- **Natural Anti-Inflammation:** <\/strong>Curcumin's renowned anti-inflammatory attributes can mitigate inflammation, promoting overall liver health.<br\/><br\/>Opt for superior liver care and elevate your overall well-being with our Liver Detox Complex. <\/p><p>This comprehensive supplement features a synergistic blend of ingredients, naturally contributing to your liver's vitality and longevity. Feel rejuvenated, inside and out. Make the wise choice today, and treat your body to the care it deserves!<\/p>","page":""}},"8d3e7dbb-509b-4be6-a73d-f3225f5804ba":{"type":"collapsible_tab","settings":{"heading":"How to use","open":false,"content":"<p><strong>**How to Use Liver Detox Complex:**<\/strong><br\/><br\/><strong>1. **Dosage:**<\/strong> Take one capsule twice daily, preferably with meals.<br\/><strong>2. **Consistency:**<\/strong> For best results, maintain regular intake without skipping doses.<br\/><strong>3. **Hydration:**<\/strong> Drink plenty of water throughout the day to support the detoxification process.<br\/><strong>4. **Dietary Recommendations:** <\/strong>Pair with a balanced diet, rich in leafy greens, healthy fats, and lean proteins.<br\/><strong>5. **Avoid Alcohol:** <\/strong> Orabstain from alcohol consumption during the course of taking this supplement to maximize liver support.<br\/><strong>6. **Consultation:**<\/strong> If you are on medication or have existing health conditions, consult your healthcare professional before starting any new supplement.<br\/><br\/><em>Note: Do not exceed the recommended dose. If you experience any adverse reactions, discontinue use and consult a healthcare professional. Store in a cool, dry place, away from direct sunlight. Keep out of reach of children.<\/em><\/p>","page":""}}},"block_order":["7d598c40-a18a-46d4-9dce-2dcbad10c43c","58ad45ab-6593-4428-a9ed-b7ef4861f403","title","0351624d-ff46-4d57-a223-c73d2a55d016","f0d9a32b-a510-48f9-a111-bae7ec904d43","fe5e189b-a30d-4a43-a64f-e76ae47ff5ee","46d4765d-742b-43ac-8487-796a1243b987","9857908c-28ae-4b8a-843d-a73950421d74","0b3e272b-c86a-4dba-946c-c6912251371c","45759a07-51f7-4760-92b6-8895071e5432","d78beb4c-037a-4b6d-9ccf-9d324906e806","text_jpYXxA","buy_buttons","f3674f15-8e45-45d7-8d31-eeda74b909de","95b7e00a-0453-4eb0-9cf0-1dae84d8b822","1ceb3c75-ea55-49c5-a3cf-a8beb3af5f06","a9680d32-5973-44c2-b942-f4cbde3bba73","8d3e7dbb-509b-4be6-a73d-f3225f5804ba"],"settings":{"social-proof-box":true,"social-proof-box-text":"<p><em>\"I use Jennah's Liver Detox product and<\/em><em><strong> I can really see a difference in my skin!<\/strong><\/em><em> My skin looks much better now and feels much healthier\" - Petra<\/em><\/p>","social-proof-box-image":"shopify:\/\/shop_images\/It_is_now_the_second_time_I_have_done_the_colon_detox._I_lost_2_kilos_after_just_one_week_Furthermore_I_feel_much_lighter_and_better_in_my_skin._Thank_you_800_x_230_px_50_x_50_px_300_1c253d08-6b01-4214-9ccc-4e34eb03bf9f.png","title-1":"Revitalized Health","review-1":"Just a few weeks in and I already feel lighter and more energetic. This is a game-changer!","name-1":"Emily","title-2":"Trustworthy Formula","review-2":"Noticed a significant change in my digestion and overall well-being. Highly recommend the Liver Detox Complex.","name-2":"James","title-3":"Natural Cleanse","review-3":"Always was skeptical about detox products, but this one stands out. Feeling more vibrant every day.","name-3":"Sophia","title-4":"Liver Love","review-4":"My recent health check-up showed improved liver function. Kudos to this supplement!","name-4":"William","title-5":"Feeling Great","review-5":"No more sluggish mornings. I'm genuinely surprised by how effective this has been.","name-5":"Olivia","title-6":"Highly Effective","review-6":"Within a month, the bloating reduced and my energy levels are on the rise. So glad I tried this.","name-6":"Benjamin","title-7":"Best Choice","review-7":"Been on multiple liver supplements but this one tops the list. Clear results!","name-7":"Eva","title-8":"Gentle and Potent","review-8":"No adverse effects, just a clearer complexion and better mood. This stuff works!","name-8":"Ethan","title-9":"Positive Impact","review-9":"With a history of liver concerns in my family, I've noticed a remarkable difference in my health. Will be sticking to this for sure.","name-9":"Mia","full_width":true,"enable_sticky_info":false,"enable_sticky_add_to_cart":true,"show_taxes_included":false,"media_layout":"collage","display_slider_pagination":true,"media_aspect_ratio":"adapt","display_captions":true,"hide_variants":true,"lightbox":true,"enable_video_looping":false}},"521bd027-3516-40ea-bfcd-dfccab7a076a":{"type":"text-with-icons","blocks":{"template--19144188330318__521bd027-3516-40ea-bfcd-dfccab7a076a-16876311672264bb7c-0":{"type":"icon","settings":{"icon":"none","image":"shopify:\/\/shop_images\/egula_6.png","heading":"HEALTHIER LIVING FUNCTION","text":"<p>Detox for improved liver function and overall wellness<\/p>"}},"template--19144188330318__521bd027-3516-40ea-bfcd-dfccab7a076a-16876311672264bb7c-1":{"type":"icon","settings":{"icon":"ruler","image":"shopify:\/\/shop_images\/egula_7.png","heading":"HIGH ENERGY","text":"<p>Detox for a natural energy boost<\/p>"}},"template--19144188330318__521bd027-3516-40ea-bfcd-dfccab7a076a-16876311672264bb7c-2":{"type":"icon","settings":{"icon":"ruler","image":"shopify:\/\/shop_images\/egula_4.png","heading":"BETTER SKIN","text":"<p>Detox for healthy, radiant skin<\/p>"}}},"block_order":["template--19144188330318__521bd027-3516-40ea-bfcd-dfccab7a076a-16876311672264bb7c-0","template--19144188330318__521bd027-3516-40ea-bfcd-dfccab7a076a-16876311672264bb7c-1","template--19144188330318__521bd027-3516-40ea-bfcd-dfccab7a076a-16876311672264bb7c-2"],"settings":{"text_alignment":"left","icon_position":"left","icon_size":"large","heading_size":"small","mobile_swipe":true,"color_bg":"#ffffff","color_heading":"#2e2930","color_text":"#151515","disable_top_spacing":true,"disable_bottom_spacing":true}},"4af37162-67cb-4d3e-9b7a-a8e396d8b7cb":{"type":"slideshow","blocks":{"template--19144188330318__4af37162-67cb-4d3e-9b7a-a8e396d8b7cb-168763223374982917-1":{"type":"slide","settings":{"image":"shopify:\/\/shop_images\/Zonder_titel_1200_x_250_px_1200_x_150_px_1200_x_400_px_1200_x_450_px_1200_x_350_px_1800_x_350_px_1800_x_400_px.png","slide_link":"","video_background":false,"video":"https:\/\/www.youtube.com\/watch?v=_9VUPq3SxOc","subheading":"","heading":"Vitaliteit Versterken","heading_size":"h2","content":"Onze leverdetox bevrijdt je lichaam van toxines, waardoor je natuurlijke energie en vitaliteit toenemen.","description_size":"small","content_position":"middle-center","text_alignment":"center","content_size":"medium","overlay_color":"#000000","overlay_opacity":0,"overlay_gradient":"linear-gradient(180deg, rgba(0, 0, 0, 0.1), rgba(0, 0, 0, 0.4) 100%)","button_1_text":"","button_1_link":"","button_1_outline":false,"button_2_text":"","button_2_link":"","button_2_outline":false}},"1065e784-b33a-4306-952a-1b61e16a4259":{"type":"slide","settings":{"image":"shopify:\/\/shop_images\/Zonder_titel_1200_x_250_px_1200_x_150_px_1200_x_400_px_1200_x_450_px_1200_x_350_px_1800_x_350_px_1800_x_400_px.png","slide_link":"","video_background":false,"video":"https:\/\/www.youtube.com\/watch?v=_9VUPq3SxOc","subheading":"","heading":"Innerlijke Reinheid","heading_size":"h2","content":"Door je lever te reinigen, bevorder je een gezonde spijsvertering en zuiverheid van binnenuit.","description_size":"small","content_position":"middle-center","text_alignment":"center","content_size":"medium","overlay_color":"#000000","overlay_opacity":70,"overlay_gradient":"linear-gradient(180deg, rgba(0, 0, 0, 0.1), rgba(0, 0, 0, 0.4) 100%)","button_1_text":"","button_1_link":"","button_1_outline":true,"button_2_text":"","button_2_link":"","button_2_outline":false}},"6e4e4cd3-c0b1-4599-9e5f-cef73c69d948":{"type":"slide","settings":{"image":"shopify:\/\/shop_images\/Zonder_titel_1200_x_250_px_1200_x_150_px_1200_x_400_px_1200_x_450_px_1200_x_350_px_1800_x_350_px_1800_x_400_px.png","slide_link":"","video_background":false,"video":"https:\/\/www.youtube.com\/watch?v=_9VUPq3SxOc","subheading":"","heading":"Balancerende Werking","heading_size":"h2","content":"Een leverdetox helpt je lichaam in evenwicht te brengen, wat zich vertaalt in heldere gedachten en verbeterde focus.","description_size":"small","content_position":"middle-center","text_alignment":"center","content_size":"medium","overlay_color":"#000000","overlay_opacity":70,"overlay_gradient":"linear-gradient(180deg, rgba(0, 0, 0, 0.1), rgba(0, 0, 0, 0.4) 100%)","button_1_text":"","button_1_link":"","button_1_outline":false,"button_2_text":"","button_2_link":"","button_2_outline":false}},"c0fa7fa6-d2a2-4001-9481-5f3673da0f14":{"type":"slide","settings":{"image":"shopify:\/\/shop_images\/Zonder_titel_1200_x_250_px_1200_x_150_px_1200_x_400_px_1200_x_450_px_1200_x_350_px_1800_x_350_px_1800_x_400_px.png","slide_link":"","video_background":false,"video":"https:\/\/www.youtube.com\/watch?v=_9VUPq3SxOc","subheading":"","heading":"Stralende Huid","heading_size":"h2","content":"Door je lever te reinigen, kan je huid haar natuurlijke gloed en helderheid terugkrijgen.","description_size":"small","content_position":"middle-center","text_alignment":"center","content_size":"medium","overlay_color":"#000000","overlay_opacity":70,"overlay_gradient":"linear-gradient(180deg, rgba(0, 0, 0, 0.1), rgba(0, 0, 0, 0.4) 100%)","button_1_text":"","button_1_link":"","button_1_outline":false,"button_2_text":"","button_2_link":"","button_2_outline":false}}},"block_order":["template--19144188330318__4af37162-67cb-4d3e-9b7a-a8e396d8b7cb-168763223374982917-1","1065e784-b33a-4306-952a-1b61e16a4259","6e4e4cd3-c0b1-4599-9e5f-cef73c69d948","c0fa7fa6-d2a2-4001-9481-5f3673da0f14"],"disabled":true,"settings":{"desktop_height":"desktop-height-image","mobile_height":"mobile-height-auto","full_width":true,"autoplay":true,"autoplay_length":5,"transition":"swipe","disable_top_spacing":true,"disable_bottom_spacing":true}},"e5fb4b67-6ca5-4027-9085-b24473de7a47":{"type":"kopstorm-section-1","settings":{"background-color":"#edeae3","title":"Inside Liver Cleanse®","description":"Investigate the Source, Dosage, Form™","show-ingredient1":true,"heading":"Cholinebitrate","paragraph":"<p><strong>Source:<\/strong>Natural choline bitartrate derived from grapes.<br\/><br\/><strong>Origin:<\/strong> Formed from the synergistic combination of choline and tartaric acid, with origin in Dutch grapes.<br\/><br\/><strong>Benefits<\/strong>: Simplifies health support through a convenient to take supplement.<\/p>","image":"shopify:\/\/shop_images\/Ontwerp_zonder_titel_-_2023-08-16T170114.472.png","show-ingredient2":true,"heading2":"Milk thistle","paragraph2":"<p><strong>Source: <\/strong>Milk thistle extract derived from the seeds of the milk thistle plant.<br\/><br\/><strong>Origin: <\/strong>Extracted from the seeds of the milk thistle plant, an herb historically valued for its beneficial properties.<br\/><br\/><strong>Benefit:<\/strong> Natural support for liver health, thanks to the nourishing properties of milk thistle extract.<\/p>","image2":"shopify:\/\/shop_images\/Ontwerp_zonder_titel_-_2023-08-16T170056.149.png","show-ingredient3":true,"heading3":"Curcumin","paragraph3":"<p><strong>Source: <\/strong>Curcumin extracted from the Curcuma longa plant, also known as turmeric.<br\/><br\/><strong>Origin: <\/strong>Derived from the rhizome of the Curcuma longa plant, a widely used herb in traditional medicine.<br\/><br\/><strong>Benefit:<\/strong> Natural and powerful antioxidant with anti-inflammatory properties, contributing to overall well-being and health.<\/p>","image3":"shopify:\/\/shop_images\/Ontwerp_zonder_titel_-_2023-08-16T170105.129.png","show-ingredient4":false,"heading4":"Aloe Vera","paragraph4":"<p><strong>Bron: <\/strong>Aloë Vera plant, bekend om zijn gelgevulde bladeren met tal van gezondheidsvoordelen.<\/p><p><strong>Oorsprong: <\/strong>Hij komt uit het Arabische schiereiland, maar wordt nu wereldwijd gekweekt vanwege zijn medicinale en huidverzorgende eigenschappen.<\/p><p><strong>Voordelen: <\/strong>Aloë vera helpt de darm te kalmeren en te ondersteunen door ontstekingen te verminderen en een gezonde spijsvertering te bevorderen.<\/p>","image4":"shopify:\/\/shop_images\/Ontwerp_zonder_titel_-_2023-05-19T164158.959.png","show-ingredient5":false,"heading5":"Organic Ashwagandha","paragraph5":""}},"e93b4122-3384-42a8-a501-446494a076df":{"type":"image-with-text","blocks":{"template--19144188330318__e93b4122-3384-42a8-a501-446494a076df-1687632013348b44b3-1":{"type":"heading","settings":{"text":"Signs you need a liver cleanse","heading_size":"h3"}},"template--19144188330318__e93b4122-3384-42a8-a501-446494a076df-1687632013348b44b3-2":{"type":"text","settings":{"text":"<ul><li>Blown belly <\/li><li>Pain in the liver area<\/li><li>Excessive abdominal fat<\/li><li>Problems digesting fats Acid reflux\/ heartburn<\/li><li>Dark spots, skin blemishes<\/li><li>Overheating excessive sweating<\/li><li>Acne, itching or blemishes on the skin<\/li><li>Weight gain<\/li><\/ul>"}}},"block_order":["template--19144188330318__e93b4122-3384-42a8-a501-446494a076df-1687632013348b44b3-1","template--19144188330318__e93b4122-3384-42a8-a501-446494a076df-1687632013348b44b3-2"],"settings":{"image":"shopify:\/\/shop_images\/Vaarwel_hormonale_onevenwichtigheden_Ontdek_ons_revolutionaire_product._81.jpg","use_video":false,"video":"https:\/\/www.youtube.com\/watch?v=_9VUPq3SxOc","video_autoplay":true,"video_controls":true,"height":"adapt","desktop_image_width":"medium","section_width":"full-width-row","layout":"image_first","content_position":"text-left","color_bg":"#fafaf8","color_text":"#151515","color_border":"#e2e2e2","disable_top_spacing":false,"disable_bottom_spacing":false}},"674829ae-dbfa-456c-8921-928718c60604":{"type":"kopstorm-section-2","blocks":{"7773b99c-e3c6-4bbd-aa7a-5d9a471ead93":{"type":"Ingredient","settings":{"heading":"Organic Ashwagandha","paragraph":""}}},"block_order":["7773b99c-e3c6-4bbd-aa7a-5d9a471ead93"],"disabled":true,"settings":{"background-color":"#edeae3","title":"Jennah Organics®","description":"Ontdek de schoonheid van arganolie™"}},"1694764623b36faf00":{"type":"apps","settings":{}},"862181d3-4676-4452-b5d3-7d2c0c0e6f9f":{"type":"collapsible-content","blocks":{"template--19144188330318__862181d3-4676-4452-b5d3-7d2c0c0e6f9f-16876359208c5bac1b-0":{"type":"collapsible_tab","settings":{"heading":"Is Flat Belly veilig?","open":false,"content":"<p>Flat Belly is 100% veilig en gebruikt natuurlijke ingrediënten om het lichaam veilig van binnenuit te reinigen.<\/p>","page":""}},"template--19144188330318__862181d3-4676-4452-b5d3-7d2c0c0e6f9f-16876359208c5bac1b-1":{"type":"collapsible_tab","settings":{"heading":"Is het waar dat Flat Belly je kan helpen afvallen?","open":false,"content":"<p>Absoluut! De meeste van onze klanten zien een bijna onmiddellijke afvlakking van de buik als gevolg van het afscheiden van opgehoopt afval en het verminderen van opgeblazen gevoel en vochtretentie.<\/p>","page":""}},"template--19144188330318__862181d3-4676-4452-b5d3-7d2c0c0e6f9f-16876359208c5bac1b-2":{"type":"collapsible_tab","settings":{"heading":"Hoe lang kan ik Flat Belly gebruiken?","open":false,"content":"<p>De Flat Belly is voor dertig dagen. Na 30 dagen raden wij u aan om twee weken pauze te nemen voordat u de cleanse opnieuw gebruikt.<\/p>","page":""}},"template--19144188330318__862181d3-4676-4452-b5d3-7d2c0c0e6f9f-16876359208c5bac1b-3":{"type":"collapsible_tab","settings":{"heading":"Helpt Flat Belly gifstoffen te verwijderen?","open":false,"content":"<p>Er wordt algemeen aangenomen dat het lichaam te allen tijde tussen de 5 en 20 pond overtollig afval in uw darmen draagt. Alle gifstoffen die kunnen voortvloeien uit voedsel, water of het milieu en kunnen zich ophopen in de darmen. Naar onze mening is het belangrijk om ze sneller uit te scheiden om het lichaam op topprestaties te houden.<\/p>","page":""}},"template--19144188330318__862181d3-4676-4452-b5d3-7d2c0c0e6f9f-16876359208c5bac1b-4":{"type":"collapsible_tab","settings":{"heading":"Zal Flat Belly ervoor zorgen dat ik me mentaal en fysiek beter voel?","open":false,"content":"<p>Absoluut! Flat Belly helpt gifstoffen te verwijderen en ze op natuurlijke wijze uit het lichaam op te bouwen. Uw darmgezondheid is uiterst belangrijk en dit is waar de meeste cellen van uw immuunsysteem en neurotransmitters worden gemaakt. Wanneer je de darmgezondheid verbetert, kun je verwachten dat je je fysiek en mentaal NIETS beter voelt. Je moet je scherper, minder vermoeid voelen en een algeheel gevoel van verbetering hebben voor je welzijn gedurende de dag.<\/p>","page":""}},"21d71794-2ddf-457a-b406-01d9c000fc33":{"type":"collapsible_tab","settings":{"heading":"Is het veilig om Flat Belly te gebruiken tijdens de zwangerschap of borstvoeding?","open":false,"content":"<p>Het wordt niet aanbevolen om een ​​platte buik te gebruiken tijdens zwangerschap of borstvoeding. Hoewel gember, aloë vera en Burdock over het algemeen als veilig worden beschouwd voor consumptie tijdens zwangerschap en borstvoeding, is bekend dat Cascara en Senna Leaf laxatieve effecten hebben en contracties in de baarmoeder kunnen veroorzaken.<\/p><p>Deze effecten kunnen mogelijk schadelijk zijn voor de zich ontwikkelende foetus of verpleegkundige baby, en daarom wordt het niet aanbevolen om een ​​platte buik te gebruiken tijdens de zwangerschap of borstvoeding.<\/p>","page":""}},"4576634f-8ea3-400e-b0d7-3d5ea325c2e9":{"type":"collapsible_tab","settings":{"heading":"Kunnen kinderen het Flat Belly-product gebruiken?","open":false,"content":"<p>Nee, wij raden het gebruik van ons Flat Belly-Colon Cleanse product af voor kinderen jonger dan 18-jarig. Ons product bevat een krachtige mix van natuurlijke ingrediënten, waaronder aloë vera, gember, klis, cascara en senna, die te sterk kunnen zijn voor jonge kinderen.<\/p>","page":""}},"1081d08f-43b9-4ef7-8b6a-58e2e8ec8596":{"type":"collapsible_tab","settings":{"heading":"Kan ik de Flat Belly in poedervorm in plaats van capsules nemen?","open":false,"content":"<p>Onze Flat Belly product is momenteel alleen beschikbaar in capsule vorm. U kunt de capsules echter gemakkelijk openen en het poeder mengen met water, sap, een smoothie of een ander drankje van uw keuze. Wij raden het gebruik van het product met een volledig glas water om te zorgen voor een goede hydratatie en om te helpen het lichaam spoelen uit toxines. Als u enige zorgen of vragen over de beste manier om onze dikke darm reinigen product, aarzel dan niet om contact met ons op.<\/p>","page":""}},"11e7a9f5-5853-44fb-beca-b78e4b7b6ae4":{"type":"collapsible_tab","settings":{"heading":"Moet ik elke keer voor het slapengaan 2 capsules nemen, of kan ik ook 1 nemen?","open":false,"content":"<p>Onze aanbevolen dosering is 2 capsules voor het slapengaan, maar u kunt maximaal 3 capsules per dag nemen indien nodig. Het is echter het beste om te beginnen met een capsule per dag en je weg omhoog te werken om de optimale dosering te vinden die de gewenste voordelen voor je biedt. De effecten kunnen variëren van persoon tot persoon, dus het is belangrijk om te vinden wat het beste voor je werkt.<\/p>","page":""}},"15666c27-0f10-4803-87db-aaadac0fd4b5":{"type":"collapsible_tab","settings":{"heading":"Zal Flat Belly me alleen helpen om af te vallen in mijn buik of in mijn hele lichaam?","open":false,"content":"<p>Het Flat Belly product kan helpen gewichtsverlies door het hele lichaam te bevorderen, niet alleen in de buik. De ingrediënten in het product ondersteunen een gezonde spijsvertering en eliminatie, wat kan leiden tot algehele gewichtsverlies en een slanker uiterlijk.<\/p>","page":""}}},"block_order":["template--19144188330318__862181d3-4676-4452-b5d3-7d2c0c0e6f9f-16876359208c5bac1b-0","template--19144188330318__862181d3-4676-4452-b5d3-7d2c0c0e6f9f-16876359208c5bac1b-1","template--19144188330318__862181d3-4676-4452-b5d3-7d2c0c0e6f9f-16876359208c5bac1b-2","template--19144188330318__862181d3-4676-4452-b5d3-7d2c0c0e6f9f-16876359208c5bac1b-3","template--19144188330318__862181d3-4676-4452-b5d3-7d2c0c0e6f9f-16876359208c5bac1b-4","21d71794-2ddf-457a-b406-01d9c000fc33","4576634f-8ea3-400e-b0d7-3d5ea325c2e9","1081d08f-43b9-4ef7-8b6a-58e2e8ec8596","11e7a9f5-5853-44fb-beca-b78e4b7b6ae4","15666c27-0f10-4803-87db-aaadac0fd4b5"],"disabled":true,"settings":{"heading":"Meest gestelde vragen","description":"","uppercase_heading":false,"disable_top_spacing":true,"disable_bottom_spacing":true}},"cfbf0b99-34c1-466d-ba31-d5ac9c5a5cb9":{"type":"multicolumn","blocks":{"template--19144188330318__cfbf0b99-34c1-466d-ba31-d5ac9c5a5cb9-1687636829feb865c0-0":{"type":"column","settings":{"image":"shopify:\/\/shop_images\/Ontwerp_zonder_titel_75.jpg","image_full_width":false,"retina":false,"title":"","text":"","link_label":"","link":""}},"template--19144188330318__cfbf0b99-34c1-466d-ba31-d5ac9c5a5cb9-1687636829feb865c0-1":{"type":"column","settings":{"image":"shopify:\/\/shop_images\/Ontwerp_zonder_titel_-_2023-03-10T132236.625_325a23e0-74f2-4cf2-972f-ceebb0879d73.png","image_full_width":false,"retina":true,"title":"","text":"","link_label":"","link":""}},"template--19144188330318__cfbf0b99-34c1-466d-ba31-d5ac9c5a5cb9-1687636829feb865c0-2":{"type":"column","settings":{"image":"shopify:\/\/shop_images\/Zonder_titel_800_x_500_px_800_x_800_px.jpg","image_full_width":false,"retina":true,"title":"","text":"","link_label":"","link":""}},"template--19144188330318__cfbf0b99-34c1-466d-ba31-d5ac9c5a5cb9-1687636829feb865c0-3":{"type":"column","settings":{"image":"shopify:\/\/shop_images\/Zonder_titel_800_x_500_px_800_x_800_px_2.jpg","image_full_width":false,"retina":true,"title":"","text":"","link_label":"","link":""}}},"block_order":["template--19144188330318__cfbf0b99-34c1-466d-ba31-d5ac9c5a5cb9-1687636829feb865c0-0","template--19144188330318__cfbf0b99-34c1-466d-ba31-d5ac9c5a5cb9-1687636829feb865c0-1","template--19144188330318__cfbf0b99-34c1-466d-ba31-d5ac9c5a5cb9-1687636829feb865c0-2","template--19144188330318__cfbf0b99-34c1-466d-ba31-d5ac9c5a5cb9-1687636829feb865c0-3"],"disabled":true,"settings":{"heading":"Loved and used worldwide","heading_left":false,"description":"<p>With<strong> more than 100,000 jars sold worldwide <\/strong>Jennah Organics® has helped thousands of people get their health back on track through natural herbs that have been used for thousands of years for various health purposes.<\/p>","full_width":true,"display_type":"grid","image_ratio":"adapt","columns_desktop":4,"text_alignment":"left","heading_size":"h5","mobile_swipe":true,"show_progress_bar":true,"disable_top_spacing":false,"disable_bottom_spacing":false}},"product-recommendations":{"type":"product-recommendations","settings":{"heading":"Others also bought","heading_left":true,"description":"","full_width":true,"mobile_swipe":true,"disable_top_spacing":true,"disable_bottom_spacing":true}}},"order":["breadcrumbs","main-product","521bd027-3516-40ea-bfcd-dfccab7a076a","4af37162-67cb-4d3e-9b7a-a8e396d8b7cb","e5fb4b67-6ca5-4027-9085-b24473de7a47","e93b4122-3384-42a8-a501-446494a076df","674829ae-dbfa-456c-8921-928718c60604","1694764623b36faf00","862181d3-4676-4452-b5d3-7d2c0c0e6f9f","cfbf0b99-34c1-466d-ba31-d5ac9c5a5cb9","product-recommendations"]}