{"sections":{"breadcrumbs":{"type":"breadcrumbs","settings":{}},"main-product":{"type":"main-product","blocks":{"7d598c40-a18a-46d4-9dce-2dcbad10c43c":{"type":"custom_liquid","settings":{"custom_liquid":"<div style=\"margin-bottom: 15px;\" class=\"desktop-trust\">\n  \n<div style=\"display:flex; flex-direction: row; gap: 10px;\">\n<img style=\"width:100px;\" src=\"https:\/\/cdn.shopify.com\/s\/files\/1\/0554\/5453\/1633\/files\/stars_1.svg?v=1671197306\">\n<a style=\"text-decoration: none; color: #3a251f; font-size:16px;\" href=\"#trustpilot-banner\"><span><ls-static-556480>View recent<\/ls-static-556480> <span style=\"text-decoration:underline;\"><ls-static-790007>reviews.<\/ls-static-790007><\/span><\/span><\/a>\n<\/div>\n  \n<\/div>\n\n<div style=\"margin-bottom: 15px;\" class=\"mobile-trust\">\n\n<div style=\"display:flex; flex-direction: row; gap: 10px;\">\n<img style=\"width:100px;\" src=\"https:\/\/cdn.shopify.com\/s\/files\/1\/0554\/5453\/1633\/files\/stars_1.svg?v=1671197306\">\n<a style=\"text-decoration: none; color: #3a251f; font-size:16px;\" href=\"#trustpilot-banner-mobile\"><span><ls-static-343772>View recent<\/ls-static-343772> <span style=\"text-decoration:underline;\"><ls-static-330837>reviews.<\/ls-static-330837><\/span><\/span><\/a>\n<\/div>\n\n<\/div>\n\n<style>\n  .mobile-trust {\n    display: none;\n  }\n  .desktop-trust {\n    display: block;\n  }\n@media screen and (max-width: 767px) {\n  .mobile-trust {\n    display: block;\n  }\n  .desktop-trust {\n    display: none;\n  }\n}\n<\/style>"}},"58ad45ab-6593-4428-a9ed-b7ef4861f403":{"type":"custom_liquid","settings":{"custom_liquid":"{% render 'kopstorm-snippet-1' %}"}},"title":{"type":"title","settings":{"uppercase":true,"show_products_rating":false}},"a8900613-f18b-4393-8d15-c10dba299bef":{"type":"text","settings":{"text":"Remarkable Results Reported by Satisfied Customers: Discover the Success Stories of Clients Who Have Experienced Significant Results with Flat Belly, <b>including Removing Up to 5 kg of Toxic Waste in Just One Week!<\/b>","text_style":"style_body"}},"f0d9a32b-a510-48f9-a111-bae7ec904d43":{"type":"checkmark","settings":{"height":10,"checkmark-tekst":"<b>30-day money-back guarantee<\/b>","checkmark-color":"#d966c6","top-margin":10,"bottom-margin":10}},"fe5e189b-a30d-4a43-a64f-e76ae47ff5ee":{"type":"checkmark","settings":{"height":10,"checkmark-tekst":"<b>Delivered within 2 days<\/b>","checkmark-color":"#000000","top-margin":15,"bottom-margin":15}},"46d4765d-742b-43ac-8487-796a1243b987":{"type":"checkmark","disabled":true,"settings":{"height":10,"checkmark-tekst":"<b>Free Shipping on Orders Over £99!<\/b>","checkmark-color":"#000000","top-margin":15,"bottom-margin":15}},"9857908c-28ae-4b8a-843d-a73950421d74":{"type":"checkmark","settings":{"height":10,"checkmark-tekst":"<b>Vegan, Organic, Gluten-free<\/b>","checkmark-color":"#000000","top-margin":15,"bottom-margin":33}},"0b3e272b-c86a-4dba-946c-c6912251371c":{"type":"description","disabled":true,"settings":{}},"45759a07-51f7-4760-92b6-8895071e5432":{"type":"variant_picker","settings":{"picker_type":"button","color_picker":true,"variant_is_disabled":true,"sizing_guide_text":"Sizing guide","sizing_guide_icon":"ruler","sizing_guide_page":""}},"b5a6f778-3b5b-4070-bdb7-e3e6dedf90e7":{"type":"shopify:\/\/apps\/recharge-subscriptions\/blocks\/subscription-widget\/371eed76-0b44-4869-9813-730372ea378e","settings":{"product":"{{product}}"}},"19737c7c-261f-4d56-b7fe-d993ad0c50bb":{"type":"text","settings":{"text":"Act Fast! Free Shipping Today Only! 🚚✨ (UK Only)","text_style":"style_body"}},"buy_buttons":{"type":"buy_buttons","settings":{"show_quantity_selector":true,"show_dynamic_checkout":false,"show_gift_card_recipient":false}},"f3674f15-8e45-45d7-8d31-eeda74b909de":{"type":"custom_liquid","settings":{"custom_liquid":"{% render 'kopstorm-snippet-2' %}"}},"95b7e00a-0453-4eb0-9cf0-1dae84d8b822":{"type":"side_panel","disabled":true,"settings":{"side_panel_1_label":"Beschrijving","side_panel_1_icon":"none","side_panel_1_content":"<p><strong>**Effectieve Darmreiniging voor Optimale Spijsvertering en Gewichtsverlies**<\/strong><br\/><br\/>Spoel Toxines en Afvalstoffen weg met de Kracht van Flat Belly®. Ervaar de Effectieve Reinigingskracht van Flat Belly terwijl het* Toxines en Afvalstoffen uit je Darmen Spoelt, wat zorgt voor een Betere Spijsvertering en Sneller Gewichtsverlies.<br\/><br\/><strong>**Vaarwel Opgeblazen Gevoel en Obstipatie**<\/strong><br\/><br\/>Zeg Dag tegen Problemen met Opgeblazen Gevoel en Obstipatie en Verwelkom een Plattere en Getonede Buik met de Krachtige Formule van Flat Belly®.<br\/><br\/><strong>**Veilige en Zachte Reiniging met Natuurlijke Ingrediënten**<\/strong><br\/><br\/>Een Zachte en Comfortabele Reinigingservaring. Geniet van een Comfortabele en Effectieve Reinigingservaring met Flat Belly® dankzij de Natuurlijke Ingrediënten die Veilig en Zacht zijn voor je Lichaam.<br\/><br\/><strong>**Omarm de Voordelen van een Gezondere Darm**<\/strong><br\/><br\/>Ontdek de Transformatieve Voordelen van een Gezondere Darm, Verbeterde Spijsvertering en Versterkt Gewichtsverlies met Flat Belly®. Ervaar het Verschil met Flat Belly en Begin Vandaag nog aan je Reis naar een Slanker en Gezonder Lichaam.<\/p>","side_panel_1_page":"","side_panel_2_label":"Voordelen","side_panel_2_icon":"none","side_panel_2_content":"<p><strong>Flat Belly Darm Detox - Klinisch bewezen voordelen:<\/strong><\/p><p><em>Zorgt binnen 1 week voor een plattere buik*<\/em><\/p><ul><li> Verlicht constipatie en bevordert een gezonde darmfunctie*<\/li><li> Geeft een egaler uitziende huid*<\/li><li>Reinigt de darmen grondig van opgebouwde afvalstoffen*<\/li><li>Verbetert de spijsvertering en bevordert een gezond gewichtsverlies*<\/li><li>Verhoogt de energie en vitaliteit*<\/li><li>Ondersteunt een gezond immuunsysteem en beschermt tegen ziekte*<\/li><li>Verbetert de opname van voedingsstoffen voor een optimale voeding*<\/li><li>Bevordert een gezonde balans van darmbacteriën voor een betere algehele gezondheid*<\/li><\/ul>","side_panel_2_page":"shipping","side_panel_3_label":"ingrediënten","side_panel_3_icon":"none","side_panel_3_content":"<p><strong>Deze speciale kruidenmix zorgt ervoor dat je je lichter voelt na 6-12 uur gebruik van de Colon Cleanse<\/strong><\/p><ul><li>Aloë vera (Aloë vera, Latex) Aloë vera helpt de darmflora in evenwicht te brengen. Het is nuttig in gevallen van prikkelbare darmsyndroom en is een laxeermiddel waarvan bekend is dat het helpt parasieten uit het spijsverteringskanaal te verdrijven.<br\/><\/li><li>Senna (Senna alexandrina, Leaf) Senna bevat antrachinon, dat bekend staat om zijn krachtige laxerende werking. Deze antrachinonen zijn ook zeer effectief in het reinigen van de dikke darm, wat niet alleen uitstekend is voor het ontgiften van het spijsverteringsstelsel, maar ook voor het voorbereiden van de dikke darm op procedures zoals een colonoscopie.<br\/><\/li><li>Kles (Kles extract) Kles wortel bevat inuline, een oplosbare en prebiotische vezel die helpt de spijsvertering te verbeteren. Inuline werkt als voedsel voor gezonde darmbacteriën en helpt ontstekingen te reguleren en gifstoffen uit het lichaam te verwijderen.<br\/><\/li><li>Cascara (Rhamnus purshiana oude schors) De actieve ingrediënten van Cascara Sagrada stimuleren de darmwand en verlichten een trage dikke darm. De combinatie van zowel psyllium (als bulkmiddel) als Cascara (als stimulerend laxeermiddel) is essentieel voor een effectief darmreinigingsprogramma.<br\/><\/li><li>Gember (Zingiber) Gember wordt gebruikt in de meeste ontgiftingsprogramma's omdat het het lichaam reinigt door spijsvertering, circulatie en zweten te stimuleren. De spijsvertering dient om de ophoping van afval en gifstoffen in de dikke darm, lever en andere organen te reinigen.<br\/><strong><br\/>Alle ingrediënten zijn (Biologisch, Glutenvrij, Veganistisch)<\/strong><\/li><\/ul>","side_panel_3_page":"care-guide"}},"1ceb3c75-ea55-49c5-a3cf-a8beb3af5f06":{"type":"collapsible_tab","settings":{"heading":"Reviews","open":true,"content":"","page":""}},"f19dc705-0424-4428-9371-4e95e793dd5e":{"type":"collapsible_tab","settings":{"heading":"Description","open":false,"content":"<p><strong>Effective Bowel Cleansing for Optimal Digestion and Weight Loss.<\/strong><\/p><p>Rinse away Toxins and Waste with the Power of Flat Belly. Experience the Effective Cleansing Power of Flat Belly as it Flushes Toxins and Waste from your Gut, ensuring Better Digestion and Faster Weight Loss.<\/p><p><strong>Goodbye Bloating and Constipation:<\/strong><\/p><p>Say Goodbye to Problems with Bloating and Constipation and Welcome a Flatter and Toned Belly with Flat Belly's Powerful Formula.<\/p><p><strong>Safe and Gentle Cleansing with Natural Ingredients:<\/strong><\/p><p>A Gentle and Comfortable Cleansing Experience. Enjoy a Comfortable and Effective Cleansing Experience with Flat Belly, Thanks to the Natural Ingredients that are Safe and Gentle on your Body.<\/p><p><strong>Embrace the Benefits of a Healthier Gut:<\/strong><\/p><p>Discover the Transformative Benefits of a Healthier Gut, Improved Digestion and Amplified Weight Loss with Flat Belly.Experience the Difference with Flat Belly and Start Your Journey to a Slimmer and Healthier Body Today.<\/p>","page":""}},"a8bab53b-0400-4d22-b57e-eb3f70d8fcca":{"type":"collapsible_tab","settings":{"heading":"How to use","open":false,"content":"<p><strong>1. <\/strong>Take 1-2 capsules at bedtime with water. Adjust intake to 1-3 capsules per day as needed for desired results.<\/p><p><strong>2. <\/strong>The effect begins to take effect after 6-12 hours.<\/p><p><strong>3.<\/strong> Enjoy an effective transition to a healthier gut and increased metabolism.<\/p>","page":""}},"9496fcd8-da41-40aa-957b-7a5331c88017":{"type":"collapsible_tab","settings":{"heading":"Ingredients","open":false,"content":"<p>This special herbal blend ensures you feel lighter within 6-12 hours of using the Colon Cleanse:<\/p><ul><li><strong>Aloe Vera<\/strong> (Aloe vera, Latex): Aloe Vera helps balance the gut flora. It is useful in cases of irritable bowel syndrome and is known for its ability to expel parasites from the digestive tract.<\/li><li><strong>Senna<\/strong> (Senna alexandrina, Leaf): Senna contains anthraquinone, known for its powerful stool-softening effects. These anthraquinones are also very effective in cleansing the colon, which is excellent not only for detoxifying the digestive system but also for preparing the colon for procedures like colonoscopy.<\/li><li><strong>Burdock<\/strong> (Burdock Root extract): Burdock Root contains inulin, a soluble and prebiotic fiber that helps improve digestion. Inulin acts as food for healthy gut bacteria and helps regulate inflammation and remove toxins from the body.<\/li><li><strong>Cascara<\/strong> (Rhamnus purshiana old bark): The active ingredients of Cascara Sagrada stimulate the intestinal wall and relieve a sluggish colon. The combination of both psyllium (as a bulking agent) and Cascara (as a stimulant ingredient) is essential for an effective colon cleansing program.<\/li><li><strong>Ginger<\/strong> (Zingiber): Ginger is used in most detox programs because it cleanses the body by stimulating digestion, circulation, and sweating. Digestion helps cleanse the buildup of waste and toxins in the colon, liver, and other organs.<\/li><\/ul><p><em>All ingredients are (Organic, Gluten-Free, Vegan).<\/em><\/p>","page":""}},"b6de2751-6ebd-4139-b63b-67a1eaace795":{"type":"shipping_collapse","settings":{}}},"block_order":["7d598c40-a18a-46d4-9dce-2dcbad10c43c","58ad45ab-6593-4428-a9ed-b7ef4861f403","title","a8900613-f18b-4393-8d15-c10dba299bef","f0d9a32b-a510-48f9-a111-bae7ec904d43","fe5e189b-a30d-4a43-a64f-e76ae47ff5ee","46d4765d-742b-43ac-8487-796a1243b987","9857908c-28ae-4b8a-843d-a73950421d74","0b3e272b-c86a-4dba-946c-c6912251371c","45759a07-51f7-4760-92b6-8895071e5432","b5a6f778-3b5b-4070-bdb7-e3e6dedf90e7","19737c7c-261f-4d56-b7fe-d993ad0c50bb","buy_buttons","f3674f15-8e45-45d7-8d31-eeda74b909de","95b7e00a-0453-4eb0-9cf0-1dae84d8b822","1ceb3c75-ea55-49c5-a3cf-a8beb3af5f06","f19dc705-0424-4428-9371-4e95e793dd5e","a8bab53b-0400-4d22-b57e-eb3f70d8fcca","9496fcd8-da41-40aa-957b-7a5331c88017","b6de2751-6ebd-4139-b63b-67a1eaace795"],"settings":{"social-proof-box":true,"social-proof-box-text":"<p><em>\"This is already my second time using the Colon Cleanse. <\/em><em><strong>I have already lost 2 kilos after just one week!<\/strong><\/em><em> - Kim B.<\/em><\/p>","social-proof-box-image":"shopify:\/\/shop_images\/Ontwerp_zonder_titel_-_2023-06-24T200427.087.png","title-1":"I am very happy with it.","review-1":"Finally less bloating and regulated digestion. Does what it is supposed to do for the bowels.","name-1":"Iris Peeters","title-2":"It does what it promises.","review-2":"I have ordered this product several times. It made me lose more than 2 kg of weight within a week! It does what it promises.","name-2":"Helen","title-3":"Great product.","review-3":"The colon detox does an excellent job. I have been using it for quite some time and I feel much better. I can even tolerate gluten again now. I am even losing weight with the powder.","name-3":"Sarah H.","title-4":"Smoother skin.","review-4":"I have now finished my second detox. The detoxes had a very good effect on both my digestion and my skin. It has become more even.","name-4":"Kurt B.","title-5":"I feel so light.","review-5":"I take 2 every day and the next day I feel so light. I will use these forever. I have tried many digestive aids, but wow, this is a good product.","name-5":"Sandra P.","title-6":"I can't live without it now.","review-6":"I don't normally leave reviews, but this really works very well for me.","name-6":"Marion A.","title-7":"Works great.","review-7":"This detox does what they claim to do. After I started using this, I went to the bathroom twice a day.","name-7":"Charlotte A.","title-8":"What a relief!","review-8":"I use this for constipation. I have regular urinary tract infections, so I switched to this colon cleanser and I must honestly say it works. I go to the toilet more often and is a relief of sorts.","name-8":"Femke J.","title-9":"After just one week, results.","review-9":"I was very happy to see the results in a week and even more in a month. I currently no longer suffer from irritable bowel syndrome, which used to be very bad with me.","name-9":"Henny E.","full_width":true,"enable_sticky_info":false,"enable_sticky_add_to_cart":false,"show_taxes_included":false,"media_layout":"collage","display_slider_pagination":false,"media_aspect_ratio":"adapt","display_captions":true,"hide_variants":true,"lightbox":true,"enable_video_looping":false}},"521bd027-3516-40ea-bfcd-dfccab7a076a":{"type":"text-with-icons","blocks":{"template--19144188330318__521bd027-3516-40ea-bfcd-dfccab7a076a-16876311672264bb7c-0":{"type":"icon","settings":{"icon":"none","image":"shopify:\/\/shop_images\/Ontwerp_zonder_titel_-_2023-05-17T212928.115.png","heading":"REACH YOUR WEIGHT GOALS","text":""}},"template--19144188330318__521bd027-3516-40ea-bfcd-dfccab7a076a-16876311672264bb7c-1":{"type":"icon","settings":{"icon":"ruler","image":"shopify:\/\/shop_images\/egula_1.png","heading":"ACHIEVING OPTIMAL INTESTINAL HEALTH","text":""}},"template--19144188330318__521bd027-3516-40ea-bfcd-dfccab7a076a-16876311672264bb7c-2":{"type":"icon","settings":{"icon":"ruler","image":"shopify:\/\/shop_images\/egula_2.png","heading":"PURE HERBAL INGREDIENTS","text":""}},"76cbea17-d1ca-4d3a-8b27-b2fbfdb583a4":{"type":"icon","settings":{"icon":"ruler","image":"shopify:\/\/shop_images\/egula.png","heading":"EASE YOUR TOILET VISITS","text":""}}},"block_order":["template--19144188330318__521bd027-3516-40ea-bfcd-dfccab7a076a-16876311672264bb7c-0","template--19144188330318__521bd027-3516-40ea-bfcd-dfccab7a076a-16876311672264bb7c-1","template--19144188330318__521bd027-3516-40ea-bfcd-dfccab7a076a-16876311672264bb7c-2","76cbea17-d1ca-4d3a-8b27-b2fbfdb583a4"],"settings":{"text_alignment":"left","icon_position":"left","icon_size":"large","heading_size":"small","mobile_swipe":true,"color_bg":"#eceade","color_heading":"#2e2930","color_text":"#151515","disable_top_spacing":true,"disable_bottom_spacing":true}},"dc0f5ca2-c4f1-4c9d-88f6-44288f39ab74":{"type":"image-with-text","blocks":{"template--19506800034135__dc0f5ca2-c4f1-4c9d-88f6-44288f39ab74-heading-1":{"type":"heading","settings":{"text":"Looking to Lose Weight Quickly and Effectively?","heading_size":"h3"}},"template--19506800034135__dc0f5ca2-c4f1-4c9d-88f6-44288f39ab74-text-1":{"type":"text","settings":{"text":"<ol><li><strong>Eliminate Stored Bowel Waste:<\/strong> Many unknowingly carry around 5-10 kg of old fecal matter.<\/li><li><strong>Enhance Well-being:<\/strong> Addressing this issue can significantly improve your overall well-being.<\/li><li><strong>Combat Digestive Complaints:<\/strong> Experience relief from abdominal pain, bloating, and constipation.<\/li><li><strong>“Flat Belly” Detox: <\/strong>Our solution for quick, visible results and a healthier belly.<\/li><\/ol>"}}},"block_order":["template--19506800034135__dc0f5ca2-c4f1-4c9d-88f6-44288f39ab74-heading-1","template--19506800034135__dc0f5ca2-c4f1-4c9d-88f6-44288f39ab74-text-1"],"settings":{"image":"shopify:\/\/shop_images\/I_will_900_x_1080_px_1080_x_1080_px_69.png","use_video":false,"video":"https:\/\/www.youtube.com\/watch?v=_9VUPq3SxOc","video_autoplay":true,"video_controls":true,"height":"adapt","desktop_image_width":"medium","section_width":"full-width-row-full","layout":"text_first","content_position":"text-left","color_bg":"#fafaf8","color_text":"#151515","color_border":"#e2e2e2","disable_top_spacing":true,"disable_bottom_spacing":true}},"6b302745-ac99-4947-9256-3a09d3ce48f7":{"type":"image-with-text","blocks":{"template--19506800034135__6b302745-ac99-4947-9256-3a09d3ce48f7-heading-1":{"type":"heading","settings":{"text":"How to Use?","heading_size":"h3"}},"template--19506800034135__6b302745-ac99-4947-9256-3a09d3ce48f7-text-1":{"type":"text","settings":{"text":"<p><strong>1. <\/strong>Take 1-2 capsules before going to bed with water. <\/p><p><strong>2.<\/strong> If necessary, adjust the intake to 3 capsules per day for desired results.<\/p><p><strong>3. <\/strong>The effect begins to set in after 6-12 hours.<\/p><p><strong>4. <\/strong>Enjoy a smooth transition to a healthier digestive tract and an elevated metabolism.<\/p>"}}},"block_order":["template--19506800034135__6b302745-ac99-4947-9256-3a09d3ce48f7-heading-1","template--19506800034135__6b302745-ac99-4947-9256-3a09d3ce48f7-text-1"],"settings":{"image":"shopify:\/\/shop_images\/I_will_12_b9e0378b-68a7-46d8-a591-6ddfc4fc1b2f.png","use_video":false,"video":"https:\/\/www.youtube.com\/watch?v=_9VUPq3SxOc","video_autoplay":true,"video_controls":true,"height":"adapt","desktop_image_width":"medium","section_width":"full-width-row-full","layout":"image_first","content_position":"text-left","color_bg":"#fafaf8","color_text":"#151515","color_border":"#e2e2e2","disable_top_spacing":true,"disable_bottom_spacing":true}},"4af37162-67cb-4d3e-9b7a-a8e396d8b7cb":{"type":"slideshow","blocks":{"template--19144188330318__4af37162-67cb-4d3e-9b7a-a8e396d8b7cb-168763223374982917-1":{"type":"slide","settings":{"image":"shopify:\/\/shop_images\/Zonder_titel_1200_x_250_px_1200_x_150_px_1200_x_400_px_1200_x_450_px_1200_x_350_px_1800_x_350_px_1800_x_400_px.png","slide_link":"","video_background":false,"video":"https:\/\/www.youtube.com\/watch?v=_9VUPq3SxOc","subheading":"","heading":"Reach your weight goals","heading_size":"h2","content":"Ease toilet visits and reach your weight goals more easily* with our advanced cure for improved digestion, reduced bloating and increased energy.","description_size":"small","content_position":"middle-center","text_alignment":"center","content_size":"medium","overlay_color":"#000000","overlay_opacity":0,"overlay_gradient":"linear-gradient(180deg, rgba(0, 0, 0, 0.1), rgba(0, 0, 0, 0.4) 100%)","button_1_text":"","button_1_link":"","button_1_outline":false,"button_2_text":"","button_2_link":"","button_2_outline":false}},"1065e784-b33a-4306-952a-1b61e16a4259":{"type":"slide","settings":{"image":"shopify:\/\/shop_images\/Zonder_titel_1200_x_250_px_1200_x_150_px_1200_x_400_px_1200_x_450_px_1200_x_350_px_1800_x_350_px_1800_x_400_px.png","slide_link":"","video_background":false,"video":"https:\/\/www.youtube.com\/watch?v=_9VUPq3SxOc","subheading":"","heading":"Achieve optimal gut health","heading_size":"h2","content":"Achieve optimal intestinal health with our advanced cure for balanced digestion and optimal intestinal health*. Experience overall well-being and vitality.","description_size":"small","content_position":"middle-center","text_alignment":"center","content_size":"medium","overlay_color":"#000000","overlay_opacity":70,"overlay_gradient":"linear-gradient(180deg, rgba(0, 0, 0, 0.1), rgba(0, 0, 0, 0.4) 100%)","button_1_text":"","button_1_link":"","button_1_outline":true,"button_2_text":"","button_2_link":"","button_2_outline":false}},"6e4e4cd3-c0b1-4599-9e5f-cef73c69d948":{"type":"slide","settings":{"image":"shopify:\/\/shop_images\/Zonder_titel_1200_x_250_px_1200_x_150_px_1200_x_400_px_1200_x_450_px_1200_x_350_px_1800_x_350_px_1800_x_400_px.png","slide_link":"","video_background":false,"video":"https:\/\/www.youtube.com\/watch?v=_9VUPq3SxOc","subheading":"","heading":"Pure herbal ingredients","heading_size":"h2","content":"Discover the power of pure herbal ingredients for optimal intestinal health*. Experience natural benefits for healthy digestion and vital well-being.","description_size":"small","content_position":"middle-center","text_alignment":"center","content_size":"medium","overlay_color":"#000000","overlay_opacity":70,"overlay_gradient":"linear-gradient(180deg, rgba(0, 0, 0, 0.1), rgba(0, 0, 0, 0.4) 100%)","button_1_text":"","button_1_link":"","button_1_outline":false,"button_2_text":"","button_2_link":"","button_2_outline":false}},"c0fa7fa6-d2a2-4001-9481-5f3673da0f14":{"type":"slide","settings":{"image":"shopify:\/\/shop_images\/Zonder_titel_1200_x_250_px_1200_x_150_px_1200_x_400_px_1200_x_450_px_1200_x_350_px_1800_x_350_px_1800_x_400_px.png","slide_link":"","video_background":false,"video":"https:\/\/www.youtube.com\/watch?v=_9VUPq3SxOc","subheading":"","heading":"Ease your toilet visits","heading_size":"h2","content":"Goodbye tiresome toilet visits! Experience worry-free comfort with our fantastic solution. Enjoy effortless trips to the toilet and regain your ease.","description_size":"small","content_position":"middle-center","text_alignment":"center","content_size":"medium","overlay_color":"#000000","overlay_opacity":70,"overlay_gradient":"linear-gradient(180deg, rgba(0, 0, 0, 0.1), rgba(0, 0, 0, 0.4) 100%)","button_1_text":"","button_1_link":"","button_1_outline":false,"button_2_text":"","button_2_link":"","button_2_outline":false}}},"block_order":["template--19144188330318__4af37162-67cb-4d3e-9b7a-a8e396d8b7cb-168763223374982917-1","1065e784-b33a-4306-952a-1b61e16a4259","6e4e4cd3-c0b1-4599-9e5f-cef73c69d948","c0fa7fa6-d2a2-4001-9481-5f3673da0f14"],"disabled":true,"settings":{"desktop_height":"desktop-height-450","mobile_height":"mobile-height-auto","full_width":true,"autoplay":true,"autoplay_length":10,"transition":"swipe","disable_top_spacing":true,"disable_bottom_spacing":true}},"98b79928-2d40-410c-87c4-d1d591cb219a":{"type":"before-after-image","blocks":{"template--19506800034135__98b79928-2d40-410c-87c4-d1d591cb219a-image-1":{"type":"image","settings":{"image":"shopify:\/\/shop_images\/istockphoto-514646528-612x612.jpg","title":"Sanaa","heading_size":"h3","heading_position":"top","text_color":"#ffffff","overlay_color":"#000000","overlay_opacity":0}},"template--19506800034135__98b79928-2d40-410c-87c4-d1d591cb219a-image-2":{"type":"image","settings":{"image":"shopify:\/\/shop_images\/Zonder_titel_980_x_1000_px_900_x_1000_px_612_x_445_px_2.png","title":"Natalia","heading_size":"h3","heading_position":"top","text_color":"#ffffff","overlay_color":"#000000","overlay_opacity":0}}},"block_order":["template--19506800034135__98b79928-2d40-410c-87c4-d1d591cb219a-image-1","template--19506800034135__98b79928-2d40-410c-87c4-d1d591cb219a-image-2"],"disabled":true,"settings":{"heading":"Discover the Transformation: Experience Incredible Change within 30 Days with Flat Belly™!","heading_left":false,"description":"<p>Swipe to see the impressive transformations with Flat Belly™!<\/p>","desktop_height":"desktop-height-image","mobile_height":"mobile-height-image","full_width":true,"initial_position":50,"line_color":"#d966c6","disable_top_spacing":true,"disable_bottom_spacing":false}},"e5fb4b67-6ca5-4027-9085-b24473de7a47":{"type":"kopstorm-section-1","settings":{"background-color":"#edeae3","title":"Inside Flat Belly®","description":"Investigate the Source, Dosage, Form™","show-ingredient1":true,"heading":"Casara Sagrada","paragraph":"<p><strong>Source:<\/strong> North American Cascara Sagrada tree.<\/p><p><strong>Origin: <\/strong>Original Northwest: Cascara Sagrada, Sacred Bark Thrives.<\/p><p><strong>Benefits: <\/strong>Historical remedy cherished for digestive support.<\/p>","image":"shopify:\/\/shop_images\/Ontwerp_zonder_titel_-_2023-05-19T164516.734.png","show-ingredient2":true,"heading2":"Ginger","paragraph2":"<p><strong>Source: <\/strong>Ginger is derived from the rhizome of the Zingiber officinale plant.<\/p><p><strong>Origin: <\/strong>Ginger originated in Southeast Asia and is now cultivated in various parts of the world.<\/p><p><strong>Benefits:<\/strong> Ginger supports colon health by reducing inflammation, supporting digestion and promoting detoxification.<\/p>","image2":"shopify:\/\/shop_images\/Ontwerp_zonder_titel_-_2023-06-01T195455.688.png","show-ingredient3":true,"heading3":"Burdock Root","paragraph3":"<p><strong>Source: <\/strong>Burdock comes from the roots of the Burdock plant (Arctium lappa).<\/p><p><strong>Origin: <\/strong>Burdock has a long history of use in traditional Chinese and Ayurvedic medicine and is native to Europe and Asia..<\/p><p><strong>Benefits: <\/strong>Burdock is valued for its potential to cleanse and support colon health.<\/p>","image3":"shopify:\/\/shop_images\/Ontwerp_zonder_titel_-_2023-05-19T170902.766.png","show-ingredient4":true,"heading4":"Aloe Vera","paragraph4":"<p><strong>Source: <\/strong>Aloe Vera plant, known for its gel-filled leaves with numerous health benefits.<\/p><p><strong>Origin: <\/strong>Originating from the Arabian Peninsula, it is now cultivated worldwide for its medicinal and skin-care properties.<\/p><p><strong>Benefits: <\/strong>Aloe vera helps soothe and support the gut by reducing inflammation and promoting healthy digestion.<\/p>","image4":"shopify:\/\/shop_images\/Ontwerp_zonder_titel_-_2023-05-19T164158.959.png","show-ingredient5":false,"heading5":"Organic Ashwagandha","paragraph5":""}},"674829ae-dbfa-456c-8921-928718c60604":{"type":"kopstorm-section-2","blocks":{"9c6a076c-529e-4b02-b087-72f3ef94b28a":{"type":"Ingredient","settings":{"heading":"Burdock Root","paragraph":"<p><strong>Source: <\/strong>Burdock comes from the roots of the Burdock plant (Arctium lappa).<\/p><p><strong>Origin: <\/strong>Burdock has a long history of use in traditional Chinese and Ayurvedic medicine and is native to Europe and Asia..<\/p><p><strong>Benefits: <\/strong>Burdock is valued for its potential to cleanse and support colon health.<\/p>","image":"shopify:\/\/shop_images\/Ontwerp_zonder_titel_-_2023-05-19T170902.766.png"}},"cc92ac3b-15b9-491e-909e-b71d4b754834":{"type":"Ingredient","settings":{"heading":"Casara Sagrada","paragraph":"<p><strong>Source:<\/strong> North American Cascara Sagrada tree.<\/p><p><strong>Origin: <\/strong>Original Northwest: Cascara Sagrada, Sacred Bark Thrives.<\/p><p><strong>Benefits: <\/strong>Historical remedy cherished for digestive support.<\/p>","image":"shopify:\/\/shop_images\/Ontwerp_zonder_titel_-_2023-05-19T164516.734.png"}},"0f060a56-1209-461b-afba-31d6cf2e835b":{"type":"Ingredient","settings":{"heading":"Aloe Vera","paragraph":"<p><strong>Source: <\/strong>Aloe Vera plant, known for its gel-filled leaves with numerous health benefits.<\/p><p><strong>Origin: <\/strong>Originating from the Arabian Peninsula, it is now cultivated worldwide for its medicinal and skin-care properties.<\/p><p><strong>Benefits: <\/strong>Aloe vera helps soothe and support the gut by reducing inflammation and promoting healthy digestion.<\/p>","image":"shopify:\/\/shop_images\/Ontwerp_zonder_titel_-_2023-05-19T164158.959.png"}},"ef67ce4a-c07f-4c53-9f66-552f4160f357":{"type":"Ingredient","settings":{"heading":"Ginger","paragraph":"<p><strong>Source: <\/strong>Ginger is derived from the rhizome of the Zingiber officinale plant.<\/p><p><strong>Origin: <\/strong>Ginger originated in Southeast Asia and is now cultivated in various parts of the world.<\/p><p><strong>Benefits:<\/strong> Ginger supports colon health by reducing inflammation, supporting digestion and promoting detoxification.<\/p>","image":"shopify:\/\/shop_images\/Ontwerp_zonder_titel_-_2023-06-01T195455.688.png"}}},"block_order":["9c6a076c-529e-4b02-b087-72f3ef94b28a","cc92ac3b-15b9-491e-909e-b71d4b754834","0f060a56-1209-461b-afba-31d6cf2e835b","ef67ce4a-c07f-4c53-9f66-552f4160f357"],"settings":{"background-color":"#edeae3","title":"Inside Flat Belly®","description":"Investigate the Source, Dosage, Form™"}},"5b7e50f6-6634-4254-9a88-7f335eb0c0e2":{"type":"rich-text","blocks":{"template--19850995466583__5b7e50f6-6634-4254-9a88-7f335eb0c0e2-heading-1":{"type":"heading","settings":{"text":"Flat Belly Success Stories","size":"h4"}},"template--19850995466583__5b7e50f6-6634-4254-9a88-7f335eb0c0e2-text-1":{"type":"text","settings":{"text":"<p>Hear Directly from Customers in Our Latest Video Reviews!<\/p>","size":"text-size-regular"}}},"block_order":["template--19850995466583__5b7e50f6-6634-4254-9a88-7f335eb0c0e2-heading-1","template--19850995466583__5b7e50f6-6634-4254-9a88-7f335eb0c0e2-text-1"],"settings":{"section_width":"grid","text_width":"medium","text_position":"center","text_alignment":"center","color_bg":"rgba(0,0,0,0)","color_text":"#151515","color_links":"#151515","disable_top_spacing":false,"disable_bottom_spacing":true}},"1701254655718a9ec3":{"type":"apps","settings":{}},"1694764315924eb69f":{"type":"apps","settings":{}},"862181d3-4676-4452-b5d3-7d2c0c0e6f9f":{"type":"collapsible-content","blocks":{"template--19144188330318__862181d3-4676-4452-b5d3-7d2c0c0e6f9f-16876359208c5bac1b-0":{"type":"collapsible_tab","settings":{"heading":"Is Flat Belly safe?","open":false,"content":"<p>Flat Belly is 100% safe and uses natural ingredients to safely cleanse the body from the inside out.<\/p>","page":""}},"64b3a158-6287-461c-8a57-22ad72a3fedb":{"type":"collapsible_tab","settings":{"heading":"Is the Fat Belly Gut Detox suitable for both men and women?","open":false,"content":"<p>Yes, the Fat Belly Gut Detox is suitable for both men and women. This gut detox is designed to enhance overall health and assist in achieving a flatter stomach, regardless of gender. Its aim is to optimize gut health and provide the same beneficial effect for both men and women.<\/p>","page":""}},"template--19144188330318__862181d3-4676-4452-b5d3-7d2c0c0e6f9f-16876359208c5bac1b-1":{"type":"collapsible_tab","settings":{"heading":"Is it true that Flat Belly can help you lose weight?","open":false,"content":"<p>Absolutely! Most of our customers see an almost immediate flattening of the abdomen as a result of excreting accumulated waste and reducing bloating and fluid retention.<\/p>","page":""}},"template--19144188330318__862181d3-4676-4452-b5d3-7d2c0c0e6f9f-16876359208c5bac1b-2":{"type":"collapsible_tab","settings":{"heading":"How long can I use Flat Belly?","open":false,"content":"<p>The Flat Belly is for thirty days. After 30 days, we recommend a two-week break before using the cleanse again.<\/p>","page":""}},"template--19144188330318__862181d3-4676-4452-b5d3-7d2c0c0e6f9f-16876359208c5bac1b-3":{"type":"collapsible_tab","settings":{"heading":"Does Flat Belly help remove toxins?","open":false,"content":"<p>It is widely believed that the body carries between 5 and 20 pounds of excess waste in your intestines at all times. Any toxins that may result from food, water or the environment and can accumulate in the intestines. In our opinion, it is important to excrete them faster to keep the body at peak performance.<\/p>","page":""}},"template--19144188330318__862181d3-4676-4452-b5d3-7d2c0c0e6f9f-16876359208c5bac1b-4":{"type":"collapsible_tab","settings":{"heading":"Will Flat Belly make me feel better mentally and physically?","open":false,"content":"<p>Absolutely! Flat Belly helps remove toxins and build them out of the body naturally. Your gut health is extremely important and this is where most of your immune system cells and neurotransmitters are made. When you improve gut health, you can expect to feel NOTHING better physically and mentally. You should feel sharper, less tired and have an overall sense of improvement for your well-being throughout the day.<\/p>","page":""}},"21d71794-2ddf-457a-b406-01d9c000fc33":{"type":"collapsible_tab","settings":{"heading":"Is it safe to use Flat Belly during pregnancy or breastfeeding?","open":false,"content":"<p>Flat Belly is not recommended for use during pregnancy or lactation. Although ginger, aloe vera and Burdock are generally considered safe for consumption during pregnancy and lactation, Cascara and Senna Leaf are known to have laxative effects and can cause contractions in the uterus.These effects can potentially harm the developing foetus or nursing baby, and therefore it is not recommended to use Flat Belly during pregnancy or lactation.<\/p>","page":""}},"4576634f-8ea3-400e-b0d7-3d5ea325c2e9":{"type":"collapsible_tab","settings":{"heading":"Can children use the Flat Belly product?","open":false,"content":"<p>No, we do not recommend using our Flat Belly-Colon Cleanse product for children under the age of 18. Our product contains a potent mix of natural ingredients, including aloe vera, ginger, burdock, cascara and senna, which may be too strong for young children.<\/p>","page":""}},"1081d08f-43b9-4ef7-8b6a-58e2e8ec8596":{"type":"collapsible_tab","settings":{"heading":"Can I take the Flat Belly in powder form instead of capsules?","open":false,"content":"<p>Our Flat Belly product is currently only available in capsule form. However, you can easily open the capsules and mix the powder with water, juice, a smoothie or any other drink of your choice. We recommend using the product with a full glass of water to ensure proper hydration and to help flush the body out of toxins. If you have any concerns or questions about the best way to use our colon cleanse product, please do not hesitate to contact us.<\/p>","page":""}},"11e7a9f5-5853-44fb-beca-b78e4b7b6ae4":{"type":"collapsible_tab","settings":{"heading":"Should I take 2 capsules every time before bed, or can I also take 1?","open":false,"content":"<p>Our recommended dosage is 2 capsules before bed, but you can take up to 3 capsules a day if needed. However, it is best to start with one capsule a day and work your way up to find the optimal dosage that provides the desired benefits for you. The effects can vary from person to person, so it is important to find what works best for you.<\/p>","page":""}},"15666c27-0f10-4803-87db-aaadac0fd4b5":{"type":"collapsible_tab","settings":{"heading":"Will Flat Belly only help me lose weight in my belly or in my whole body?","open":false,"content":"<p>The Flat Belly product can help promote weight loss throughout the body, not just in the abdomen. The ingredients in the product support healthy digestion and elimination, which can lead to overall weight loss and a slimmer appearance.<\/p>","page":""}}},"block_order":["template--19144188330318__862181d3-4676-4452-b5d3-7d2c0c0e6f9f-16876359208c5bac1b-0","64b3a158-6287-461c-8a57-22ad72a3fedb","template--19144188330318__862181d3-4676-4452-b5d3-7d2c0c0e6f9f-16876359208c5bac1b-1","template--19144188330318__862181d3-4676-4452-b5d3-7d2c0c0e6f9f-16876359208c5bac1b-2","template--19144188330318__862181d3-4676-4452-b5d3-7d2c0c0e6f9f-16876359208c5bac1b-3","template--19144188330318__862181d3-4676-4452-b5d3-7d2c0c0e6f9f-16876359208c5bac1b-4","21d71794-2ddf-457a-b406-01d9c000fc33","4576634f-8ea3-400e-b0d7-3d5ea325c2e9","1081d08f-43b9-4ef7-8b6a-58e2e8ec8596","11e7a9f5-5853-44fb-beca-b78e4b7b6ae4","15666c27-0f10-4803-87db-aaadac0fd4b5"],"settings":{"heading":"FAQs","description":"","uppercase_heading":false,"disable_top_spacing":false,"disable_bottom_spacing":true}},"cfbf0b99-34c1-466d-ba31-d5ac9c5a5cb9":{"type":"multicolumn","blocks":{"template--19144188330318__cfbf0b99-34c1-466d-ba31-d5ac9c5a5cb9-1687636829feb865c0-0":{"type":"column","settings":{"image":"shopify:\/\/shop_images\/Ontwerp_zonder_titel_75.jpg","image_full_width":false,"retina":false,"title":"","text":"","link_label":"","link":""}},"template--19144188330318__cfbf0b99-34c1-466d-ba31-d5ac9c5a5cb9-1687636829feb865c0-1":{"type":"column","settings":{"image":"shopify:\/\/shop_images\/Ontwerp_zonder_titel_73.jpg","image_full_width":false,"retina":true,"title":"","text":"","link_label":"","link":""}},"template--19144188330318__cfbf0b99-34c1-466d-ba31-d5ac9c5a5cb9-1687636829feb865c0-2":{"type":"column","settings":{"image":"shopify:\/\/shop_images\/Ontwerp_zonder_titel_74.jpg","image_full_width":false,"retina":true,"title":"","text":"","link_label":"","link":""}},"template--19144188330318__cfbf0b99-34c1-466d-ba31-d5ac9c5a5cb9-1687636829feb865c0-3":{"type":"column","settings":{"image":"shopify:\/\/shop_images\/opgeblazen_2.png","image_full_width":false,"retina":true,"title":"","text":"","link_label":"","link":""}}},"block_order":["template--19144188330318__cfbf0b99-34c1-466d-ba31-d5ac9c5a5cb9-1687636829feb865c0-0","template--19144188330318__cfbf0b99-34c1-466d-ba31-d5ac9c5a5cb9-1687636829feb865c0-1","template--19144188330318__cfbf0b99-34c1-466d-ba31-d5ac9c5a5cb9-1687636829feb865c0-2","template--19144188330318__cfbf0b99-34c1-466d-ba31-d5ac9c5a5cb9-1687636829feb865c0-3"],"settings":{"heading":"Loved and used worldwide","heading_left":false,"description":"<p>With over <strong>100,000 jars sold worldwide<\/strong> Jennah Organics® has helped thousands of people get their health back on track through natural herbs that have been used for thousands of years for various health purposes.<\/p>","full_width":true,"display_type":"grid","image_ratio":"adapt","columns_desktop":4,"text_alignment":"left","heading_size":"h5","mobile_swipe":true,"show_progress_bar":true,"disable_top_spacing":false,"disable_bottom_spacing":false}},"product-recommendations":{"type":"product-recommendations","disabled":true,"settings":{"heading":"Anderen kochten ook","heading_left":true,"description":"","full_width":true,"mobile_swipe":true,"disable_top_spacing":true,"disable_bottom_spacing":true}}},"order":["breadcrumbs","main-product","521bd027-3516-40ea-bfcd-dfccab7a076a","dc0f5ca2-c4f1-4c9d-88f6-44288f39ab74","6b302745-ac99-4947-9256-3a09d3ce48f7","4af37162-67cb-4d3e-9b7a-a8e396d8b7cb","98b79928-2d40-410c-87c4-d1d591cb219a","e5fb4b67-6ca5-4027-9085-b24473de7a47","674829ae-dbfa-456c-8921-928718c60604","5b7e50f6-6634-4254-9a88-7f335eb0c0e2","1701254655718a9ec3","1694764315924eb69f","862181d3-4676-4452-b5d3-7d2c0c0e6f9f","cfbf0b99-34c1-466d-ba31-d5ac9c5a5cb9","product-recommendations"]}