{"sections":{"breadcrumbs":{"type":"breadcrumbs","settings":{}},"main-product":{"type":"main-product","blocks":{"7d598c40-a18a-46d4-9dce-2dcbad10c43c":{"type":"custom_liquid","settings":{"custom_liquid":"<div style=\"margin-bottom: 15px;\" class=\"desktop-trust\">\n  \n<div style=\"display:flex; flex-direction: row; gap: 10px;\">\n<img style=\"width:100px;\" src=\"https:\/\/cdn.shopify.com\/s\/files\/1\/0554\/5453\/1633\/files\/stars_1.svg?v=1671197306\">\n<a style=\"text-decoration: none; color: #3a251f; font-size:16px;\" href=\"#trustpilot-banner\"><span><ls-static-556480>View recent<\/ls-static-556480> <span style=\"text-decoration:underline;\"><ls-static-790007>reviews.<\/ls-static-790007><\/span><\/span><\/a>\n<\/div>\n  \n<\/div>\n\n<div style=\"margin-bottom: 15px;\" class=\"mobile-trust\">\n\n<div style=\"display:flex; flex-direction: row; gap: 10px;\">\n<img style=\"width:100px;\" src=\"https:\/\/cdn.shopify.com\/s\/files\/1\/0554\/5453\/1633\/files\/stars_1.svg?v=1671197306\">\n<a style=\"text-decoration: none; color: #3a251f; font-size:16px;\" href=\"#trustpilot-banner-mobile\"><span><ls-static-343772>View recent<\/ls-static-343772> <span style=\"text-decoration:underline;\"><ls-static-330837>reviews.<\/ls-static-330837><\/span><\/span><\/a>\n<\/div>\n\n<\/div>\n\n<style>\n  .mobile-trust {\n    display: none;\n  }\n  .desktop-trust {\n    display: block;\n  }\n@media screen and (max-width: 767px) {\n  .mobile-trust {\n    display: block;\n  }\n  .desktop-trust {\n    display: none;\n  }\n}\n<\/style>"}},"58ad45ab-6593-4428-a9ed-b7ef4861f403":{"type":"custom_liquid","settings":{"custom_liquid":"{% render 'kopstorm-snippet-1' %}"}},"title":{"type":"title","settings":{"uppercase":true,"show_products_rating":false}},"a8a1e208-7bfe-46cf-be7b-6f230a85ff83":{"type":"text","settings":{"text":"Discover Libido Boost - Tongkat Ali: a potent supplement that blends natural ingredients, such as Tongkat Ali and Maca, to enhance your energy, focus, sexual function, and overall health.","text_style":"style_body"}},"f0d9a32b-a510-48f9-a111-bae7ec904d43":{"type":"checkmark","settings":{"checkmark-tekst":"<b>30-day money back guarantee<\/b>","checkmark-color":"#2e3192","top-margin":10,"bottom-margin":10}},"fe5e189b-a30d-4a43-a64f-e76ae47ff5ee":{"type":"checkmark","settings":{"checkmark-tekst":"<b>Delivered within 2 days<\/b>","checkmark-color":"#000000","top-margin":15,"bottom-margin":15}},"46d4765d-742b-43ac-8487-796a1243b987":{"type":"checkmark","settings":{"checkmark-tekst":"<b>Free shipping from £99<\/b>","checkmark-color":"#000000","top-margin":15,"bottom-margin":15}},"9857908c-28ae-4b8a-843d-a73950421d74":{"type":"checkmark","settings":{"checkmark-tekst":"<b>Vegan, Organic, Gluten-free<\/b>","checkmark-color":"#000000","top-margin":15,"bottom-margin":33}},"0b3e272b-c86a-4dba-946c-c6912251371c":{"type":"description","disabled":true,"settings":{}},"45759a07-51f7-4760-92b6-8895071e5432":{"type":"variant_picker","settings":{"picker_type":"button","color_picker":true,"variant_is_disabled":true,"sizing_guide_text":"Sizing guide","sizing_guide_icon":"ruler","sizing_guide_page":""}},"buy_buttons":{"type":"buy_buttons","settings":{"show_quantity_selector":true,"show_dynamic_checkout":false,"show_gift_card_recipient":false}},"f3674f15-8e45-45d7-8d31-eeda74b909de":{"type":"custom_liquid","settings":{"custom_liquid":"{% render 'kopstorm-snippet-2' %}"}},"95b7e00a-0453-4eb0-9cf0-1dae84d8b822":{"type":"side_panel","settings":{"side_panel_1_label":"","side_panel_1_icon":"none","side_panel_1_content":"<p><strong>**Effectieve Darmreiniging voor Optimale Spijsvertering en Gewichtsverlies**<\/strong><br\/><br\/>Spoel Toxines en Afvalstoffen weg met de Kracht van Flat Belly®. Ervaar de Effectieve Reinigingskracht van Flat Belly terwijl het* Toxines en Afvalstoffen uit je Darmen Spoelt, wat zorgt voor een Betere Spijsvertering en Sneller Gewichtsverlies.<br\/><br\/><strong>**Vaarwel Opgeblazen Gevoel en Obstipatie**<\/strong><br\/><br\/>Zeg Dag tegen Problemen met Opgeblazen Gevoel en Obstipatie en Verwelkom een Plattere en Getonede Buik met de Krachtige Formule van Flat Belly®.<br\/><br\/><strong>**Veilige en Zachte Reiniging met Natuurlijke Ingrediënten**<\/strong><br\/><br\/>Een Zachte en Comfortabele Reinigingservaring. Geniet van een Comfortabele en Effectieve Reinigingservaring met Flat Belly® dankzij de Natuurlijke Ingrediënten die Veilig en Zacht zijn voor je Lichaam.<br\/><br\/><strong>**Omarm de Voordelen van een Gezondere Darm**<\/strong><br\/><br\/>Ontdek de Transformatieve Voordelen van een Gezondere Darm, Verbeterde Spijsvertering en Versterkt Gewichtsverlies met Flat Belly®. Ervaar het Verschil met Flat Belly en Begin Vandaag nog aan je Reis naar een Slanker en Gezonder Lichaam.<\/p>","side_panel_1_page":"","side_panel_2_label":"Voordelen","side_panel_2_icon":"none","side_panel_2_content":"<p><strong>Hair Growth: Weelderige Haargroei en Meer!<\/strong><\/p><ol><li>Dikker, Voller Haar<\/li><li>Sterke Lokken en Wortels<\/li><li>Natuurlijke Groeiboost<\/li><li>Gezonde Haargroei<\/li><li>Stralend en Glanzend<\/li><li>Plantaardige Kracht en Vitaliteit<\/li><\/ol>","side_panel_2_page":"shipping","side_panel_3_label":"","side_panel_3_icon":"none","side_panel_3_content":"<p><strong>Deze speciale kruidenmix zorgt ervoor dat je je lichter voelt na 6-12 uur gebruik van de Colon Cleanse<\/strong><\/p><ul><li>Aloë vera (Aloë vera, Latex) Aloë vera helpt de darmflora in evenwicht te brengen. Het is nuttig in gevallen van prikkelbare darmsyndroom en is een laxeermiddel waarvan bekend is dat het helpt parasieten uit het spijsverteringskanaal te verdrijven.<br\/><\/li><li>Senna (Senna alexandrina, Leaf) Senna bevat antrachinon, dat bekend staat om zijn krachtige laxerende werking. Deze antrachinonen zijn ook zeer effectief in het reinigen van de dikke darm, wat niet alleen uitstekend is voor het ontgiften van het spijsverteringsstelsel, maar ook voor het voorbereiden van de dikke darm op procedures zoals een colonoscopie.<br\/><\/li><li>Kles (Kles extract) Kles wortel bevat inuline, een oplosbare en prebiotische vezel die helpt de spijsvertering te verbeteren. Inuline werkt als voedsel voor gezonde darmbacteriën en helpt ontstekingen te reguleren en gifstoffen uit het lichaam te verwijderen.<br\/><\/li><li>Cascara (Rhamnus purshiana oude schors) De actieve ingrediënten van Cascara Sagrada stimuleren de darmwand en verlichten een trage dikke darm. De combinatie van zowel psyllium (als bulkmiddel) als Cascara (als stimulerend laxeermiddel) is essentieel voor een effectief darmreinigingsprogramma.<br\/><\/li><li>Gember (Zingiber) Gember wordt gebruikt in de meeste ontgiftingsprogramma's omdat het het lichaam reinigt door spijsvertering, circulatie en zweten te stimuleren. De spijsvertering dient om de ophoping van afval en gifstoffen in de dikke darm, lever en andere organen te reinigen.<br\/><strong><br\/>Alle ingrediënten zijn (Biologisch, Glutenvrij, Veganistisch)<\/strong><\/li><\/ul>","side_panel_3_page":"care-guide"}},"1ceb3c75-ea55-49c5-a3cf-a8beb3af5f06":{"type":"collapsible_tab","disabled":true,"settings":{"heading":"Reviews","open":true,"content":"","page":""}}},"block_order":["7d598c40-a18a-46d4-9dce-2dcbad10c43c","58ad45ab-6593-4428-a9ed-b7ef4861f403","title","a8a1e208-7bfe-46cf-be7b-6f230a85ff83","f0d9a32b-a510-48f9-a111-bae7ec904d43","fe5e189b-a30d-4a43-a64f-e76ae47ff5ee","46d4765d-742b-43ac-8487-796a1243b987","9857908c-28ae-4b8a-843d-a73950421d74","0b3e272b-c86a-4dba-946c-c6912251371c","45759a07-51f7-4760-92b6-8895071e5432","buy_buttons","f3674f15-8e45-45d7-8d31-eeda74b909de","95b7e00a-0453-4eb0-9cf0-1dae84d8b822","1ceb3c75-ea55-49c5-a3cf-a8beb3af5f06"],"settings":{"social-proof-box":false,"social-proof-box-text":"<p><em>\"In de begin was ik skeptisch, maar nu,<\/em><em><strong> na slechts 2 weken, kan ik met zekerheid zeggen dat mijn haar dikker is geworden en er al veel nieuwe babyhaartjes groeien! <\/strong><\/em><em>- Sabina V.\"<\/em><\/p>","title-1":"Zeer aanbevolen!!","review-1":"Ik dacht dat ik een extra boost nodig had voor mijn huid, haar en nagels. Ik heb een aanzienlijke verbetering opgemerkt sinds ik het begon te nemen.","name-1":"Daniel","title-2":"Beste biotine voor je geld","review-2":"Ik neem deze biotine dagelijks voor ongeveer drie maanden en mijn nagels zijn nog nooit zo snel en sterker gegroeid als nu.","name-2":"Lydia","title-3":"Geweldig voor haargroei","review-3":"Ik neem deze capsules al jaren voor mijn haar. Het zal niet teleurstellen. Ik word niet betaald voor deze review, want het werkt echt.","name-3":"Jennifer","title-4":"Groei","review-4":"Dit product is een wonder, ik vind het geweldig. Mijn oogwimpers groeien en mijn haar groeit","name-4":"Que","title-5":"Haar, nagels en huid","review-5":"Sinds het gebruik van Biotine groeien mijn nagels en haar als een gek. Vroeger waren mijn nagels zacht en breken ze gemakkelijk, nu zijn ze hard en groeit een volledige set zo snel. Mijn haar is voorbij de breeklengte en groeit nog steeds.","name-5":"Diana","title-6":"Geweldig product!","review-6":"Geweldig voor het groeien haar en het verbeteren van de huid. Dit is een betrouwbaar merk dat ik zal blijven gebruiken.","name-6":"Roos","title-7":"Zeer aanbevolen","review-7":"Ik gebruik de hairgrowth maar een week lang en ik kan nu al resultaten zien. Mijn haar is sterker en glanzend. Ik kom zeker terug !!!","name-7":"Stephanie","title-8":"Biotine 10000mg","review-8":"Ik hou van dit product omdat het mijn nagels harder maakt dan als ik niets gebruikte. Mijn nagels zijn broos en zwak, dus ik moet een soort Biotin hebben om ze sterk te houden.","name-8":"Susan","title-9":"Geweldig product","review-9":"Ik koop deze product al jaren. Mijn haar en nagels groeien als een gek. Zal blijven gebruiken.","name-9":"Donna","full_width":true,"enable_sticky_info":false,"enable_sticky_add_to_cart":true,"show_taxes_included":false,"media_layout":"collage","display_slider_pagination":true,"media_aspect_ratio":"adapt","display_captions":true,"hide_variants":true,"lightbox":false,"enable_video_looping":false}},"521bd027-3516-40ea-bfcd-dfccab7a076a":{"type":"text-with-icons","blocks":{"template--19144188330318__521bd027-3516-40ea-bfcd-dfccab7a076a-16876311672264bb7c-0":{"type":"icon","settings":{"icon":"none","image":"shopify:\/\/shop_images\/Bestel_nu_betaal_later_100_x_100_px_27.png","heading":"HAAR & NAGELS","text":"<p>Bevordert dikkere, vollere haren en versterkte nagels<\/p>"}},"template--19144188330318__521bd027-3516-40ea-bfcd-dfccab7a076a-16876311672264bb7c-1":{"type":"icon","settings":{"icon":"ruler","image":"shopify:\/\/shop_images\/Bestel_nu_betaal_later_100_x_100_px_26.png","heading":"STRALENDE HUID","text":"<p>Verjongt de huid door rimpels te bestrijden en de huidelasticiteit te verbeteren<\/p>"}},"template--19144188330318__521bd027-3516-40ea-bfcd-dfccab7a076a-16876311672264bb7c-2":{"type":"icon","settings":{"icon":"ruler","image":"shopify:\/\/shop_images\/Bestel_nu_betaal_later_100_x_100_px_25.png","heading":"ALGEHELE GEZONDHEID","text":"<p>Versterkt botten en bevordert een gezonde gloed voor een vitaal gevoel<\/p>"}}},"block_order":["template--19144188330318__521bd027-3516-40ea-bfcd-dfccab7a076a-16876311672264bb7c-0","template--19144188330318__521bd027-3516-40ea-bfcd-dfccab7a076a-16876311672264bb7c-1","template--19144188330318__521bd027-3516-40ea-bfcd-dfccab7a076a-16876311672264bb7c-2"],"settings":{"text_alignment":"left","icon_position":"left","icon_size":"large","heading_size":"small","mobile_swipe":true,"color_bg":"#eceade","color_heading":"#2e2930","color_text":"#151515","disable_top_spacing":true,"disable_bottom_spacing":true}},"4af37162-67cb-4d3e-9b7a-a8e396d8b7cb":{"type":"slideshow","blocks":{"template--19144188330318__4af37162-67cb-4d3e-9b7a-a8e396d8b7cb-168763223374982917-1":{"type":"slide","settings":{"slide_link":"","video_background":false,"video":"https:\/\/www.youtube.com\/watch?v=_9VUPq3SxOc","subheading":"","heading":"Volumineuze Pracht","heading_size":"h2","content":"Ontdek de magie van dikker, weelderiger haar voor een verbluffende verschijning","description_size":"small","content_position":"middle-center","text_alignment":"center","content_size":"medium","overlay_color":"#000000","overlay_opacity":0,"overlay_gradient":"linear-gradient(180deg, rgba(0, 0, 0, 0.1), rgba(0, 0, 0, 0.4) 100%)","button_1_text":"","button_1_link":"","button_1_outline":false,"button_2_text":"","button_2_link":"","button_2_outline":false}},"1065e784-b33a-4306-952a-1b61e16a4259":{"type":"slide","settings":{"slide_link":"","video_background":false,"video":"https:\/\/www.youtube.com\/watch?v=_9VUPq3SxOc","subheading":"","heading":"Duurzame Veerkracht","heading_size":"h2","content":"Versterkt en beschermt je haar tegen breuk, waardoor het gezond en veerkrachtig blijft","description_size":"small","content_position":"middle-center","text_alignment":"center","content_size":"medium","overlay_color":"#000000","overlay_opacity":70,"overlay_gradient":"linear-gradient(180deg, rgba(0, 0, 0, 0.1), rgba(0, 0, 0, 0.4) 100%)","button_1_text":"","button_1_link":"","button_1_outline":true,"button_2_text":"","button_2_link":"","button_2_outline":false}},"6e4e4cd3-c0b1-4599-9e5f-cef73c69d948":{"type":"slide","settings":{"image":"shopify:\/\/shop_images\/Zonder_titel_1200_x_250_px_1200_x_150_px_1200_x_200_px_1200_x_250_px.png","slide_link":"","video_background":false,"video":"https:\/\/www.youtube.com\/watch?v=_9VUPq3SxOc","subheading":"","heading":"Natuurlijke Glans","heading_size":"h2","content":"Geniet van een stralende glans en levendigheid die de aandacht trekt","description_size":"small","content_position":"middle-center","text_alignment":"center","content_size":"medium","overlay_color":"#000000","overlay_opacity":70,"overlay_gradient":"linear-gradient(180deg, rgba(0, 0, 0, 0.1), rgba(0, 0, 0, 0.4) 100%)","button_1_text":"","button_1_link":"","button_1_outline":false,"button_2_text":"","button_2_link":"","button_2_outline":false}}},"block_order":["template--19144188330318__4af37162-67cb-4d3e-9b7a-a8e396d8b7cb-168763223374982917-1","1065e784-b33a-4306-952a-1b61e16a4259","6e4e4cd3-c0b1-4599-9e5f-cef73c69d948"],"disabled":true,"settings":{"desktop_height":"desktop-height-image","mobile_height":"mobile-height-auto","full_width":true,"autoplay":true,"autoplay_length":5,"transition":"swipe","disable_top_spacing":true,"disable_bottom_spacing":true}},"e5fb4b67-6ca5-4027-9085-b24473de7a47":{"type":"kopstorm-section-1","settings":{"background-color":"#edeae3","title":"Binnenin Hair Growth®","description":"Onderzoek de Bron, Dosering, Vorm™","show-ingredient1":true,"heading":"Acerolabes","paragraph":"<p><strong>Bron:<\/strong> Natuurlijke bron van vitamine C, afkomstig van de acerolabes.<\/p><p><strong>Oorsprong:<\/strong> Gewonnen uit de kleine, felgekleurde acerolabessen, die groeien aan de acerolaboom (Malpighia emarginata).<\/p><p><strong>Voordeel:<\/strong> Versterkt het immuunsysteem, ondersteunt collageenproductie, en beschermt cellen tegen oxidatieve stress door de hoge concentratie vitamine C, een krachtige antioxidant.<\/p><p><\/p>","image":"shopify:\/\/shop_images\/Ontwerp_zonder_titel_-_2023-08-16T185833.601.png","show-ingredient2":true,"heading2":"Bamboe Silica","paragraph2":"<p><strong>Bron:<\/strong> Natuurlijke bron van bamboe silica, afkomstig van de bamboeplant.<\/p><p><strong>Oorsprong:<\/strong> Gewonnen uit de stengels van bamboe, een duurzaam en veel voorkomend plantengeslacht.<\/p><p><strong>Voordeel:<\/strong> Versterkt haar en nagels, bevordert collageenproductie en draagt bij aan een gezonde huid, dankzij de rijke bron van silica die essentieel is voor het behoud van structuur en elasticiteit van bindweefsels<\/p>","image2":"shopify:\/\/shop_images\/Ontwerp_zonder_titel_-_2023-08-16T185813.420.png","show-ingredient3":false,"heading3":"bamboe silica","paragraph3":"<p><strong>Bron:<\/strong> Natuurlijke bron van bamboe silica, afkomstig van de bamboeplant.<\/p><p><strong>Oorsprong:<\/strong> Gewonnen uit de stengels van bamboe, een duurzaam en veel voorkomend plantengeslacht.<\/p><p><strong>Voordeel:<\/strong> Versterkt haar en nagels, bevordert collageenproductie en draagt bij aan een gezonde huid, dankzij de rijke bron van silica die essentieel is voor het behoud van structuur en elasticiteit van bindweefsels.<\/p>","image3":"shopify:\/\/shop_images\/Ontwerp_zonder_titel_-_2023-05-19T170902.766.png","show-ingredient4":false,"heading4":"Aloe Vera","paragraph4":"<p><strong>Bron: <\/strong>Aloë Vera plant, bekend om zijn gelgevulde bladeren met tal van gezondheidsvoordelen.<\/p><p><strong>Oorsprong: <\/strong>Hij komt uit het Arabische schiereiland, maar wordt nu wereldwijd gekweekt vanwege zijn medicinale en huidverzorgende eigenschappen.<\/p><p><strong>Voordelen: <\/strong>Aloë vera helpt de darm te kalmeren en te ondersteunen door ontstekingen te verminderen en een gezonde spijsvertering te bevorderen.<\/p>","image4":"shopify:\/\/shop_images\/Ontwerp_zonder_titel_-_2023-05-19T164158.959.png","show-ingredient5":false,"heading5":"Organic Ashwagandha","paragraph5":""}},"e93b4122-3384-42a8-a501-446494a076df":{"type":"image-with-text","blocks":{"template--19144188330318__e93b4122-3384-42a8-a501-446494a076df-1687632013348b44b3-1":{"type":"heading","settings":{"text":"Hoe te gebruiken?","heading_size":"h3"}},"template--19144188330318__e93b4122-3384-42a8-a501-446494a076df-1687632013348b44b3-2":{"type":"text","settings":{"text":"<p>1. Neem dagelijks één capsule met een glas water tijdens de maaltijd.<\/p><p>2. Gebruik dagelijks gedurende min 30 dagen voor maximale resultaten<\/p><p>3. Geniet van sterker, dikker haar, minder haarverlies en gezonde groei.<\/p><p>4. Je zult ook merken dat je huid een stralende gloed heeft, bovendien produceert silica ook collageen, wat resulteert in stevere huid en jeugdige veerkracht.<\/p>"}}},"block_order":["template--19144188330318__e93b4122-3384-42a8-a501-446494a076df-1687632013348b44b3-1","template--19144188330318__e93b4122-3384-42a8-a501-446494a076df-1687632013348b44b3-2"],"settings":{"use_video":false,"video":"https:\/\/www.youtube.com\/watch?v=_9VUPq3SxOc","video_autoplay":true,"video_controls":true,"height":"adapt","desktop_image_width":"medium","section_width":"full-width-row","layout":"image_first","content_position":"text-left","color_bg":"#fafaf8","color_text":"#151515","color_border":"#e2e2e2","disable_top_spacing":false,"disable_bottom_spacing":false}},"674829ae-dbfa-456c-8921-928718c60604":{"type":"kopstorm-section-2","blocks":{"7773b99c-e3c6-4bbd-aa7a-5d9a471ead93":{"type":"Ingredient","settings":{"heading":"Organic Ashwagandha","paragraph":""}}},"block_order":["7773b99c-e3c6-4bbd-aa7a-5d9a471ead93"],"disabled":true,"settings":{"background-color":"#edeae3","title":"Jennah Organics®","description":"Ontdek de schoonheid van arganolie™"}},"862181d3-4676-4452-b5d3-7d2c0c0e6f9f":{"type":"collapsible-content","blocks":{"template--19144188330318__862181d3-4676-4452-b5d3-7d2c0c0e6f9f-16876359208c5bac1b-0":{"type":"collapsible_tab","settings":{"heading":"Is Flat Belly veilig?","open":false,"content":"<p>Flat Belly is 100% veilig en gebruikt natuurlijke ingrediënten om het lichaam veilig van binnenuit te reinigen.<\/p>","page":""}},"template--19144188330318__862181d3-4676-4452-b5d3-7d2c0c0e6f9f-16876359208c5bac1b-1":{"type":"collapsible_tab","settings":{"heading":"Is het waar dat Flat Belly je kan helpen afvallen?","open":false,"content":"<p>Absoluut! De meeste van onze klanten zien een bijna onmiddellijke afvlakking van de buik als gevolg van het afscheiden van opgehoopt afval en het verminderen van opgeblazen gevoel en vochtretentie.<\/p>","page":""}},"template--19144188330318__862181d3-4676-4452-b5d3-7d2c0c0e6f9f-16876359208c5bac1b-2":{"type":"collapsible_tab","settings":{"heading":"Hoe lang kan ik Flat Belly gebruiken?","open":false,"content":"<p>De Flat Belly is voor dertig dagen. Na 30 dagen raden wij u aan om twee weken pauze te nemen voordat u de cleanse opnieuw gebruikt.<\/p>","page":""}},"template--19144188330318__862181d3-4676-4452-b5d3-7d2c0c0e6f9f-16876359208c5bac1b-3":{"type":"collapsible_tab","settings":{"heading":"Helpt Flat Belly gifstoffen te verwijderen?","open":false,"content":"<p>Er wordt algemeen aangenomen dat het lichaam te allen tijde tussen de 5 en 20 pond overtollig afval in uw darmen draagt. Alle gifstoffen die kunnen voortvloeien uit voedsel, water of het milieu en kunnen zich ophopen in de darmen. Naar onze mening is het belangrijk om ze sneller uit te scheiden om het lichaam op topprestaties te houden.<\/p>","page":""}},"template--19144188330318__862181d3-4676-4452-b5d3-7d2c0c0e6f9f-16876359208c5bac1b-4":{"type":"collapsible_tab","settings":{"heading":"Zal Flat Belly ervoor zorgen dat ik me mentaal en fysiek beter voel?","open":false,"content":"<p>Absoluut! Flat Belly helpt gifstoffen te verwijderen en ze op natuurlijke wijze uit het lichaam op te bouwen. Uw darmgezondheid is uiterst belangrijk en dit is waar de meeste cellen van uw immuunsysteem en neurotransmitters worden gemaakt. Wanneer je de darmgezondheid verbetert, kun je verwachten dat je je fysiek en mentaal NIETS beter voelt. Je moet je scherper, minder vermoeid voelen en een algeheel gevoel van verbetering hebben voor je welzijn gedurende de dag.<\/p>","page":""}},"21d71794-2ddf-457a-b406-01d9c000fc33":{"type":"collapsible_tab","settings":{"heading":"Is het veilig om Flat Belly te gebruiken tijdens de zwangerschap of borstvoeding?","open":false,"content":"<p>Het wordt niet aanbevolen om een ​​platte buik te gebruiken tijdens zwangerschap of borstvoeding. Hoewel gember, aloë vera en Burdock over het algemeen als veilig worden beschouwd voor consumptie tijdens zwangerschap en borstvoeding, is bekend dat Cascara en Senna Leaf laxatieve effecten hebben en contracties in de baarmoeder kunnen veroorzaken.<\/p><p>Deze effecten kunnen mogelijk schadelijk zijn voor de zich ontwikkelende foetus of verpleegkundige baby, en daarom wordt het niet aanbevolen om een ​​platte buik te gebruiken tijdens de zwangerschap of borstvoeding.<\/p>","page":""}},"4576634f-8ea3-400e-b0d7-3d5ea325c2e9":{"type":"collapsible_tab","settings":{"heading":"Kunnen kinderen het Flat Belly-product gebruiken?","open":false,"content":"<p>Nee, wij raden het gebruik van ons Flat Belly-Colon Cleanse product af voor kinderen jonger dan 18-jarig. Ons product bevat een krachtige mix van natuurlijke ingrediënten, waaronder aloë vera, gember, klis, cascara en senna, die te sterk kunnen zijn voor jonge kinderen.<\/p>","page":""}},"1081d08f-43b9-4ef7-8b6a-58e2e8ec8596":{"type":"collapsible_tab","settings":{"heading":"Kan ik de Flat Belly in poedervorm in plaats van capsules nemen?","open":false,"content":"<p>Onze Flat Belly product is momenteel alleen beschikbaar in capsule vorm. U kunt de capsules echter gemakkelijk openen en het poeder mengen met water, sap, een smoothie of een ander drankje van uw keuze. Wij raden het gebruik van het product met een volledig glas water om te zorgen voor een goede hydratatie en om te helpen het lichaam spoelen uit toxines. Als u enige zorgen of vragen over de beste manier om onze dikke darm reinigen product, aarzel dan niet om contact met ons op.<\/p>","page":""}},"11e7a9f5-5853-44fb-beca-b78e4b7b6ae4":{"type":"collapsible_tab","settings":{"heading":"Moet ik elke keer voor het slapengaan 2 capsules nemen, of kan ik ook 1 nemen?","open":false,"content":"<p>Onze aanbevolen dosering is 2 capsules voor het slapengaan, maar u kunt maximaal 3 capsules per dag nemen indien nodig. Het is echter het beste om te beginnen met een capsule per dag en je weg omhoog te werken om de optimale dosering te vinden die de gewenste voordelen voor je biedt. De effecten kunnen variëren van persoon tot persoon, dus het is belangrijk om te vinden wat het beste voor je werkt.<\/p>","page":""}},"15666c27-0f10-4803-87db-aaadac0fd4b5":{"type":"collapsible_tab","settings":{"heading":"Zal Flat Belly me alleen helpen om af te vallen in mijn buik of in mijn hele lichaam?","open":false,"content":"<p>Het Flat Belly product kan helpen gewichtsverlies door het hele lichaam te bevorderen, niet alleen in de buik. De ingrediënten in het product ondersteunen een gezonde spijsvertering en eliminatie, wat kan leiden tot algehele gewichtsverlies en een slanker uiterlijk.<\/p>","page":""}}},"block_order":["template--19144188330318__862181d3-4676-4452-b5d3-7d2c0c0e6f9f-16876359208c5bac1b-0","template--19144188330318__862181d3-4676-4452-b5d3-7d2c0c0e6f9f-16876359208c5bac1b-1","template--19144188330318__862181d3-4676-4452-b5d3-7d2c0c0e6f9f-16876359208c5bac1b-2","template--19144188330318__862181d3-4676-4452-b5d3-7d2c0c0e6f9f-16876359208c5bac1b-3","template--19144188330318__862181d3-4676-4452-b5d3-7d2c0c0e6f9f-16876359208c5bac1b-4","21d71794-2ddf-457a-b406-01d9c000fc33","4576634f-8ea3-400e-b0d7-3d5ea325c2e9","1081d08f-43b9-4ef7-8b6a-58e2e8ec8596","11e7a9f5-5853-44fb-beca-b78e4b7b6ae4","15666c27-0f10-4803-87db-aaadac0fd4b5"],"disabled":true,"settings":{"heading":"Meest gestelde vragen","description":"","uppercase_heading":false,"disable_top_spacing":true,"disable_bottom_spacing":true}},"cfbf0b99-34c1-466d-ba31-d5ac9c5a5cb9":{"type":"multicolumn","blocks":{"template--19144188330318__cfbf0b99-34c1-466d-ba31-d5ac9c5a5cb9-1687636829feb865c0-0":{"type":"column","settings":{"image":"shopify:\/\/shop_images\/Ontwerp_zonder_titel_75.jpg","image_full_width":false,"retina":false,"title":"","text":"","link_label":"","link":""}},"template--19144188330318__cfbf0b99-34c1-466d-ba31-d5ac9c5a5cb9-1687636829feb865c0-1":{"type":"column","settings":{"image_full_width":false,"retina":true,"title":"","text":"","link_label":"","link":""}},"template--19144188330318__cfbf0b99-34c1-466d-ba31-d5ac9c5a5cb9-1687636829feb865c0-2":{"type":"column","settings":{"image":"shopify:\/\/shop_images\/Zonder_titel_800_x_500_px_800_x_800_px.jpg","image_full_width":false,"retina":true,"title":"","text":"","link_label":"","link":""}},"template--19144188330318__cfbf0b99-34c1-466d-ba31-d5ac9c5a5cb9-1687636829feb865c0-3":{"type":"column","settings":{"image":"shopify:\/\/shop_images\/Zonder_titel_800_x_500_px_800_x_800_px_2.jpg","image_full_width":false,"retina":true,"title":"","text":"","link_label":"","link":""}}},"block_order":["template--19144188330318__cfbf0b99-34c1-466d-ba31-d5ac9c5a5cb9-1687636829feb865c0-0","template--19144188330318__cfbf0b99-34c1-466d-ba31-d5ac9c5a5cb9-1687636829feb865c0-1","template--19144188330318__cfbf0b99-34c1-466d-ba31-d5ac9c5a5cb9-1687636829feb865c0-2","template--19144188330318__cfbf0b99-34c1-466d-ba31-d5ac9c5a5cb9-1687636829feb865c0-3"],"settings":{"heading":"Wereldwijd geliefd en gebruikt","heading_left":false,"description":"<p>Met meer dan <strong>100.000 potten wereldwijd verkocht <\/strong>Jennah Organics® heeft duizenden mensen geholpen hun gezondheid weer op schema te krijgen door natuurlijke kruiden die al duizenden jaren worden gebruikt voor verschillende gezondheidsdoeleinden.<\/p>","full_width":true,"display_type":"grid","image_ratio":"adapt","columns_desktop":4,"text_alignment":"left","heading_size":"h5","mobile_swipe":true,"show_progress_bar":true,"disable_top_spacing":false,"disable_bottom_spacing":false}},"product-recommendations":{"type":"product-recommendations","settings":{"heading":"Anderen kochten ook","heading_left":true,"description":"","full_width":true,"mobile_swipe":true,"disable_top_spacing":true,"disable_bottom_spacing":true}}},"order":["breadcrumbs","main-product","521bd027-3516-40ea-bfcd-dfccab7a076a","4af37162-67cb-4d3e-9b7a-a8e396d8b7cb","e5fb4b67-6ca5-4027-9085-b24473de7a47","e93b4122-3384-42a8-a501-446494a076df","674829ae-dbfa-456c-8921-928718c60604","862181d3-4676-4452-b5d3-7d2c0c0e6f9f","cfbf0b99-34c1-466d-ba31-d5ac9c5a5cb9","product-recommendations"]}