{"sections":{"product_lp_yx7KC8":{"type":"product_lp","blocks":{"loox_reviews_loox_rating_BwTqWY":{"type":"shopify:\/\/apps\/loox-reviews\/blocks\/loox-rating\/5c3b337f-fd14-4df5-b1d6-80ec13e6e28e","settings":{"contentSize":20,"pattern":"[rating] \/ 5.0 Excellent | [count]+ Reviews","hideText":false,"alignment":"left","layout":"","textColor":"#212121","starColor":"#ff6f61","showAllReviews":false,"looxOpenFloatingWidget":false,"emptyRatingWidget":false}},"heading_tVYUMD":{"type":"heading","settings":{"text":"{{ product.title }}","heading_size":"h1","custom_class":"product_title_lp"}},"richtext_tr8EEj":{"type":"richtext","settings":{"text":"<ul><li>Supports Hormonal Balance Naturally<\/li><li>Clinically Backed Formula<\/li><li>Vegan & 100% Organic<\/li><\/ul>","custom_class":"product_description_top"}},"price_Eb4ybP":{"type":"price","settings":{"text1":"Save"}},"variants_tMw3wn":{"type":"variants","settings":{}},"checkout_button_66VnDp":{"type":"checkout_button","settings":{"text":"Add To Cart - "}},"stock_BWYhpD":{"type":"stock","settings":{"text":"<strong>Free over £50<\/strong> - delivery by:","days":"2"}},"icons_with_text_CKG6yc":{"type":"icons_with_text","settings":{"svg1":"","image1":"shopify:\/\/shop_images\/product_icon1.webp","text1":"100% Traceable","svg2":"","image2":"shopify:\/\/shop_images\/product_icon2.webp","text2":"Vegan & Organic","svg3":"","image3":"shopify:\/\/shop_images\/product_icon3.webp","text3":"Third Party Tested","custom_class":""}},"faq_yniUF3":{"type":"faq","settings":{"question":"Product Description","answer":"{{ section.settings.product.metafields.custom.benifits | metafield_tag }}","custom_class":"description_faq"}},"faq_YNrPxw":{"type":"faq","settings":{"question":"Ingredients","answer":"{{ section.settings.product.metafields.custom.ingredients | metafield_tag }}","custom_class":"ingredients_faq"}},"faq_zzgPgQ":{"type":"faq","settings":{"question":"How To Use","answer":"{{ section.settings.product.metafields.custom.how_to_use | metafield_tag }}","custom_class":"how_to_use_faq"}},"faq_pfHYPb":{"type":"faq","settings":{"question":"Shipping & Returns","answer":"<p><strong>Shipping: <\/strong><br\/>Enjoy free shipping on orders over £50. Orders are typically processed within 2-3 business days and delivered promptly.<br\/><br\/><strong>Returns: <\/strong><br\/>Jennah Organics offers a 30-day satisfaction guarantee. If you’re not completely happy with your purchase, contact customer support for assistance or a refund.<\/p>","custom_class":"shipping_faq"}}},"block_order":["loox_reviews_loox_rating_BwTqWY","heading_tVYUMD","richtext_tr8EEj","price_Eb4ybP","variants_tMw3wn","checkout_button_66VnDp","stock_BWYhpD","icons_with_text_CKG6yc","faq_yniUF3","faq_YNrPxw","faq_zzgPgQ","faq_pfHYPb"],"settings":{"product":"{{ product }}","custom_class":"","custom_id":"","bg_color":"","color":"#212121","heading":"","text":"","custom_images":false,"padding_top":72,"padding_bottom":70,"padding_top_mobile":20,"padding_bottom_mobile":25}},"review_slider_LtcTDJ":{"type":"review_slider","blocks":{"review_PXERpc":{"type":"review","disabled":true,"settings":{"image":"shopify:\/\/shop_images\/image_6.png","loading":"eager","fetchpriority":"high","title":"Quick Results","text":"Within a short time, i already noticed results. Less body fat and more energy","name":"Emily"}},"review_PXHTFA":{"type":"review","disabled":true,"settings":{"image":"shopify:\/\/shop_images\/image_6.png","loading":"eager","fetchpriority":"high","title":"Colon Cleanse Tablets","text":"I bought colon cleanse tablets really enjoyed very comfortable, would recommend I've also bought more plus the liver cleanse tablets","name":"Marie Finnegan"}},"review_dz8b4M":{"type":"review","disabled":true,"settings":{"image":"shopify:\/\/shop_images\/image_6.png","loading":"eager","fetchpriority":"high","title":"Hormone Balance Support","text":"I've been taking the Hormone Balance supplements now for a week and I have been feeling great. My energy levels are alot better. Brilliant product 👏","name":"Sonia"}},"review_cdKDUG":{"type":"review","disabled":true,"settings":{"image":"shopify:\/\/shop_images\/image_6.png","loading":"eager","fetchpriority":"high","title":"Wow it works!","text":"Wow! Do these work. Took two tablets and had movement after 4 hours. Visited the toilet 4 times. Feeling good thanks Jennah Organics will definitely recommend!","name":"MISSDAWNCSMITH"}},"review_yKfpRj":{"type":"review","disabled":true,"settings":{"image":"shopify:\/\/shop_images\/image_6.png","loading":"eager","fetchpriority":"high","title":"Wasn’t sure what to expect","text":"Wasn’t sure what to expect, but what a good product. Keeping my subscription, I feel so much better in myself every day! Thankyou","name":"Sophie"}},"review_ex6EA6":{"type":"review","settings":{"image":"shopify:\/\/shop_images\/image_6.png","loading":"eager","fetchpriority":"high","title":"Surprisingly satisfied!","text":"This product is really really great. I bought it mainly to regulate my monthly period. Since I stopped taking birth control a few years ago, my monthly was very irregular.","name":"Cassidy"}},"review_EjV7nX":{"type":"review","settings":{"image":"shopify:\/\/shop_images\/image_6.png","loading":"eager","fetchpriority":"high","title":"Mood Swing Life Saver","text":"I love this product so far !!! I have been taking it every day for the past 3 weeks and I can already notice a big difference! It helps with my stress and regulates my mood.","name":"Ires"}},"review_WRkaCw":{"type":"review","settings":{"image":"shopify:\/\/shop_images\/image_6.png","loading":"eager","fetchpriority":"high","title":"This really works!","text":"I have taken several supplements for my hormone levels, and this is the one that blows me away with results. I noticed a change on the first day I took it in my mood. My libido and my self-confidence were also boosted. Now I make sure I take it every time I call!","name":"Zina"}},"review_UdkUGw":{"type":"review","settings":{"image":"shopify:\/\/shop_images\/image_6.png","loading":"eager","fetchpriority":"high","title":"Great for stress and weight loss!","text":"I have been using this product for a fortnight now and I can say it works well. It is very affordable, so that is a big plus.","name":"Nicky"}},"review_LFPm7x":{"type":"review","settings":{"image":"shopify:\/\/shop_images\/image_6.png","loading":"eager","fetchpriority":"high","title":"So far, so good!","text":"I have adopted hormone balancing for the past three weeks. I can feel a change because I am less irritable and I have been sleeping better.","name":"Petra"}},"review_TdJt8R":{"type":"review","settings":{"image":"shopify:\/\/shop_images\/image_6.png","loading":"eager","fetchpriority":"high","title":"Game Changer","text":"Since I started taking this, I feel sooo much better! I have energy, I can sleep, and I can attest to the libido -claims ... this is the real deal!","name":"Linda"}},"review_Yw4KD3":{"type":"review","settings":{"image":"shopify:\/\/shop_images\/image_6.png","loading":"eager","fetchpriority":"high","title":"It really helps!","text":"I have been using hormone balance for a little over 2 weeks. I have noticed a changes in my mood swings, bloating, energy and libido.","name":"Layla"}},"review_GAGAhU":{"type":"review","settings":{"image":"shopify:\/\/shop_images\/image_6.png","loading":"eager","fetchpriority":"high","title":"Peri menopause","text":"Since taking hormone balance, I have noticed that my sleep is much better. Being Peri Menopausal, I have so many different symptoms that I just don't know what to attribute it to. Besides sleep, I have noticed that my hot flashes have disappeared","name":"Erica"}},"review_jHa9gE":{"type":"review","settings":{"image":"shopify:\/\/shop_images\/image_6.png","loading":"eager","fetchpriority":"high","title":"It is easy to take and does not interfere with stomach upset","text":"Great this product, a marked change in my energy level and sleep have also noticed weight loss. I take one capsule in the morning as time passes I take 1 more.","name":"Cindy"}}},"block_order":["review_PXERpc","review_PXHTFA","review_dz8b4M","review_cdKDUG","review_yKfpRj","review_ex6EA6","review_EjV7nX","review_WRkaCw","review_UdkUGw","review_LFPm7x","review_TdJt8R","review_Yw4KD3","review_GAGAhU","review_jHa9gE"],"settings":{"custom_class":"trustpilot_reviews_slider trustpilot_reviews_slider_pdp","custom_id":"reviews","svg_desktop":"","svg_mobile":"","svg_desktop2":"","svg_mobile2":"","bg_color":"#fce5e2","color":"#212121","image":"shopify:\/\/shop_images\/section_5_star.webp","heading":"Rated <em>excellent<\/em> by others just like you","subheading":"<strong>Rated<\/strong> 4.7 \/ 5.0 | 699 Reviews","padding_top":60,"padding_bottom":60,"padding_top_mobile":25,"padding_bottom_mobile":25}},"richtext_lp_7qKinU":{"type":"richtext_lp","blocks":{"heading_QQVhRE":{"type":"heading","settings":{"text":"Natural Solutions for <em>Hormonal Problems<\/em>","heading_size":"h1","h1":false,"custom_class":"results_heading_pdp"}}},"block_order":["heading_QQVhRE"],"settings":{"custom_class":"real_results_pdp_main","custom_id":"","svg_desktop":"","svg_mobile":"","svg_desktop2":"","svg_mobile2":"","bg_color":"","bg_color2":"","color":"#212121","position":"center","padding_top":70,"padding_bottom":30,"padding_top_mobile":30,"padding_bottom_mobile":13}},"image_width_text_lp_LXC3Wq":{"type":"image_width_text_lp","blocks":{"icon_with_text_CVpkiW":{"type":"icon_with_text","settings":{"svg1":"","image1":"shopify:\/\/shop_images\/benifits5.webp","text1":"<strong>Lose The Transition Belly <\/strong>Our unique blend of ingredients focused on hormonal balance helps maintain natural weight and reduces belly fat.","loading":"lazy","fetchpriority":"low","custom_class":"real_result_item real_result_item_pdp2"}},"icon_with_text_dtPdeQ":{"type":"icon_with_text","settings":{"svg1":"","image1":"shopify:\/\/shop_images\/bloating.png","text1":"<strong>Less Bloating <\/strong>With carefully selected elements, such as Magnesium, \"Hormone Balance\" not only reduces joint pain but also soothes bloating.","loading":"lazy","fetchpriority":"low","custom_class":"real_result_item real_result_item_pdp2"}},"icon_with_text_zXRmJN":{"type":"icon_with_text","settings":{"svg1":"","image1":"shopify:\/\/shop_images\/broken-bone.png","text1":"<strong>Joint pain <\/strong>Get targeted support for joint pain, allowing you to move more smoothly, even during menopause.","loading":"lazy","fetchpriority":"low","custom_class":"real_result_item real_result_item_pdp2"}},"icon_with_text_CKJMV4":{"type":"icon_with_text","settings":{"svg1":"","image1":"shopify:\/\/shop_images\/chin.png","text1":"<strong>Double chin <\/strong>Hormone Balance helps reduce puffiness and water retention, supporting a slimmer look and a more defined jawline.","loading":"lazy","fetchpriority":"low","custom_class":"real_result_item real_result_item_pdp2"}},"icon_with_text_HPAh7Q":{"type":"icon_with_text","settings":{"svg1":"","image1":"shopify:\/\/shop_images\/endocrine.png","text1":"<strong>Thyroid problems <\/strong>\"Hormone Balance\" offers support for thyroid problems thanks to the adaptogenic properties of Ashwagandha.","loading":"lazy","fetchpriority":"low","custom_class":"real_result_item real_result_item_pdp2"}}},"block_order":["icon_with_text_CVpkiW","icon_with_text_dtPdeQ","icon_with_text_zXRmJN","icon_with_text_CKJMV4","icon_with_text_HPAh7Q"],"settings":{"custom_class":"wellness_journey wellness_journey_pdp2 sticky_image_desktop","custom_id":"","svg_desktop":"","svg_mobile":"","svg_desktop2":"","svg_mobile2":"","bg_color":"","bg_color2":"rgba(0,0,0,0)","color":"#141414","position":"left","position_image":"left","content_size":50,"heading1":"","image":"shopify:\/\/shop_images\/Zonder_titel_1995_x_2000_px.png","heading2":"","loading":"lazy","fetchpriority":"low","image_size":50,"padding_top":30,"padding_bottom":70,"padding_top_mobile":12,"padding_bottom_mobile":30}},"column_slider2_hCtBbp":{"type":"ingredient_slider","blocks":{"ingredient_KRaWGL":{"type":"ingredient","settings":{"image":"shopify:\/\/shop_images\/Ontwerp_zonder_titel_12_20081674-14a1-493d-9299-2aebb8a90735.png","loading":"eager","fetchpriority":"high","title":"Monk's Pepper","text":"<p><strong>Source<\/strong><br\/>Monk's pepper, scientifically known as Agnus-castus, is derived from the berries of the Monk's pepper tree.<\/p><p><strong>Origin<\/strong><br\/>Monk's Pepper is native to the Mediterranean region and is also cultivated in various parts of the world.<br\/><br\/><strong>Benefit<\/strong><br\/>Monk's pepper is valued for its potential to support women's hormonal health, especially in regulating menstrual cycles and relieving symptoms of premenstrual syndrome (PMS).<\/p>"}},"ingredient_jGFtAb":{"type":"ingredient","settings":{"image":"shopify:\/\/shop_images\/Ontwerp_zonder_titel_13_c681b57d-2b9e-441d-b891-70336b4c933d.png","loading":"eager","fetchpriority":"high","title":"Ashwagandha","text":"<p><strong>Source<\/strong><br\/>Ashwagandha, scientifically known as Withania Somnifera, is derived from the roots and leaves of the Ashwagandha plant.<\/p><p><strong>Origin<\/strong><br\/>Ashwagandha has its origins in India and is also cultivated in other parts of Asia, Africa and the Mediterranean.<br\/><br\/><strong>Benefit<\/strong><br\/>Ashwagandha is highly valued for its potential to support hormone balance, reduce stress, increase energy levels and improve overall well-being.<\/p>"}},"ingredient_XQQC7P":{"type":"ingredient","settings":{"image":"shopify:\/\/shop_images\/Ontwerp_zonder_titel_14_0c1301aa-4dab-41d9-a67d-ecf14b48b54e.png","loading":"eager","fetchpriority":"high","title":"Pinus -Extract","text":"<p><strong>Source<\/strong><br\/>Pinus -extract, derived from the bark, needles or resin of various pine tree species.<br\/><br\/><strong>Origin<\/strong><br\/>Pine trees are found worldwide, with different species originating from different regions, including North America, Europe and Asia.<br\/><br\/><strong>Benefit<\/strong><br\/>Pinus -extract is believed to have potential benefits for hormone balance, supporting women's health and addressing symptoms related to hormonal fluctuations.<\/p>"}},"ingredient_Q4GkC7":{"type":"ingredient","settings":{"image":"shopify:\/\/shop_images\/ium.png","loading":"eager","fetchpriority":"high","title":"Magnesium","text":"<p><strong>Source<\/strong><br\/>Magnesium is a naturally occurring mineral found in foods like nuts, seeds, leafy greens, and whole grains.<br\/><br\/><strong>Origin<\/strong><br\/>Sourced from the earth’s crust, magnesium is commonly extracted from mineral-rich waters, salts, and rocks worldwide.<br\/><br\/><strong>Benefit<\/strong><br\/>Magnesium supports hormone balance, promotes relaxation, improves sleep quality, and helps alleviate PMS symptoms.<\/p>"}},"ingredient_rx8eLd":{"type":"ingredient","settings":{"image":"shopify:\/\/shop_images\/ium_1.png","loading":"eager","fetchpriority":"high","title":"Inositol","text":"<p><strong>Source<\/strong><br\/>Inositol is produced naturally in the human body and can also be found in foods such as fruits, beans and grains.<\/p><p><strong>Origin<\/strong><br\/>Inositol is derived from the natural compound myo-inositol.<br\/><br\/><strong>Benefit<\/strong><br\/>Inositol is valued for its potential to support hormone balance, especially in conditions such as polycystic ovarian syndrome (PCOS).<\/p>"}}},"block_order":["ingredient_KRaWGL","ingredient_jGFtAb","ingredient_XQQC7P","ingredient_Q4GkC7","ingredient_rx8eLd"],"settings":{"custom_class":"ingredients_lp","custom_id":"","bg_color":"#fce5e2","color":"#141414","heading":"Unlock the Power of <em>Hormonal Balance<\/em>","subheading":"","padding_top":70,"padding_bottom":70,"padding_top_mobile":35,"padding_bottom_mobile":31}},"richtext_lp_wxAcmN":{"type":"richtext_lp","blocks":{"heading_idKcXa":{"type":"heading","settings":{"text":"How It Works with <em>Your Body<\/em>","heading_size":"h1","h1":false,"custom_class":"works_jeading_pdp"}},"richtext_kEcRgE":{"type":"richtext","settings":{"text":"<p>Science-backed solutions designed to work in harmony with your body to deliver real, noticeable results<\/p>","custom_class":"works_text_pdp"}}},"block_order":["heading_idKcXa","richtext_kEcRgE"],"settings":{"custom_class":"works_pdp_main","custom_id":"","svg_desktop":"","svg_mobile":"","svg_desktop2":"","svg_mobile2":"","bg_color":"","bg_color2":"","color":"#000000","position":"center","padding_top":70,"padding_bottom":25,"padding_top_mobile":25,"padding_bottom_mobile":13}},"image_width_text_lp_7wpBKn":{"type":"image_width_text_lp","blocks":{"icon_with_text_qixkid":{"type":"icon_with_text","settings":{"svg1":"","image1":"shopify:\/\/shop_images\/work_body_icon1.webp","text1":"Take 2 capsules daily","loading":"lazy","fetchpriority":"low","custom_class":"real_result_item real_result_item_pdp"}},"icon_with_text_7TcJKp":{"type":"icon_with_text","settings":{"svg1":"","image1":"shopify:\/\/shop_images\/work_body_icon2.webp","text1":"With Meals: Take 1 capsule with a glass of water during breakfast and another during dinner.","loading":"lazy","fetchpriority":"low","custom_class":"real_result_item real_result_item_pdp"}},"icon_with_text_JgbYTX":{"type":"icon_with_text","settings":{"svg1":"","image1":"shopify:\/\/shop_images\/work_body_icon3.webp","text1":"Stay Hydrated: Ensure you drink plenty of water throughout the day to support the detox process.","loading":"lazy","fetchpriority":"low","custom_class":"real_result_item real_result_item_pdp"}}},"block_order":["icon_with_text_qixkid","icon_with_text_7TcJKp","icon_with_text_JgbYTX"],"settings":{"custom_class":"wellness_journey wellness_journey_pdp sticky_image_desktop","custom_id":"","svg_desktop":"","svg_mobile":"","svg_desktop2":"","svg_mobile2":"","bg_color":"","bg_color2":"rgba(0,0,0,0)","color":"#141414","position":"center","position_image":"right","content_size":50,"heading1":"","image":"shopify:\/\/shop_images\/Ontwerp_zonder_titel_15_959a47d2-bc94-4808-8008-0b329dfa0d81.png","heading2":"","loading":"lazy","fetchpriority":"low","image_size":50,"padding_top":25,"padding_bottom":70,"padding_top_mobile":12,"padding_bottom_mobile":43}},"icons_with_text_lp_7idjx6":{"type":"icons_with_text_lp","blocks":{"column_KXhrMr":{"type":"column","settings":{"svg":"<svg xmlns=\"http:\/\/www.w3.org\/2000\/svg\" width=\"11\" height=\"12\" viewBox=\"0 0 11 12\" fill=\"none\">\n  <path d=\"M5.21023 1.08077C5.28971 0.784358 5.71029 0.784359 5.78977 1.08077L6.72371 4.56421C6.75146 4.6677 6.8323 4.74854 6.93579 4.77629L10.4192 5.71023C10.7156 5.78971 10.7156 6.21029 10.4192 6.28977L6.93579 7.22371C6.8323 7.25146 6.75146 7.3323 6.72371 7.43579L5.78977 10.9192C5.71029 11.2156 5.28971 11.2156 5.21023 10.9192L4.27629 7.43579C4.24854 7.3323 4.1677 7.25146 4.06421 7.22371L0.580772 6.28977C0.284358 6.21029 0.284359 5.78971 0.580773 5.71023L4.06421 4.77629C4.1677 4.74854 4.24854 4.6677 4.27629 4.56421L5.21023 1.08077Z\" fill=\"#FF6F61\"\/>\n<\/svg>","text":"Trusted By Thousands"}},"column_VALhQG":{"type":"column","settings":{"svg":"<svg xmlns=\"http:\/\/www.w3.org\/2000\/svg\" width=\"11\" height=\"12\" viewBox=\"0 0 11 12\" fill=\"none\">\n  <path d=\"M5.21023 1.08077C5.28971 0.784358 5.71029 0.784359 5.78977 1.08077L6.72371 4.56421C6.75146 4.6677 6.8323 4.74854 6.93579 4.77629L10.4192 5.71023C10.7156 5.78971 10.7156 6.21029 10.4192 6.28977L6.93579 7.22371C6.8323 7.25146 6.75146 7.3323 6.72371 7.43579L5.78977 10.9192C5.71029 11.2156 5.28971 11.2156 5.21023 10.9192L4.27629 7.43579C4.24854 7.3323 4.1677 7.25146 4.06421 7.22371L0.580772 6.28977C0.284358 6.21029 0.284359 5.78971 0.580773 5.71023L4.06421 4.77629C4.1677 4.74854 4.24854 4.6677 4.27629 4.56421L5.21023 1.08077Z\" fill=\"#FF6F61\"\/>\n<\/svg>","text":"Effortless Wellness"}},"column_hi3zPM":{"type":"column","settings":{"svg":"<svg xmlns=\"http:\/\/www.w3.org\/2000\/svg\" width=\"11\" height=\"12\" viewBox=\"0 0 11 12\" fill=\"none\">\n  <path d=\"M5.21023 1.08077C5.28971 0.784358 5.71029 0.784359 5.78977 1.08077L6.72371 4.56421C6.75146 4.6677 6.8323 4.74854 6.93579 4.77629L10.4192 5.71023C10.7156 5.78971 10.7156 6.21029 10.4192 6.28977L6.93579 7.22371C6.8323 7.25146 6.75146 7.3323 6.72371 7.43579L5.78977 10.9192C5.71029 11.2156 5.28971 11.2156 5.21023 10.9192L4.27629 7.43579C4.24854 7.3323 4.1677 7.25146 4.06421 7.22371L0.580772 6.28977C0.284358 6.21029 0.284359 5.78971 0.580773 5.71023L4.06421 4.77629C4.1677 4.74854 4.24854 4.6677 4.27629 4.56421L5.21023 1.08077Z\" fill=\"#FF6F61\"\/>\n<\/svg>","text":"Vegan Friendly"}},"column_yEgdrM":{"type":"column","settings":{"svg":"<svg xmlns=\"http:\/\/www.w3.org\/2000\/svg\" width=\"11\" height=\"12\" viewBox=\"0 0 11 12\" fill=\"none\">\n  <path d=\"M5.21023 1.08077C5.28971 0.784358 5.71029 0.784359 5.78977 1.08077L6.72371 4.56421C6.75146 4.6677 6.8323 4.74854 6.93579 4.77629L10.4192 5.71023C10.7156 5.78971 10.7156 6.21029 10.4192 6.28977L6.93579 7.22371C6.8323 7.25146 6.75146 7.3323 6.72371 7.43579L5.78977 10.9192C5.71029 11.2156 5.28971 11.2156 5.21023 10.9192L4.27629 7.43579C4.24854 7.3323 4.1677 7.25146 4.06421 7.22371L0.580772 6.28977C0.284358 6.21029 0.284359 5.78971 0.580773 5.71023L4.06421 4.77629C4.1677 4.74854 4.24854 4.6677 4.27629 4.56421L5.21023 1.08077Z\" fill=\"#FF6F61\"\/>\n<\/svg>","text":"Trusted By Thousands"}},"column_UYreiQ":{"type":"column","settings":{"svg":"<svg xmlns=\"http:\/\/www.w3.org\/2000\/svg\" width=\"11\" height=\"12\" viewBox=\"0 0 11 12\" fill=\"none\">\n  <path d=\"M5.21023 1.08077C5.28971 0.784358 5.71029 0.784359 5.78977 1.08077L6.72371 4.56421C6.75146 4.6677 6.8323 4.74854 6.93579 4.77629L10.4192 5.71023C10.7156 5.78971 10.7156 6.21029 10.4192 6.28977L6.93579 7.22371C6.8323 7.25146 6.75146 7.3323 6.72371 7.43579L5.78977 10.9192C5.71029 11.2156 5.28971 11.2156 5.21023 10.9192L4.27629 7.43579C4.24854 7.3323 4.1677 7.25146 4.06421 7.22371L0.580772 6.28977C0.284358 6.21029 0.284359 5.78971 0.580773 5.71023L4.06421 4.77629C4.1677 4.74854 4.24854 4.6677 4.27629 4.56421L5.21023 1.08077Z\" fill=\"#FF6F61\"\/>\n<\/svg>","text":"Effortless Wellness"}},"column_jqNqxe":{"type":"column","settings":{"svg":"<svg xmlns=\"http:\/\/www.w3.org\/2000\/svg\" width=\"11\" height=\"12\" viewBox=\"0 0 11 12\" fill=\"none\">\n  <path d=\"M5.21023 1.08077C5.28971 0.784358 5.71029 0.784359 5.78977 1.08077L6.72371 4.56421C6.75146 4.6677 6.8323 4.74854 6.93579 4.77629L10.4192 5.71023C10.7156 5.78971 10.7156 6.21029 10.4192 6.28977L6.93579 7.22371C6.8323 7.25146 6.75146 7.3323 6.72371 7.43579L5.78977 10.9192C5.71029 11.2156 5.28971 11.2156 5.21023 10.9192L4.27629 7.43579C4.24854 7.3323 4.1677 7.25146 4.06421 7.22371L0.580772 6.28977C0.284358 6.21029 0.284359 5.78971 0.580773 5.71023L4.06421 4.77629C4.1677 4.74854 4.24854 4.6677 4.27629 4.56421L5.21023 1.08077Z\" fill=\"#FF6F61\"\/>\n<\/svg>","text":"Vegan Friendly"}}},"block_order":["column_KXhrMr","column_VALhQG","column_hi3zPM","column_yEgdrM","column_UYreiQ","column_jqNqxe"],"settings":{"custom_class":"under_banner_scroll_bar","custom_id":"","bg_color":"","text_color":"#212121","enable_slider":true,"slider_speed":9,"columns_desktop":3,"columns_mobile":2,"padding_top":16,"padding_bottom":16,"padding_top_mobile":11,"padding_bottom_mobile":10}},"richtext_lp_hUeUCf":{"type":"richtext_lp","blocks":{"heading_tcYWwe":{"type":"heading","settings":{"text":"Why Choose <em>Jennah?<\/em>","heading_size":"h1","h1":false,"custom_class":"stand_heading stand_heading_pdp"}},"richtext_hmCkRe":{"type":"richtext","settings":{"text":"<p>Explore how premium ingredients and thoughtful design set us apart.<\/p>","custom_class":"stand_text stand_text_pdp"}},"two_image_with_text_gMLBwK":{"type":"two_image_with_text","settings":{"image1":"shopify:\/\/shop_images\/Ontwerp_zonder_titel_16_5a83b009-1aca-469e-8867-22f916d369c0.png","text1":"<ul><li>100% natural, hormone-supporting formula with carefully selected ingredients<\/li><li>Targets multiple hormonal concerns, including PMS, menopause, PCOS, and bloating<\/li><li>Fast-acting relief – improves bloating, sleep, and mood in just days<\/li><li>Supports weight management by reducing cravings and balancing metabolism<\/li><li>Vegan, cruelty-free, and non-GMO with no synthetic additives<\/li><\/ul>","image2":"shopify:\/\/shop_images\/jennah_img1_19cc7054-e00a-47eb-9374-0c3fb9283a74.png","image2_mobile":"shopify:\/\/shop_images\/stands_out.png","text2":"<ul><li>Often contain synthetic fillers or low-quality ingredients<\/li><li>May only focus on one hormonal issue instead of comprehensive support<\/li><li>Slower or less noticeable results compared to targeted formulations<\/li><li>No appetite or metabolism support, making weight management harder<\/li><li>Limited consideration for clean, vegan, or cruelty-free needs<\/li><\/ul>","loading":"lazy","fetchpriority":"low","custom_class":"stand_left_right_main stand_left_right_main_pdp"}}},"block_order":["heading_tcYWwe","richtext_hmCkRe","two_image_with_text_gMLBwK"],"settings":{"custom_class":"stand_lp stand_lp_pdp","custom_id":"","svg_desktop":"","svg_mobile":"","svg_desktop2":"","svg_mobile2":"","bg_color":"","bg_color2":"","color":"#141414","position":"center","padding_top":70,"padding_bottom":70,"padding_top_mobile":25,"padding_bottom_mobile":40}},"richtext_lp_9k7KPX":{"type":"richtext_lp","blocks":{"html_WtQk36":{"type":"html","settings":{"text":"<svg xmlns=\"http:\/\/www.w3.org\/2000\/svg\" width=\"213\" height=\"36\" viewBox=\"0 0 213 36\" fill=\"none\">\n  <path d=\"M17.9696 0L21.9283 12.1839H34.7392L24.375 19.7139L28.3338 31.8978L17.9696 24.3677L7.60535 31.8978L11.5641 19.7139L1.19992 12.1839H14.0108L17.9696 0Z\" fill=\"#00B67A\"\/>\n  <path d=\"M62.2352 0L66.194 12.1839H79.0048L68.6406 19.7139L72.5994 31.8978L62.2352 24.3677L51.871 31.8978L55.8298 19.7139L45.4655 12.1839H58.2764L62.2352 0Z\" fill=\"#00B67A\"\/>\n  <path d=\"M106.5 0L110.459 12.1839H123.27L112.906 19.7139L116.865 31.8978L106.5 24.3677L96.1361 31.8978L100.095 19.7139L89.7307 12.1839H102.542L106.5 0Z\" fill=\"#00B67A\"\/>\n  <path d=\"M150.765 0L154.724 12.1839H167.535L157.171 19.7139L161.13 31.8978L150.765 24.3677L140.401 31.8978L144.36 19.7139L133.996 12.1839H146.807L150.765 0Z\" fill=\"#00B67A\"\/>\n  <mask id=\"mask0_418_764\" style=\"mask-type:alpha\" maskUnits=\"userSpaceOnUse\" x=\"178\" y=\"0\" width=\"34\" height=\"32\">\n    <path d=\"M195.031 0L198.989 12.1839H211.8L201.436 19.7139L205.395 31.8978L195.031 24.3677L184.666 31.8978L188.625 19.7139L178.261 12.1839H191.072L195.031 0Z\" fill=\"#9575CD\"\/>\n  <\/mask>\n  <g mask=\"url(#mask0_418_764)\">\n    <rect x=\"165.336\" y=\"-21\" width=\"36\" height=\"108\" fill=\"#00B67A\"\/>\n  <\/g>\n<\/svg>","custom_class":"review_main_pdp_rating"}},"richtext_Cxmedq":{"type":"richtext","settings":{"text":"<p>4.7 out of 5.0<\/p>","custom_class":"pdp_rating_avg"}},"richtext_cDXR8E":{"type":"richtext","settings":{"text":"<p>Authentic Stories from Customers Who Love the Results.<\/p>","custom_class":"pdp_rating_text"}}},"block_order":["html_WtQk36","richtext_Cxmedq","richtext_cDXR8E"],"settings":{"custom_class":"","custom_id":"","svg_desktop":"","svg_mobile":"","svg_desktop2":"","svg_mobile2":"","bg_color":"","bg_color2":"","color":"","position":"center","padding_top":16,"padding_bottom":42,"padding_top_mobile":15,"padding_bottom_mobile":11}},"17382175532bd9a146":{"type":"apps","blocks":{"loox_reviews_loox_dynamic_section_mEPBBx":{"type":"shopify:\/\/apps\/loox-reviews\/blocks\/loox-dynamic-section\/5c3b337f-fd14-4df5-b1d6-80ec13e6e28e","settings":{"only_photos":false,"aggregated":false,"limit":40,"hide_thumbnails":false,"maxwidth":1400,"is_sample":true}}},"block_order":["loox_reviews_loox_dynamic_section_mEPBBx"],"settings":{}},"richtext_lp_bgWPAg":{"type":"richtext_lp","blocks":{"heading_jicTCh":{"type":"heading","settings":{"text":"Feel the Difference in <em>30 Days<\/em>","heading_size":"h1","h1":false,"custom_class":"difference_heading"}},"richtext_BBj97A":{"type":"richtext","settings":{"text":"<p>Our customers love the results. Each formula is crafted with natural, high-quality ingredients to support your hormonal health.<\/p>","custom_class":"difference_text"}},"richtext_PXBAtA":{"type":"richtext","settings":{"text":"<p>Trusted by Thousands, Loved for Results<\/p>","custom_class":"difference_text2_mobile mobile_only"}},"icons_with_text_V7Mdnt":{"type":"icons_with_text","settings":{"svg1":"91","title1":"","text1":"Felt more emotionally balanced and less stressed.","svg2":"84","title2":"","text2":"Reported improved energy levels and vitality.","svg3":"77","title3":"","text3":"Experienced fewer hormonal fluctuations and mood swings.","svg4":"88","title4":"","text4":"Noticed clearer skin and healthier hair.","svg5":"","title5":"","text5":"","svg6":"","title6":"","text6":"","svg7":"","title7":"","text7":"","svg8":"","title8":"","text8":"","loading":"lazy","fetchpriority":"low","custom_class":"custom_counter difference_icons_with_text"}},"richtext_mUCBD7":{"type":"richtext","settings":{"text":"<p><em>*Results are based on customer feedback and are not scientifically verified.<\/em><\/p>","custom_class":"difference_text2"}}},"block_order":["heading_jicTCh","richtext_BBj97A","richtext_PXBAtA","icons_with_text_V7Mdnt","richtext_mUCBD7"],"settings":{"custom_class":"difference_lp","custom_id":"","svg_desktop":"","svg_mobile":"","svg_desktop2":"","svg_mobile2":"","bg":"shopify:\/\/shop_images\/feel_bg.webp","bg_mobile":"shopify:\/\/shop_images\/feel_bg_mobile.png","bg_color":"","bg_color2":"","color":"#ffffff","position":"center","padding_top":70,"padding_bottom":100,"padding_top_mobile":30,"padding_bottom_mobile":100}},"video_slider_lp_DY39dH":{"type":"video_slider_lp","blocks":{"video_EAjQ3V":{"type":"video","settings":{"video":"shopify:\/\/files\/videos\/Snapinst.app_video_AQP1l3Ta6C3AXZl0zVeiYAiO9ZZlw11LFRTvgCi37fUGDP2vtvWTnYaRkdijJnjryogxXc4l3XbYI17U65ed743nUPq2fQVUzMVgUNY.mp4"}},"video_jCAHET":{"type":"video","settings":{"video":"shopify:\/\/files\/videos\/Snapinst.app_video_AQNO1r1Fg2l6O2BmsgBpYlNLXLfTS5_LJ7n3vc9ETJEqp4U3vBWHj0vQwn_NunSinUVMa-r678Ntmg7nFwRu2dnIodViRaCYsXSRAXY.mp4"}},"video_mQTHEH":{"type":"video","settings":{"video":"shopify:\/\/files\/videos\/Snapinst.app_video_AQP3OfVeNKUdu5APeH9sbzJKfe3iRwEXc1tQTlB3MOdK3vbmamwewlh3h3AFi9WZSBhUekFCs_H4PU8FLPzHZkdLzF9fbyvPt5LazNs.mp4"}},"video_gbBBTH":{"type":"video","settings":{"video":"shopify:\/\/files\/videos\/Snapinst.app_video_AQOPUbED3dfLarlwC0KYm4JlOUzvKJiAVmXZrUhuWK2tpmALUOIstbXFt_k7xZSwdwHmrS_BYX-DyevoJyZXj6B_pd2yNeymQwvMIoU.mp4"}},"video_RMCEPr":{"type":"video","settings":{"video":"shopify:\/\/files\/videos\/Snapinst.app_video_AQONE29LJU-Dn6Uiu2VCcHJgnq3N8_-fKaOY8n04Xvg7NkbGkKgrAmu4fMZ82GSD3YZhQtf3aM2zSbHdo55v3JRYiKUMvnMLl6hjImk.mp4"}}},"block_order":["video_EAjQ3V","video_jCAHET","video_mQTHEH","video_gbBBTH","video_RMCEPr"],"settings":{"custom_class":"video_slider_lp video_slider_lp_pdp","custom_id":"","bg_color":"rgba(0,0,0,0)","heading":"Real <em>Success <\/em>Stories","subheading":"Real stories from real customers experiencing the Jennah Organics difference.","padding_top":35,"padding_bottom":70,"padding_top_mobile":20,"padding_bottom_mobile":26}},"image_width_text_lp_gacqxa":{"type":"image_width_text_lp","blocks":{"heading_tnq6B9":{"type":"heading","settings":{"text":"Results You Can <em>Trust<\/em>","heading_size":"h1","h1":false,"custom_class":"Redefined_section_2text Redefined_section_2text_pdp"}},"richtext_9H46JA":{"type":"richtext","settings":{"text":"<p>Experience the difference in just weeks. Our organic formulations are crafted to deliver visible results naturally, from improved digestion to enhanced vitality.<\/p>","custom_class":"result_pdp_text"}},"icons_with_text_QLqHJr":{"type":"icons_with_text","settings":{"svg1":"<svg xmlns=\"http:\/\/www.w3.org\/2000\/svg\" width=\"21\" height=\"22\" viewBox=\"0 0 21 22\" fill=\"none\">\n  <circle cx=\"10.5\" cy=\"11\" r=\"7.875\" stroke=\"#89DD63\" stroke-width=\"1.75\"\/>\n  <path d=\"M7 11L9.625 13.625L14 8.375\" stroke=\"#89DD63\" stroke-width=\"1.75\"\/>\n<\/svg>","text1":"Balanced Hormones","svg2":"<svg xmlns=\"http:\/\/www.w3.org\/2000\/svg\" width=\"21\" height=\"22\" viewBox=\"0 0 21 22\" fill=\"none\">\n  <circle cx=\"10.5\" cy=\"11\" r=\"7.875\" stroke=\"#89DD63\" stroke-width=\"1.75\"\/>\n  <path d=\"M7 11L9.625 13.625L14 8.375\" stroke=\"#89DD63\" stroke-width=\"1.75\"\/>\n<\/svg>","text2":"Healthier Skin","svg3":"<svg xmlns=\"http:\/\/www.w3.org\/2000\/svg\" width=\"21\" height=\"22\" viewBox=\"0 0 21 22\" fill=\"none\">\n  <circle cx=\"10.5\" cy=\"11\" r=\"7.875\" stroke=\"#89DD63\" stroke-width=\"1.75\"\/>\n  <path d=\"M7 11L9.625 13.625L14 8.375\" stroke=\"#89DD63\" stroke-width=\"1.75\"\/>\n<\/svg>","text3":" Boosted Energy","svg4":"<svg xmlns=\"http:\/\/www.w3.org\/2000\/svg\" width=\"21\" height=\"22\" viewBox=\"0 0 21 22\" fill=\"none\">\n  <circle cx=\"10.5\" cy=\"11\" r=\"7.875\" stroke=\"#89DD63\" stroke-width=\"1.75\"\/>\n  <path d=\"M7 11L9.625 13.625L14 8.375\" stroke=\"#89DD63\" stroke-width=\"1.75\"\/>\n<\/svg>","text4":"Improved Digestion","loading":"lazy","fetchpriority":"low","custom_class":"red_list left red_list_pdp"}},"richtext_Lj8AKA":{"type":"richtext","settings":{"text":"<p><em><strong>“<\/strong><\/em><em>I’ve never felt so energized and balanced. Jennah’s products have made a noticeable difference in my daily life. My skin is glowing, and I finally feel like myself again!<\/em><em><strong>”<\/strong><\/em><\/p>","custom_class":"result_review_text_pdp"}},"icon_with_text_G4DGmK":{"type":"icon_with_text","settings":{"svg1":"<svg xmlns=\"http:\/\/www.w3.org\/2000\/svg\" width=\"24\" height=\"24\" viewBox=\"0 0 24 24\" fill=\"none\">\n  <path fill-rule=\"evenodd\" clip-rule=\"evenodd\" d=\"M12 21C16.9706 21 21 16.9706 21 12C21 7.02944 16.9706 3 12 3C7.02944 3 3 7.02944 3 12C3 16.9706 7.02944 21 12 21ZM11.7682 15.6402L16.7682 9.64018L15.2318 8.35982L10.9328 13.5186L8.70711 11.2929L7.29289 12.7071L10.2929 15.7071L11.0672 16.4814L11.7682 15.6402Z\" fill=\"#FF6F61\"\/>\n<\/svg>","text1":"Anna | 25","loading":"lazy","fetchpriority":"low","custom_class":"result_review_name_pdp"}}},"block_order":["heading_tnq6B9","richtext_9H46JA","icons_with_text_QLqHJr","richtext_Lj8AKA","icon_with_text_G4DGmK"],"settings":{"custom_class":"Redefined_section_2 Redefined_section_2_pdp","custom_id":"","svg_desktop":"","svg_mobile":"","svg_desktop2":"","svg_mobile2":"","bg_color":"#fce5e2","bg_color2":"","color":"#141414","position":"left","position_image":"left","content_size":50,"heading1":"","image":"shopify:\/\/shop_images\/trust_img1.png","heading2":"","loading":"lazy","fetchpriority":"low","image_size":50,"padding_top":56,"padding_bottom":56,"padding_top_mobile":43,"padding_bottom_mobile":23}},"richtext_lp_Wjf8eX":{"type":"richtext_lp","blocks":{"heading_EtQBjq":{"type":"heading","settings":{"text":"Your Journey to <em>Hormonal Balance<\/em>","heading_size":"h1","h1":false,"custom_class":"balance_heading_pdp"}},"richtext_gkfwAA":{"type":"richtext","settings":{"text":"<p>Discover how Jennah Organics supports you every step of the way with nature-inspired solutions.<\/p>","custom_class":"balance_text_pdp"}}},"block_order":["heading_EtQBjq","richtext_gkfwAA"],"settings":{"custom_class":"balance_pdp_main","custom_id":"","svg_desktop":"","svg_mobile":"","svg_desktop2":"","svg_mobile2":"","bg_color":"","bg_color2":"","color":"#141414","position":"center","padding_top":70,"padding_bottom":29,"padding_top_mobile":30,"padding_bottom_mobile":10}},"image_width_text_lp_Gm89tT":{"type":"image_width_text_lp","blocks":{"richtext_H9PKma":{"type":"richtext","settings":{"text":"<ul><li><strong>Hormonal Harmony & Well-being<\/strong>Balances key hormones to support menstrual health, PMS relief, and menopause comfort.<\/li><li><strong>Weight & Metabolism Support<\/strong>Helps regulate cravings, reduce bloating, and promote a healthy metabolism for weight management.<\/li><li><strong>Mood, Energy & Sleep Boost<\/strong>Combats hormonal fatigue, enhances mood, and promotes deep, restful sleep.<\/li><li><strong>Clean, Natural & Effective<\/strong>Crafted with 100% natural ingredients, vegan, cruelty-free, and free from artificial additives.<\/li><\/ul>","custom_class":"balance_ul_custom"}}},"block_order":["richtext_H9PKma"],"settings":{"custom_class":"balance_bottom_lp","custom_id":"","svg_desktop":"","svg_mobile":"","svg_desktop2":"","svg_mobile2":"","bg_color":"","bg_color2":"","color":"#141414","position":"left","position_image":"left","content_size":50,"heading1":"","image":"shopify:\/\/shop_images\/gif_desktop.gif","heading2":"","loading":"eager","fetchpriority":"high","image_size":50,"padding_top":30,"padding_bottom":70,"padding_top_mobile":10,"padding_bottom_mobile":30}},"column_slider2_xyGgHf":{"type":"column_slider2","blocks":{"column_hPywtT":{"type":"column","settings":{"image":"shopify:\/\/shop_images\/Ontwerp_zonder_titel_17_1d4c4730-fc3e-4aea-851a-349b86270e08.png","loading":"eager","fetchpriority":"high","title":"Days 1-7","text":"Your journey begins as your body starts to absorb the natural, hormone-balancing ingredients. In these early days, you may notice subtle improvements in mood and a reduction in stress as your body adjusts to the support."}},"column_rq4hNa":{"type":"column","settings":{"image":"shopify:\/\/shop_images\/Ontwerp_zonder_titel_20.png","loading":"eager","fetchpriority":"high","title":"Days 7-30","text":"As your body adapts, mood and energy improve. Balanced hormones reduce fluid retention and fat storage, helping to slim a double chin and define your jawline."}},"column_ACPrAQ":{"type":"column","settings":{"image":"shopify:\/\/shop_images\/Ontwerp_zonder_titel_19_e2951b96-fdd0-442b-9fef-908245191e61.png","loading":"eager","fetchpriority":"high","title":"Days 30-90","text":"By now, your body fully benefits from hormonal support, with a more stable mood, better sleep, steady energy, and a lasting sense of balance and well-being."}}},"block_order":["column_hPywtT","column_rq4hNa","column_ACPrAQ"],"settings":{"custom_class":"potential_lp_pdp","custom_id":"","bg_color":"","color":"","heading":"Unlock Your Body’s Full Potential","subheading":"Experience gradual, transformative results as your body restores balance and vitality.","padding_top":70,"padding_bottom":70,"padding_top_mobile":30,"padding_bottom_mobile":35}},"image_width_text_lp_3EUBK3":{"type":"image_width_text_lp","blocks":{"heading_bFpDaX":{"type":"heading","settings":{"text":"Pure by Design","heading_size":"h1","h1":false,"custom_class":"pdp_design_heading"}},"richtext_GWzBFP":{"type":"richtext","settings":{"text":"<p>We leave out the unnecessary to give you the very best.<\/p>","custom_class":"pdp_design_text"}},"icons_with_text_new_RPEbNc":{"type":"icons_with_text_new","settings":{"svg1":"<svg xmlns=\"http:\/\/www.w3.org\/2000\/svg\" width=\"26\" height=\"26\" viewBox=\"0 0 26 26\" fill=\"none\">\n  <path d=\"M13 22.4375C11.7935 22.4375 10.5988 22.1999 9.4841 21.7381C8.36942 21.2764 7.35659 20.5997 6.50346 19.7465C5.65032 18.8934 4.97357 17.8806 4.51186 16.7659C4.05014 15.6512 3.8125 14.4565 3.8125 13.25C3.8125 12.0435 4.05014 10.8488 4.51186 9.73409C4.97357 8.61942 5.65032 7.60659 6.50346 6.75346C7.3566 5.90032 8.36942 5.22357 9.4841 4.76186C10.5988 4.30014 11.7935 4.0625 13 4.0625C14.2065 4.0625 15.4012 4.30014 16.5159 4.76186C17.6306 5.22357 18.6434 5.90032 19.4965 6.75346C20.3497 7.6066 21.0264 8.61942 21.4881 9.7341C21.9499 10.8488 22.1875 12.0435 22.1875 13.25C22.1875 14.4565 21.9499 15.6512 21.4881 16.7659C21.0264 17.8806 20.3497 18.8934 19.4965 19.7465C18.6434 20.5997 17.6306 21.2764 16.5159 21.7381C15.4012 22.1999 14.2065 22.4375 13 22.4375L13 22.4375Z\" stroke=\"#FF6F61\" stroke-opacity=\"0.3\" stroke-width=\"0.75\"\/>\n  <path d=\"M9.8125 10.0625L16.1875 16.4375\" stroke=\"#FF6F61\" stroke-width=\"1.275\" stroke-linecap=\"round\"\/>\n  <path d=\"M16.1875 10.0625L9.8125 16.4375\" stroke=\"#FF6F61\" stroke-width=\"1.275\" stroke-linecap=\"round\"\/>\n<\/svg>","title1":"Artificial Hormone Disruptors","text1":"Artificial Hormone Disruptors","svg2":"<svg xmlns=\"http:\/\/www.w3.org\/2000\/svg\" width=\"26\" height=\"26\" viewBox=\"0 0 26 26\" fill=\"none\">\n  <path d=\"M13 22.4375C11.7935 22.4375 10.5988 22.1999 9.4841 21.7381C8.36942 21.2764 7.35659 20.5997 6.50346 19.7465C5.65032 18.8934 4.97357 17.8806 4.51186 16.7659C4.05014 15.6512 3.8125 14.4565 3.8125 13.25C3.8125 12.0435 4.05014 10.8488 4.51186 9.73409C4.97357 8.61942 5.65032 7.60659 6.50346 6.75346C7.3566 5.90032 8.36942 5.22357 9.4841 4.76186C10.5988 4.30014 11.7935 4.0625 13 4.0625C14.2065 4.0625 15.4012 4.30014 16.5159 4.76186C17.6306 5.22357 18.6434 5.90032 19.4965 6.75346C20.3497 7.6066 21.0264 8.61942 21.4881 9.7341C21.9499 10.8488 22.1875 12.0435 22.1875 13.25C22.1875 14.4565 21.9499 15.6512 21.4881 16.7659C21.0264 17.8806 20.3497 18.8934 19.4965 19.7465C18.6434 20.5997 17.6306 21.2764 16.5159 21.7381C15.4012 22.1999 14.2065 22.4375 13 22.4375L13 22.4375Z\" stroke=\"#FF6F61\" stroke-opacity=\"0.3\" stroke-width=\"0.75\"\/>\n  <path d=\"M9.8125 10.0625L16.1875 16.4375\" stroke=\"#FF6F61\" stroke-width=\"1.275\" stroke-linecap=\"round\"\/>\n  <path d=\"M16.1875 10.0625L9.8125 16.4375\" stroke=\"#FF6F61\" stroke-width=\"1.275\" stroke-linecap=\"round\"\/>\n<\/svg>","title2":"Synthetic Fillers","text2":"Synthetic Fillers","svg3":"<svg xmlns=\"http:\/\/www.w3.org\/2000\/svg\" width=\"26\" height=\"26\" viewBox=\"0 0 26 26\" fill=\"none\">\n  <path d=\"M13 22.4375C11.7935 22.4375 10.5988 22.1999 9.4841 21.7381C8.36942 21.2764 7.35659 20.5997 6.50346 19.7465C5.65032 18.8934 4.97357 17.8806 4.51186 16.7659C4.05014 15.6512 3.8125 14.4565 3.8125 13.25C3.8125 12.0435 4.05014 10.8488 4.51186 9.73409C4.97357 8.61942 5.65032 7.60659 6.50346 6.75346C7.3566 5.90032 8.36942 5.22357 9.4841 4.76186C10.5988 4.30014 11.7935 4.0625 13 4.0625C14.2065 4.0625 15.4012 4.30014 16.5159 4.76186C17.6306 5.22357 18.6434 5.90032 19.4965 6.75346C20.3497 7.6066 21.0264 8.61942 21.4881 9.7341C21.9499 10.8488 22.1875 12.0435 22.1875 13.25C22.1875 14.4565 21.9499 15.6512 21.4881 16.7659C21.0264 17.8806 20.3497 18.8934 19.4965 19.7465C18.6434 20.5997 17.6306 21.2764 16.5159 21.7381C15.4012 22.1999 14.2065 22.4375 13 22.4375L13 22.4375Z\" stroke=\"#FF6F61\" stroke-opacity=\"0.3\" stroke-width=\"0.75\"\/>\n  <path d=\"M9.8125 10.0625L16.1875 16.4375\" stroke=\"#FF6F61\" stroke-width=\"1.275\" stroke-linecap=\"round\"\/>\n  <path d=\"M16.1875 10.0625L9.8125 16.4375\" stroke=\"#FF6F61\" stroke-width=\"1.275\" stroke-linecap=\"round\"\/>\n<\/svg>","title3":"Parabens","text3":"Parabens","svg4":"<svg xmlns=\"http:\/\/www.w3.org\/2000\/svg\" width=\"26\" height=\"26\" viewBox=\"0 0 26 26\" fill=\"none\">\n  <path d=\"M13 22.4375C11.7935 22.4375 10.5988 22.1999 9.4841 21.7381C8.36942 21.2764 7.35659 20.5997 6.50346 19.7465C5.65032 18.8934 4.97357 17.8806 4.51186 16.7659C4.05014 15.6512 3.8125 14.4565 3.8125 13.25C3.8125 12.0435 4.05014 10.8488 4.51186 9.73409C4.97357 8.61942 5.65032 7.60659 6.50346 6.75346C7.3566 5.90032 8.36942 5.22357 9.4841 4.76186C10.5988 4.30014 11.7935 4.0625 13 4.0625C14.2065 4.0625 15.4012 4.30014 16.5159 4.76186C17.6306 5.22357 18.6434 5.90032 19.4965 6.75346C20.3497 7.6066 21.0264 8.61942 21.4881 9.7341C21.9499 10.8488 22.1875 12.0435 22.1875 13.25C22.1875 14.4565 21.9499 15.6512 21.4881 16.7659C21.0264 17.8806 20.3497 18.8934 19.4965 19.7465C18.6434 20.5997 17.6306 21.2764 16.5159 21.7381C15.4012 22.1999 14.2065 22.4375 13 22.4375L13 22.4375Z\" stroke=\"#FF6F61\" stroke-opacity=\"0.3\" stroke-width=\"0.75\"\/>\n  <path d=\"M9.8125 10.0625L16.1875 16.4375\" stroke=\"#FF6F61\" stroke-width=\"1.275\" stroke-linecap=\"round\"\/>\n  <path d=\"M16.1875 10.0625L9.8125 16.4375\" stroke=\"#FF6F61\" stroke-width=\"1.275\" stroke-linecap=\"round\"\/>\n<\/svg>","title4":"Gluten","text4":"Gluten","svg5":"<svg xmlns=\"http:\/\/www.w3.org\/2000\/svg\" width=\"26\" height=\"26\" viewBox=\"0 0 26 26\" fill=\"none\">\n  <path d=\"M13 22.4375C11.7935 22.4375 10.5988 22.1999 9.4841 21.7381C8.36942 21.2764 7.35659 20.5997 6.50346 19.7465C5.65032 18.8934 4.97357 17.8806 4.51186 16.7659C4.05014 15.6512 3.8125 14.4565 3.8125 13.25C3.8125 12.0435 4.05014 10.8488 4.51186 9.73409C4.97357 8.61942 5.65032 7.60659 6.50346 6.75346C7.3566 5.90032 8.36942 5.22357 9.4841 4.76186C10.5988 4.30014 11.7935 4.0625 13 4.0625C14.2065 4.0625 15.4012 4.30014 16.5159 4.76186C17.6306 5.22357 18.6434 5.90032 19.4965 6.75346C20.3497 7.6066 21.0264 8.61942 21.4881 9.7341C21.9499 10.8488 22.1875 12.0435 22.1875 13.25C22.1875 14.4565 21.9499 15.6512 21.4881 16.7659C21.0264 17.8806 20.3497 18.8934 19.4965 19.7465C18.6434 20.5997 17.6306 21.2764 16.5159 21.7381C15.4012 22.1999 14.2065 22.4375 13 22.4375L13 22.4375Z\" stroke=\"#FF6F61\" stroke-opacity=\"0.3\" stroke-width=\"0.75\"\/>\n  <path d=\"M9.8125 10.0625L16.1875 16.4375\" stroke=\"#FF6F61\" stroke-width=\"1.275\" stroke-linecap=\"round\"\/>\n  <path d=\"M16.1875 10.0625L9.8125 16.4375\" stroke=\"#FF6F61\" stroke-width=\"1.275\" stroke-linecap=\"round\"\/>\n<\/svg>","title5":"Animal By-Products","text5":"Animal By-Products","svg6":"<svg xmlns=\"http:\/\/www.w3.org\/2000\/svg\" width=\"26\" height=\"26\" viewBox=\"0 0 26 26\" fill=\"none\">\n  <path d=\"M13 22.4375C11.7935 22.4375 10.5988 22.1999 9.4841 21.7381C8.36942 21.2764 7.35659 20.5997 6.50346 19.7465C5.65032 18.8934 4.97357 17.8806 4.51186 16.7659C4.05014 15.6512 3.8125 14.4565 3.8125 13.25C3.8125 12.0435 4.05014 10.8488 4.51186 9.73409C4.97357 8.61942 5.65032 7.60659 6.50346 6.75346C7.3566 5.90032 8.36942 5.22357 9.4841 4.76186C10.5988 4.30014 11.7935 4.0625 13 4.0625C14.2065 4.0625 15.4012 4.30014 16.5159 4.76186C17.6306 5.22357 18.6434 5.90032 19.4965 6.75346C20.3497 7.6066 21.0264 8.61942 21.4881 9.7341C21.9499 10.8488 22.1875 12.0435 22.1875 13.25C22.1875 14.4565 21.9499 15.6512 21.4881 16.7659C21.0264 17.8806 20.3497 18.8934 19.4965 19.7465C18.6434 20.5997 17.6306 21.2764 16.5159 21.7381C15.4012 22.1999 14.2065 22.4375 13 22.4375L13 22.4375Z\" stroke=\"#FF6F61\" stroke-opacity=\"0.3\" stroke-width=\"0.75\"\/>\n  <path d=\"M9.8125 10.0625L16.1875 16.4375\" stroke=\"#FF6F61\" stroke-width=\"1.275\" stroke-linecap=\"round\"\/>\n  <path d=\"M16.1875 10.0625L9.8125 16.4375\" stroke=\"#FF6F61\" stroke-width=\"1.275\" stroke-linecap=\"round\"\/>\n<\/svg>","title6":"Added Sugars","text6":"Added Sugars","svg7":"<svg xmlns=\"http:\/\/www.w3.org\/2000\/svg\" width=\"26\" height=\"26\" viewBox=\"0 0 26 26\" fill=\"none\">\n  <path d=\"M13 22.4375C11.7935 22.4375 10.5988 22.1999 9.4841 21.7381C8.36942 21.2764 7.35659 20.5997 6.50346 19.7465C5.65032 18.8934 4.97357 17.8806 4.51186 16.7659C4.05014 15.6512 3.8125 14.4565 3.8125 13.25C3.8125 12.0435 4.05014 10.8488 4.51186 9.73409C4.97357 8.61942 5.65032 7.60659 6.50346 6.75346C7.3566 5.90032 8.36942 5.22357 9.4841 4.76186C10.5988 4.30014 11.7935 4.0625 13 4.0625C14.2065 4.0625 15.4012 4.30014 16.5159 4.76186C17.6306 5.22357 18.6434 5.90032 19.4965 6.75346C20.3497 7.6066 21.0264 8.61942 21.4881 9.7341C21.9499 10.8488 22.1875 12.0435 22.1875 13.25C22.1875 14.4565 21.9499 15.6512 21.4881 16.7659C21.0264 17.8806 20.3497 18.8934 19.4965 19.7465C18.6434 20.5997 17.6306 21.2764 16.5159 21.7381C15.4012 22.1999 14.2065 22.4375 13 22.4375L13 22.4375Z\" stroke=\"#FF6F61\" stroke-opacity=\"0.3\" stroke-width=\"0.75\"\/>\n  <path d=\"M9.8125 10.0625L16.1875 16.4375\" stroke=\"#FF6F61\" stroke-width=\"1.275\" stroke-linecap=\"round\"\/>\n  <path d=\"M16.1875 10.0625L9.8125 16.4375\" stroke=\"#FF6F61\" stroke-width=\"1.275\" stroke-linecap=\"round\"\/>\n<\/svg>","title7":"GMOs","text7":"GMOs","svg8":"<svg xmlns=\"http:\/\/www.w3.org\/2000\/svg\" width=\"26\" height=\"26\" viewBox=\"0 0 26 26\" fill=\"none\">\n  <path d=\"M13 22.4375C11.7935 22.4375 10.5988 22.1999 9.4841 21.7381C8.36942 21.2764 7.35659 20.5997 6.50346 19.7465C5.65032 18.8934 4.97357 17.8806 4.51186 16.7659C4.05014 15.6512 3.8125 14.4565 3.8125 13.25C3.8125 12.0435 4.05014 10.8488 4.51186 9.73409C4.97357 8.61942 5.65032 7.60659 6.50346 6.75346C7.3566 5.90032 8.36942 5.22357 9.4841 4.76186C10.5988 4.30014 11.7935 4.0625 13 4.0625C14.2065 4.0625 15.4012 4.30014 16.5159 4.76186C17.6306 5.22357 18.6434 5.90032 19.4965 6.75346C20.3497 7.6066 21.0264 8.61942 21.4881 9.7341C21.9499 10.8488 22.1875 12.0435 22.1875 13.25C22.1875 14.4565 21.9499 15.6512 21.4881 16.7659C21.0264 17.8806 20.3497 18.8934 19.4965 19.7465C18.6434 20.5997 17.6306 21.2764 16.5159 21.7381C15.4012 22.1999 14.2065 22.4375 13 22.4375L13 22.4375Z\" stroke=\"#FF6F61\" stroke-opacity=\"0.3\" stroke-width=\"0.75\"\/>\n  <path d=\"M9.8125 10.0625L16.1875 16.4375\" stroke=\"#FF6F61\" stroke-width=\"1.275\" stroke-linecap=\"round\"\/>\n  <path d=\"M16.1875 10.0625L9.8125 16.4375\" stroke=\"#FF6F61\" stroke-width=\"1.275\" stroke-linecap=\"round\"\/>\n<\/svg>","title8":"Dairy & Lactose","text8":"Dairy & Lactose","loading":"lazy","fetchpriority":"low","custom_class":"nasties_list"}}},"block_order":["heading_bFpDaX","richtext_GWzBFP","icons_with_text_new_RPEbNc"],"settings":{"custom_class":"no_nasties no_nasties_pdp","custom_id":"","svg_desktop":"","svg_mobile":"","svg_desktop2":"","svg_mobile2":"","bg_color":"","bg_color2":"","color":"#141414","position":"left","position_image":"left","content_size":50,"heading1":"","image":"shopify:\/\/shop_images\/Zonder_titel_1767_x_1344_px.png","heading2":"","loading":"lazy","fetchpriority":"low","image_size":50,"padding_top":70,"padding_bottom":70,"padding_top_mobile":30,"padding_bottom_mobile":30}},"faq_lp_NE3ay3":{"type":"faq_lp","blocks":{"faq_EqGibq":{"type":"faq","settings":{"question":"How do I use Hormone Balance?","answer":"<p>Simply take 1 to 2 capsules before bedtime. Then, you can peacefully end your day and experience the benefits.<\/p>"}},"faq_qdfamn":{"type":"faq","settings":{"question":"How do the formulas taste?","answer":"<p>The ingredients are tightly encapsulated in small vegetarian capsules, so you don't feel the taste or aroma.<\/p>"}},"faq_wi4hQR":{"type":"faq","settings":{"question":"How long does a jar last?","answer":"<p>One jar of Hormon Balance contains 30 servings. However, it is designed to last a month. We recommend taking 2 capsules a day 6 out of 7 days.<\/p>"}},"faq_TmHPXW":{"type":"faq","settings":{"question":"What are the ingredients of this formula?","answer":"<p>Our hormone balance formula is carefully formulated with a blend of natural ingredients that work synergistically to support hormonal health.<\/p><p><em><strong>The key ingredients are inositol, monk's pepper, ashwagandha, pinus extract and magnesium.<\/strong><\/em><\/p><p><strong>Inositol<\/strong> promotes hormonal balance and mental well-being, while <strong>Monk's pepper<\/strong> helps regulate the menstrual cycle and relieves symptoms of PMS.<\/p><p><strong>Ashwagandha <\/strong>supports overall hormonal health and reduces stress.<\/p><p><strong>Pine extract<\/strong> has antioxidant and anti-inflammatory properties.Finally, magnesium plays a crucial role in hormone synthesis and overall hormone balance.<\/p><p>Together, these carefully selected ingredients form a powerful formula to support your hormonal well-being.<\/p>"}},"faq_HhiWxJ":{"type":"faq","settings":{"question":"When can I expect results?","answer":"<p>These are the typical results we have observed in many of our more than <strong>31,643 satisfied customers, <\/strong>as well as the scientific studies behind our ingredients:<\/p><ul><li>Boosts energy levels and mood from day 1<\/li><li>Diminishes bloating and fluid retention in 1 to 3 days<\/li><li>Eliminates hot flushes in just 4 to 7 days<\/li><li>Leads to deep, uninterrupted sleep in 5 to 7 days<\/li><li>Starts hormonal weight change in 15 to 30 days<\/li><\/ul>"}},"faq_E89NFj":{"type":"faq","settings":{"question":"Where is Hormone Balance made?","answer":"<p>Hormone Balance is produced in small batches to ensure high quality. We produce it in the Netherlands under the strict safety standards of the European Union. These are the world's leading quality certification standards and benchmark tests for ingredients, production and finished products.<\/p>"}},"faq_TkJHmq":{"type":"faq","settings":{"question":"Product disclaimers and medical information","answer":"<p>It is recommended to consult a doctor before using our product while breastfeeding.<\/p><p>Breastfeeding mothers should take special care when using supplements, as the substances may pass into breast milk and affect the infant.<\/p><p>Although our product contains natural ingredients, it is important to ensure safety and suitability for use while breastfeeding.<\/p><p>Medical professionals can advise you on your individual situation and help you make an informed decision about taking supplements while breastfeeding.<\/p><p>The health and well-being of both mother and baby are crucial during this important period.<\/p>"}}},"block_order":["faq_EqGibq","faq_qdfamn","faq_wi4hQR","faq_TmHPXW","faq_HhiWxJ","faq_E89NFj","faq_TkJHmq"],"settings":{"custom_class":"faq_main faq_main_pdp","custom_id":"","bg_color":"","color":"#141414","heading":"Frequently Asked <em>Questions<\/em>","text":"Formulated by professionals,<em>Here to help<\/em>","padding_top":70,"padding_bottom":35,"padding_top_mobile":25,"padding_bottom_mobile":20}},"products_slider_TrbXHw":{"type":"products_slider","blocks":{"product_UwFN3t":{"type":"product","settings":{"product":"flat-belly-30-day-colon-detox","loading":"eager","fetchpriority":"high","title":"Flat Belly","text":"Colon detox","image1":"shopify:\/\/shop_images\/section_3_icon1.webp","text1":"100% organic materials","image2":"shopify:\/\/shop_images\/section_3_icon2.webp","text2":"Low calories"}},"product_eXirjb":{"type":"product","settings":{"product":"burn-boost-natural-fat-burner","loading":"eager","fetchpriority":"high","title":"Burn Boost","text":"Natural fat burner","image1":"shopify:\/\/shop_images\/section_3_icon3.webp","text1":"Boosts metabolism","image2":"shopify:\/\/shop_images\/section_3_icon4.webp","text2":"Clinically proven ingredients"}},"product_GELGXR":{"type":"product","settings":{"product":"hormone-balance-myo-chiro-inositol-1","loading":"eager","fetchpriority":"high","title":"Hormone Balance","text":"Hormonal weight management","image1":"shopify:\/\/shop_images\/section_3_icon5.webp","text1":"Scientifically backed formula","image2":"shopify:\/\/shop_images\/section_3_icon6.webp","text2":"Promotes hormonal balance"}},"product_UxbGWz":{"type":"product","settings":{"product":"liver-cleanse-1","loading":"eager","fetchpriority":"high","title":"Liver Cleanse","text":"Liver detox","image1":"shopify:\/\/shop_images\/section_3_icon7.webp","text1":"Promotes healthy liver function","image2":"shopify:\/\/shop_images\/section_3_icon8.webp","text2":"Aids in digestion & energy"}}},"block_order":["product_UwFN3t","product_eXirjb","product_GELGXR","product_UxbGWz"],"settings":{"custom_class":"pdp_products_slider","custom_id":"","bg_color":"","color":"#141414","stock_text":"Order now for <strong>FREE <\/strong>delivery by:","days":"2","heading":"We know you’ll love these too","subheading":"Perfect companions to enhance your wellness journey.","button_label":"","button_link":"","text1":"","loading":"lazy","fetchpriority":"low","padding_top":70,"padding_bottom":63,"padding_top_mobile":30,"padding_bottom_mobile":15}},"image_width_text_lp_4N6CcY":{"type":"image_width_text_lp","blocks":{"heading_kWadQm":{"type":"heading","settings":{"text":"Join the <em>Wellness Journey<\/em>","heading_size":"h1","h1":false,"custom_class":"Redefined_section_11text"}},"richtext_bkeFXd":{"type":"richtext","settings":{"text":"<p>Get exclusive offers, tips, and updates delivered straight to your inbox.<\/p>","custom_class":""}},"html_YFWahQ":{"type":"html","settings":{"text":"<div class=\"signup_custom_form\">\n\t{% form 'customer', class: 'signup-form' %}\n\t\t\t<input name=\"contact[tags]\" type=\"hidden\" value=\"newsletter\" \/>\n\t\t\t{%- if form.errors -%}\n\t\t\t\t<div class=\"form-notification error\" id=\"Newsletter-error--{{ section.id }}\">\n\t\t\t\t\t{% render 'svg-icons' with 'thb-error' %} {{ form.errors.translated_fields['email'] | capitalize }} {{ form.errors.messages['email'] }}\n\t\t\t\t<\/div>\n\t\t\t{%- endif -%}\n\t\t\t{%- if form.posted_successfully? -%}\n\t\t\t\t<div class=\"form-notification success\" id=\"Newsletter-success--{{ section.id }}\">\n\t\t\t\t\t{% render 'svg-icons' with 'thb-success' %} {{ 'newsletter.success' | t }}\n\t\t\t\t<\/div>\n\t\t\t{%- endif -%}\n\t\t\t<div class=\"input_main\">\n\t\t\t\t<input\n\t\t\t\t\tplaceholder=\"Enter your email\"\n\t\t\t\t\ttype=\"email\"\n\t\t\t\t\tid=\"NewsletterForm--{{ section.id }}\"\n\t\t\t\t\tname=\"contact[email]\"\n\t\t\t\t\tautocorrect=\"off\"\n\t\t\t\t\tautocapitalize=\"off\"\n\t\t\t\t\tautocomplete=\"email\"\n\t\t\t\t\tvalue=\"{{ form.email }}\"\n\t\t\t\t\tpattern=\"^([a-zA-Z0-9_\\-\\.]+)@((\\[[0-9]{1,3}\\.[0-9]{1,3}\\.[0-9]{1,3}\\.)|(([a-zA-Z0-9\\-]+\\.)+))([a-zA-Z]{2,4}|[0-9]{1,3})(\\]?)$\"\n\t\t\t\t\ttitle=\"xxx@xxx.xxx\"\n\t\t\t\t\t{% if form.errors %}\n\t\t\t\t\t\tautofocus\n\t\t\t\t\t\taria-invalid=\"true\"\n\t\t\t\t\t\taria-describedby=\"Newsletter-error--{{ section.id }}\"\n\t\t\t\t\t{% elsif form.posted_successfully? %}\n\t\t\t\t\t\taria-describedby=\"Newsletter-success--{{ section.id }}\"\n\t\t\t\t\t{% endif %}\n\t\t\t\t\trequired\n\t\t\t\t\/>\n\t\t\t<button class=\"submit_hk_button\" type=\"submit\" aria-label=\"{{ 'sections.signup.enter_your_email' | t }}\">Submit<svg xmlns=\"http:\/\/www.w3.org\/2000\/svg\" width=\"14\" height=\"16\" viewBox=\"0 0 14 16\" fill=\"none\">\n  <path d=\"M1 7C0.447715 7 0 7.44772 0 8C0 8.55228 0.447715 9 1 9V7ZM13.7071 8.70711C14.0976 8.31658 14.0976 7.68342 13.7071 7.29289L7.34315 0.928932C6.95262 0.538408 6.31946 0.538408 5.92893 0.928932C5.53841 1.31946 5.53841 1.95262 5.92893 2.34315L11.5858 8L5.92893 13.6569C5.53841 14.0474 5.53841 14.6805 5.92893 15.0711C6.31946 15.4616 6.95262 15.4616 7.34315 15.0711L13.7071 8.70711ZM1 9H13V7H1V9Z\" fill=\"#FF6F61\"\/>\n<\/svg><\/button>\n\t\t\t<\/div>\n\n\t{% endform %}\n<\/div>","custom_class":""}}},"block_order":["heading_kWadQm","richtext_bkeFXd","html_YFWahQ"],"settings":{"custom_class":"real_results real_results_pdp","custom_id":"","svg_desktop":"","svg_mobile":"","svg_desktop2":"","svg_mobile2":"","bg_color":"#f2f2f2","bg_color2":"","color":"#141414","position":"left","position_image":"left","content_size":50,"heading1":"","image":"shopify:\/\/shop_images\/section_11_img.webp","heading2":"","loading":"lazy","fetchpriority":"low","image_size":50,"padding_top":70,"padding_bottom":70,"padding_top_mobile":14,"padding_bottom_mobile":25}}},"order":["product_lp_yx7KC8","review_slider_LtcTDJ","richtext_lp_7qKinU","image_width_text_lp_LXC3Wq","column_slider2_hCtBbp","richtext_lp_wxAcmN","image_width_text_lp_7wpBKn","icons_with_text_lp_7idjx6","richtext_lp_hUeUCf","richtext_lp_9k7KPX","17382175532bd9a146","richtext_lp_bgWPAg","video_slider_lp_DY39dH","image_width_text_lp_gacqxa","richtext_lp_Wjf8eX","image_width_text_lp_Gm89tT","column_slider2_xyGgHf","image_width_text_lp_3EUBK3","faq_lp_NE3ay3","products_slider_TrbXHw","image_width_text_lp_4N6CcY"]}