{"current":{"preorder_solid_button_background":"#000000","preorder_solid_button_label":"#fafaf8","preorder_above_text":"𝗗𝗼𝗻'𝘁 𝗺𝗶𝘀𝘀 𝗼𝘂𝘁!","preorder_above_text_color":"#2e3192","preorder_below_text":"𝗔𝘃𝗮𝗶𝗹𝗮𝗯𝗹𝗲 𝗶𝗻 𝟯 𝘄𝗲𝗲𝗸𝘀 𝙙𝙪𝙚 𝙩𝙤 𝙝𝙞𝙜𝙝 𝙙𝙚𝙢𝙖𝙣𝙙. 𝙋𝙧𝙚-𝙤𝙧𝙙𝙚𝙧 𝙣𝙤𝙬 𝙗𝙚𝙛𝙤𝙧𝙚 𝙞𝙩’𝙨 𝙨𝙤𝙡𝙙 𝙤𝙪𝙩 𝙖𝙜𝙖𝙞𝙣!","preorder_below_bg_color":"#dedede","sales-text":"SALE","sales-color":"#2e3192","heading_font":"univers_next_typewriter_n4","heading_font_scale":90,"heading_font_letter_spacing":0,"body_font":"poppins_n4","body_font_scale":90,"body_font_line_height_scale":90,"announcement_font_scale":105,"navigation_font_scale":100,"navigation_uppercase":false,"product_title_font_scale":90,"product_title_line_height_scale":80,"product_title_uppercase":true,"button_letter_spacing":10,"button_uppercase":true,"color_body_bg":"#fafaf8","color_body":"#2e2930","color_accent":"#2e2930","color_border":"#e9e9e9","color_announcement_bar_text":"#2e2930","color_announcement_bar_bg":"#fff88a","color_header_bg":"#fafaf8","color_header_text":"#2e2930","color_header_links":"#2e2930","color_header_links_hover":"#2e2930","color_header_icons":"#2e2930","color_header_border":"#eaeaea","solid_button_background":"#ce4c3f","solid_button_label":"#ffffff","outline_button_label":"#2e3192","color_price":"#2e3192","color_dots":"#2e2930","color_inventory_instock":"#3a8437","color_footer_text":"#2e2930","color_footer_link":"#2e2930","color_footer_link_hover":"#2e2930","color_footer_border":"#2e2930","color_footer_bg":"#b57b55","section_spacing_desktop":90,"animations":true,"button_border_radius":7,"social_share_pinterest":true,"product_aspect_ratio":"adapt","products_hover_images":false,"products_hover_images_count":0,"products_hover_dots":false,"enable_quick_add":false,"enable_quick_view":false,"show_products_vendor":false,"show_products_swatches":false,"show_products_rating":false,"sale_badge_type":"save_amount","badge_position":"top right","cart_drawer":true,"cart_drawer_notes":false,"cart_recommendations":false,"cart_drawer_cart_button":false,"cart_drawer_checkout_button":true,"free_shipping":true,"free_shipping_minimum":"50","search_menu":"main-menu","search_product_collection":"balms","lazy_loading":false,"favicon":"shopify:\/\/shop_images\/Zonder_titel_160_x_160_px_1000_x_1000_px_2.png","checkout_logo_image":"shopify:\/\/shop_images\/Ontwerp_zonder_titel_-_2023-05-15T134725.963.png","checkout_logo_size":"medium","checkout_accent_color":"#2e3192","checkout_button_color":"#2e3192","sections":{"announcement-bar":{"type":"announcement-bar","blocks":{"03563edc-5c33-49b7-b848-878d67e0c6b4":{"type":"text","settings":{"icon":"ruler","text":"Add campaign text here.","link":""}},"b122c7d9-bfb2-4e2f-9044-8b7d1b325ec6":{"type":"text","settings":{"icon":"ruler","text":"Add campaign text here.","link":""}}},"block_order":["03563edc-5c33-49b7-b848-878d67e0c6b4","b122c7d9-bfb2-4e2f-9044-8b7d1b325ec6"],"settings":{"announcement_bar":false,"announcement_bar_homepage_only":false,"direction":"left","speed":"20s"}},"header":{"type":"header","blocks":{"c947d47d-abab-4f58-b89e-58ad729f6986":{"type":"megamenu","settings":{"position":"2","promo_1_heading":"Promotion heading","promo_1_link_label":"Shop","promo_1_link":"","promo_2_heading":"Promotion heading","promo_2_link_label":"Shop","promo_2_link":""}}},"block_order":["c947d47d-abab-4f58-b89e-58ad729f6986"],"settings":{"logo":"shopify:\/\/shop_images\/logo.png","logo_height_range":36,"logo_height_range_mobile":24,"style":"style4","header_shadow":"header--shadow-small","menu":"main-menu","transparent_header":true,"logo_light":"shopify:\/\/shop_images\/logo-w.png","show_language_switcher":false,"show_currency_switcher":true,"mobile_secondary_menu":"company","mobile_promo_heading":"Alexandre Vauthier A\/W 22 Haute Couture","mobile_promo_link_label":"Shop","mobile_promo_link":"shopify:\/\/collections\/all"}},"footer":{"type":"footer","blocks":{"35683700-a4a8-4596-ba5f-8c0314345814":{"type":"signup","settings":{"column_size":"medium","title":"NEWSLETTER","text":"<p>Sign up for our newsletter and receive 10% off your first order!<\/p>"}},"f9e6f4c5-6d79-4c47-9dd0-41a187f487ed":{"type":"text","settings":{"column_size":"small","title":"","text":"<p><\/p>","text_size":"medium","button_text":"","button_link":"","show_social_links":true}},"401e3886-6cb7-4742-8fda-45a0d97a26a3":{"type":"menu","settings":{"column_size":"small","title":"COMPANY","menu":"company"}},"00a364e5-af4e-4073-871b-4d533bd4da06":{"type":"menu","settings":{"column_size":"small","title":"RESOURCES","menu":"resources"}},"a09a8a35-bedc-4119-aa04-3ce886faba9d":{"type":"menu","settings":{"column_size":"small","title":"SUPPORT","menu":"support"}}},"block_order":["35683700-a4a8-4596-ba5f-8c0314345814","f9e6f4c5-6d79-4c47-9dd0-41a187f487ed","401e3886-6cb7-4742-8fda-45a0d97a26a3","00a364e5-af4e-4073-871b-4d533bd4da06","a09a8a35-bedc-4119-aa04-3ce886faba9d"],"settings":{"full_width":false,"copyright_text":"All rights reserved.","show_language_switcher":true,"show_currency_switcher":true,"show_payment_icons":true}},"cart-drawer":{"type":"cart-drawer","blocks":{"product_UxER9n":{"type":"product","settings":{"product":"liver-cleanse-1","loading":"eager","fetchpriority":"high"}},"product_PTemWM":{"type":"product","settings":{"product":"burn-boost-natural-fat-burner","loading":"eager","fetchpriority":"high"}},"product_tqqeYG":{"type":"product","settings":{"product":"flat-belly-30-day-colon-detox","loading":"eager","fetchpriority":"high"}},"product_bXXWXt":{"type":"product","settings":{"product":"hormone-balance-myo-chiro-inositol-1","loading":"eager","fetchpriority":"high"}},"product_88befx":{"type":"product","settings":{"product":"collagen-care-reduce-wrinkles-and-restore-your-skin-elasticity","loading":"eager","fetchpriority":"high"}}},"block_order":["product_UxER9n","product_PTemWM","product_tqqeYG","product_bXXWXt","product_88befx"],"settings":{"title":"Experience the Jennah Difference in <em>30 Days*<\/em>","text":"<ul><li><strong>85%<\/strong> Feel Balanced and Energized<\/li><li><strong>78%<\/strong> Support Digestive Health<\/li><li><strong>90%<\/strong> Glow From the Inside Out<\/li><\/ul>","subtotal":"Subtotal","svg":"<svg xmlns=\"http:\/\/www.w3.org\/2000\/svg\" width=\"12\" height=\"14\" viewBox=\"0 0 12 14\" fill=\"none\">\n  <path d=\"M0.375 8.125C0.375 6.71079 0.375 6.00368 0.81434 5.56434C1.25368 5.125 1.96079 5.125 3.375 5.125H8.625C10.0392 5.125 10.7463 5.125 11.1857 5.56434C11.625 6.00368 11.625 6.71079 11.625 8.125V8.875C11.625 10.9963 11.625 12.057 10.966 12.716C10.307 13.375 9.24632 13.375 7.125 13.375H4.875C2.75368 13.375 1.69302 13.375 1.03401 12.716C0.375 12.057 0.375 10.9963 0.375 8.875V8.125Z\" stroke=\"#222222\" stroke-width=\"0.75\"\/>\n  <path d=\"M9.375 5.125V4C9.375 2.13604 7.86396 0.625 6 0.625V0.625C4.13604 0.625 2.625 2.13604 2.625 4V5.125\" stroke=\"#222222\" stroke-width=\"0.75\" stroke-linecap=\"round\"\/>\n<\/svg>","text2":"30-day money back guarantee","recommended_title":"You may also like","days":"2","stock_text":"Order now for <strong>FREE <\/strong>delivery by:"}}},"content_for_index":[],"blocks":{"855628211100114053":{"type":"shopify:\/\/apps\/klaviyo-email-marketing-sms\/blocks\/klaviyo-onsite-embed\/2632fe16-c075-4321-a88b-50b567f42507","disabled":false,"settings":{}},"1173261918193615741":{"type":"shopify:\/\/apps\/geo-pro-geolocation-redirects\/blocks\/geopro\/16fc5313-7aee-4e90-ac95-f50fc7c8b657","disabled":false,"settings":{}},"11532412952436166569":{"type":"shopify:\/\/apps\/loox-reviews\/blocks\/loox-inject\/5c3b337f-fd14-4df5-b1d6-80ec13e6e28e","disabled":false,"settings":{}},"1232542678405107163":{"type":"shopify:\/\/apps\/instafeed\/blocks\/head-block\/c447db20-095d-4a10-9725-b5977662c9d5","disabled":false,"settings":{}},"6610233760104865948":{"type":"shopify:\/\/apps\/pushowl-brevo\/blocks\/pushowl-app-embed-3d2ff2b5\/fa20c3ba-38bf-43e0-ba5c-431f6ae07d95","disabled":false,"settings":{}},"17151115064775110295":{"type":"shopify:\/\/apps\/recharge-subscriptions\/blocks\/recharge-theme\/371eed76-0b44-4869-9813-730372ea378e","disabled":false,"settings":{"color_brand":"#467C99","contrast_color":"#FFFFFF","color_brand_secondary":"#467C99","corners":"8px","app_background":"#f9f8f4","app_container":1200,"app_vertical_padding":32,"images_aspect_ratio":"1","cards_background":"#FFFFFF","cards_border_color":"rgba(0,0,0,0)"}},"7280966411886983154":{"type":"shopify:\/\/apps\/monk\/blocks\/app-embed\/e949adb6-87ca-4b97-8f31-0e51bf507f2d","disabled":false,"settings":{}},"4572831902393536971":{"type":"shopify:\/\/apps\/boost-raise-aov-ltv-no-code\/blocks\/app-embed-block\/e7b2cc5f-5936-40f5-ae5e-9fc8e18c3f35","disabled":true,"settings":{}},"18146506648094396618":{"type":"shopify:\/\/apps\/langshop\/blocks\/sdk\/84899e01-2b29-42af-99d6-46d16daa2111","disabled":true,"settings":{}},"776302416715791028":{"type":"shopify:\/\/apps\/bucks\/blocks\/app-embed\/4f0a9b06-9da4-4a49-b378-2de9d23a3af3","disabled":false,"settings":{}},"2441077020710769822":{"type":"shopify:\/\/apps\/aimerce-first-party-pixel\/blocks\/c-track-embed\/51cbda5a-dbfc-4e7b-8d12-c9e90363dcd7","disabled":false,"settings":{}}}},"presets":{"Default":{"heading_font":"archivo_narrow_n6","navigation_uppercase":true,"product_title_uppercase":true,"button_uppercase":true,"color_accent":"#151515","outline_button_label":"#151515","color_dots":"#151515","section_spacing_desktop":90,"product_aspect_ratio":"adapt","sections":{"announcement-bar":{"type":"announcement-bar","blocks":{"03563edc-5c33-49b7-b848-878d67e0c6b4":{"type":"text","settings":{"icon":"ruler","text":"Add campaign text here.","link":""}},"b122c7d9-bfb2-4e2f-9044-8b7d1b325ec6":{"type":"text","settings":{"icon":"ruler","text":"Add campaign text here.","link":""}}},"block_order":["03563edc-5c33-49b7-b848-878d67e0c6b4","b122c7d9-bfb2-4e2f-9044-8b7d1b325ec6"],"settings":{"announcement_bar":true,"announcement_bar_homepage_only":false,"direction":"left","speed":"20s"}},"header":{"type":"header","blocks":{"c947d47d-abab-4f58-b89e-58ad729f6986":{"type":"megamenu","settings":{"position":"2","promo_1_heading":"Promotion heading","promo_1_link_label":"Shop","promo_1_link":"","promo_2_heading":"Promotion heading","promo_2_link_label":"Shop","promo_2_link":""}}},"block_order":["c947d47d-abab-4f58-b89e-58ad729f6986"],"settings":{"logo_height_range":24,"logo_height_range_mobile":24,"style":"style3","header_shadow":"header--shadow-small","menu":"main-menu","transparent_header":true,"mobile_secondary_menu":"","mobile_promo_heading":"Alexandre Vauthier A\/W 22 Haute Couture","mobile_promo_link_label":"Shop","mobile_promo_link":"shopify:\/\/collections\/all","show_language_switcher":true,"show_currency_switcher":true}},"footer":{"type":"footer","blocks":{"e9bfbc11-abdf-4291-b821-b57f5c59d29b":{"type":"text","settings":{"column_size":"large","title":"","text":"","text_size":"medium","button_text":"","button_link":"","show_social_links":true}},"919dfa59-648f-4330-afcc-8bb0c24dab8f":{"type":"text","settings":{"column_size":"large","title":"","text":"<p>Add your store address here<\/p>","text_size":"large","button_text":"Add button link","button_link":"","show_social_links":false}},"401e3886-6cb7-4742-8fda-45a0d97a26a3":{"type":"menu","settings":{"column_size":"medium","title":"COMPANY","menu":""}},"00a364e5-af4e-4073-871b-4d533bd4da06":{"type":"menu","settings":{"column_size":"medium","title":"RESOURCES","menu":""}},"a09a8a35-bedc-4119-aa04-3ce886faba9d":{"type":"menu","settings":{"column_size":"medium","title":"SUPPORT","menu":""}},"56d4ccfa-a515-4c26-9e64-c26ec5eea8d2":{"type":"signup","settings":{"column_size":"medium","title":"NEWSLETTER","text":"<p>Add a short description for this newsletter<\/p>"}}},"block_order":["e9bfbc11-abdf-4291-b821-b57f5c59d29b","919dfa59-648f-4330-afcc-8bb0c24dab8f","401e3886-6cb7-4742-8fda-45a0d97a26a3","00a364e5-af4e-4073-871b-4d533bd4da06","a09a8a35-bedc-4119-aa04-3ce886faba9d","56d4ccfa-a515-4c26-9e64-c26ec5eea8d2"],"settings":{"full_width":true,"copyright_text":"All rights reserved.","show_language_switcher":true,"show_currency_switcher":true,"show_payment_icons":true}}},"content_for_index":[]},"Reinvent":{"heading_font":"hope_sans_n6","heading_font_scale":100,"body_font":"twentieth_century_n4","body_font_scale":120,"body_font_line_height_scale":90,"navigation_font_scale":120,"navigation_uppercase":false,"product_title_font_scale":110,"product_title_line_height_scale":80,"product_title_uppercase":false,"button_letter_spacing":10,"button_uppercase":true,"color_body":"#1e4e1c","color_accent":"#1e4e1c","color_border":"#e9e9e9","color_header_text":"#1e4e1c","color_header_links":"#1e4e1c","color_header_links_hover":"#1e4e1c","color_header_icons":"#1e4e1c","color_header_border":"#eaeaea","solid_button_background":"#1e4e1c","outline_button_label":"#1e4e1c","color_price":"#1e4e1c","color_dots":"#151515","color_inventory_instock":"#3a8437","color_footer_text":"#1e4e1c","color_footer_link":"#1e4e1c","color_footer_link_hover":"#1e4e1c","color_footer_border":"#1e4e1c","color_footer_bg":"#e8eee8","section_spacing_desktop":90,"button_border_radius":3,"product_aspect_ratio":"adapt","products_hover_images_count":1,"products_hover_dots":false,"enable_quick_view":false,"search_menu":"main-menu","search_product_collection":"balms","sections":{"announcement-bar":{"type":"announcement-bar","blocks":{"03563edc-5c33-49b7-b848-878d67e0c6b4":{"type":"text","settings":{"icon":"ruler","text":"Add campaign text here.","link":""}},"b122c7d9-bfb2-4e2f-9044-8b7d1b325ec6":{"type":"text","settings":{"icon":"ruler","text":"Add campaign text here.","link":""}}},"block_order":["03563edc-5c33-49b7-b848-878d67e0c6b4","b122c7d9-bfb2-4e2f-9044-8b7d1b325ec6"],"settings":{"announcement_bar":false,"announcement_bar_homepage_only":false,"direction":"left","speed":"20s"}},"header":{"type":"header","blocks":{"c947d47d-abab-4f58-b89e-58ad729f6986":{"type":"megamenu","settings":{"position":"2","promo_1_heading":"Promotion heading","promo_1_link_label":"Shop","promo_1_link":"","promo_2_heading":"Promotion heading","promo_2_link_label":"Shop","promo_2_link":""}}},"block_order":["c947d47d-abab-4f58-b89e-58ad729f6986"],"settings":{"logo":"shopify:\/\/shop_images\/logo.png","logo_height_range":36,"logo_height_range_mobile":24,"style":"style4","header_shadow":"header--shadow-small","menu":"main-menu","transparent_header":true,"logo_light":"shopify:\/\/shop_images\/logo-w.png","show_language_switcher":false,"show_currency_switcher":true,"mobile_secondary_menu":"company","mobile_promo_heading":"Alexandre Vauthier A\/W 22 Haute Couture","mobile_promo_link_label":"Shop","mobile_promo_link":"shopify:\/\/collections\/all"}},"footer":{"type":"footer","blocks":{"35683700-a4a8-4596-ba5f-8c0314345814":{"type":"signup","settings":{"column_size":"medium","title":"NEWSLETTER","text":"<p>Sign up for our newsletter and receive 10% off your first order!<\/p>"}},"f9e6f4c5-6d79-4c47-9dd0-41a187f487ed":{"type":"text","settings":{"column_size":"small","title":"","text":"<p><\/p>","text_size":"medium","button_text":"","button_link":"","show_social_links":true}},"401e3886-6cb7-4742-8fda-45a0d97a26a3":{"type":"menu","settings":{"column_size":"small","title":"COMPANY","menu":"company"}},"00a364e5-af4e-4073-871b-4d533bd4da06":{"type":"menu","settings":{"column_size":"small","title":"RESOURCES","menu":"resources"}},"a09a8a35-bedc-4119-aa04-3ce886faba9d":{"type":"menu","settings":{"column_size":"small","title":"SUPPORT","menu":"support"}}},"block_order":["35683700-a4a8-4596-ba5f-8c0314345814","f9e6f4c5-6d79-4c47-9dd0-41a187f487ed","401e3886-6cb7-4742-8fda-45a0d97a26a3","00a364e5-af4e-4073-871b-4d533bd4da06","a09a8a35-bedc-4119-aa04-3ce886faba9d"],"settings":{"full_width":false,"copyright_text":"All rights reserved.","show_language_switcher":true,"show_currency_switcher":true,"show_payment_icons":true}}},"content_for_index":[]},"Sunshine":{"heading_font":"neue_swift_n6","body_font":"archivo_n4","product_title_uppercase":false,"color_body":"#363636","color_accent":"#151515","color_announcement_bar_bg":"#626262","outline_button_label":"#151515","color_footer_border":"#d9d9d9","color_footer_bg":"#572ece","section_spacing_desktop":90,"button_border_radius":50,"product_content_alignment":"center","product_aspect_ratio":"adapt","show_products_vendor":false,"color_swatches":"White: #f3f3f3","search_menu":"popular-searches","search_product_heading":"Trending Products","sections":{"announcement-bar":{"type":"announcement-bar","blocks":{"e27f3820-429c-4074-8f4e-80e9c2fd6a01":{"type":"text","settings":{"icon":"none","text":"Free delivery from £30 and free returns","link":""}},"39385368-40fe-4e0e-b3fd-50677f0426dc":{"type":"text","settings":{"icon":"none","text":"Returns extended to 60 days","link":""}},"137049d9-5696-4f14-8530-d716309ab33b":{"type":"text","settings":{"icon":"none","text":"Life-time Guarantee","link":""}}},"block_order":["e27f3820-429c-4074-8f4e-80e9c2fd6a01","39385368-40fe-4e0e-b3fd-50677f0426dc","137049d9-5696-4f14-8530-d716309ab33b"],"settings":{"announcement_bar":true,"announcement_bar_homepage_only":false,"direction":"left","speed":"20s"}},"header":{"type":"header","blocks":{"c947d47d-abab-4f58-b89e-58ad729f6986":{"type":"megamenu","settings":{"position":"2","promo_1_image":"shopify:\/\/shop_images\/promotion2.jpg","promo_1_heading":"Luxury Bras & Undies","promo_1_link_label":"Shop now","promo_1_link":"shopify:\/\/collections\/all","promo_2_heading":"Promotion heading","promo_2_link_label":"Shop","promo_2_link":""}}},"block_order":["c947d47d-abab-4f58-b89e-58ad729f6986"],"settings":{"logo":"shopify:\/\/shop_images\/logo-2x.png","logo_height_range":34,"logo_height_range_mobile":34,"style":"style1","header_shadow":"header--shadow-medium","menu":"main-menu","transparent_header":false,"mobile_secondary_menu":"company","mobile_promo_image":"shopify:\/\/shop_images\/promotion2.jpg","mobile_promo_heading":"LUXURY BRAS & UNDIES","mobile_promo_link_label":"Shop","mobile_promo_link":"shopify:\/\/collections\/all","show_language_switcher":true,"show_currency_switcher":true}},"footer":{"type":"footer","blocks":{"e9bfbc11-abdf-4291-b821-b57f5c59d29b":{"type":"text","settings":{"column_size":"large","title":"","image":"shopify:\/\/shop_images\/footer-logo.png","text":"<p>Beauty is perfect in its imperfections, so you just have to go with the imperfections. Money is the most corrosive aspect of life today because it means that all attention to detail is forgotten. <\/p>","text_size":"small","button_text":"","button_link":"","show_social_links":true}},"401e3886-6cb7-4742-8fda-45a0d97a26a3":{"type":"menu","settings":{"column_size":"small","title":"COMPANY","menu":"company"}},"00a364e5-af4e-4073-871b-4d533bd4da06":{"type":"menu","settings":{"column_size":"small","title":"RESOURCES","menu":"resources"}},"a09a8a35-bedc-4119-aa04-3ce886faba9d":{"type":"menu","settings":{"column_size":"small","title":"SUPPORT","menu":"support"}}},"block_order":["e9bfbc11-abdf-4291-b821-b57f5c59d29b","401e3886-6cb7-4742-8fda-45a0d97a26a3","00a364e5-af4e-4073-871b-4d533bd4da06","a09a8a35-bedc-4119-aa04-3ce886faba9d"],"settings":{"full_width":true,"copyright_text":"All rights reserved.","show_language_switcher":true,"show_currency_switcher":true,"show_payment_icons":true}}},"content_for_index":[]},"Mono":{"heading_font":"basic_commercial_n7","body_font":"archivo_n4","navigation_uppercase":true,"product_title_uppercase":true,"color_body_bg":"#ececec","color_body":"#151515","color_accent":"#846144","color_border":"#dad4d0","color_input_border":"#c4c1bf","color_announcement_bar_bg":"#a47d5c","color_header_bg":"#2b2825","color_header_text":"#dad4d0","color_header_links":"#dad4d0","color_header_links_hover":"#a47d5c","color_header_icons":"#dad4d0","color_header_border":"#44423f","solid_button_background":"#a47d5c","solid_button_label":"#ffffff","outline_button_label":"#a47d5c","color_dots":"#846144","color_footer_text":"#c4bfbb","color_footer_link":"#dad4d0","color_footer_link_hover":"#a47d5c","color_footer_bg":"#2a2825","section_spacing_desktop":90,"button_border_radius":6,"product_content_alignment":"center","product_aspect_ratio":"adapt","enable_quick_view":false,"search_menu":"company","sections":{"announcement-bar":{"type":"announcement-bar","blocks":{"e27f3820-429c-4074-8f4e-80e9c2fd6a01":{"type":"text","settings":{"icon":"plane","text":"Free delivery from £30 and free returns","link":""}},"39385368-40fe-4e0e-b3fd-50677f0426dc":{"type":"text","settings":{"icon":"shirt","text":"Returns extended to 60 days","link":""}},"a7fe4519-f983-4691-b129-4418479d3f61":{"type":"text","settings":{"icon":"ruler","text":"Life-time Guarantee","link":""}}},"block_order":["e27f3820-429c-4074-8f4e-80e9c2fd6a01","39385368-40fe-4e0e-b3fd-50677f0426dc","a7fe4519-f983-4691-b129-4418479d3f61"],"settings":{"announcement_bar":true,"announcement_bar_homepage_only":false,"direction":"left","speed":"20s"}},"header":{"type":"header","blocks":{"0b220934-05c8-49f3-81c9-17468e976ff1":{"type":"megamenu","settings":{"position":"1","promo_1_heading":"Promotion heading","promo_1_link_label":"Shop","promo_1_link":"","promo_2_heading":"Promotion heading","promo_2_link_label":"Shop","promo_2_link":""}}},"block_order":["0b220934-05c8-49f3-81c9-17468e976ff1"],"settings":{"logo":"shopify:\/\/shop_images\/logo.png","logo_height_range":24,"logo_height_range_mobile":24,"style":"style2","header_shadow":"header--shadow-small","menu":"main-menu","transparent_header":false,"mobile_secondary_menu":"","mobile_promo_image":"shopify:\/\/shop_images\/img21.jpg","mobile_promo_heading":"Luxury Wallets","mobile_promo_link_label":"Shop","mobile_promo_link":"shopify:\/\/collections\/all","show_language_switcher":true,"show_currency_switcher":true}},"footer":{"type":"footer","blocks":{"e9bfbc11-abdf-4291-b821-b57f5c59d29b":{"type":"text","settings":{"column_size":"medium","title":"","image":"shopify:\/\/shop_images\/footer-logo.png","text":"<p>I am not interested in the past, except as the road to the future. I get ideas about what's essential when packing my suitcase.<\/p>","text_size":"small","button_text":"Our Story","button_link":"shopify:\/\/pages\/about","show_social_links":false}},"74a99fff-56c6-45f4-b511-75e870dd695b":{"type":"text","settings":{"column_size":"medium","title":"","text":"","text_size":"medium","button_text":"","button_link":"","show_social_links":false}},"f7969615-55b7-4df4-bcd9-bf532f650a19":{"type":"text","settings":{"column_size":"large","title":"GET IN TOUCH","text":"<p>8212 E. Glen Creek Street Orchard Park, NY 14127, <br\/>United States of America +1 310 499 7700<\/p>","text_size":"large","button_text":"","button_link":"","show_social_links":true}},"3520df62-a6d4-41cd-a83e-c31d69d631db":{"type":"text","settings":{"column_size":"medium","title":"","text":"","text_size":"medium","button_text":"","button_link":"","show_social_links":false}},"c5b08a2e-9b54-4a21-8a1a-f492ce74aa01":{"type":"text","settings":{"column_size":"medium","title":"","text":"","text_size":"medium","button_text":"","button_link":"","show_social_links":false}},"e4994569-fd9a-4e39-8b2f-200d269ea78a":{"type":"menu","settings":{"column_size":"medium","title":"COMPANY","menu":"company"}},"e459d221-08a5-418b-b9a3-52722c4046c2":{"type":"menu","settings":{"column_size":"medium","title":"RESOURCES","menu":"resources"}}},"block_order":["e9bfbc11-abdf-4291-b821-b57f5c59d29b","74a99fff-56c6-45f4-b511-75e870dd695b","f7969615-55b7-4df4-bcd9-bf532f650a19","3520df62-a6d4-41cd-a83e-c31d69d631db","c5b08a2e-9b54-4a21-8a1a-f492ce74aa01","e4994569-fd9a-4e39-8b2f-200d269ea78a","e459d221-08a5-418b-b9a3-52722c4046c2"],"settings":{"full_width":false,"copyright_text":"All rights reserved.","show_language_switcher":true,"show_currency_switcher":true,"show_payment_icons":true}}},"content_for_index":[]},"Glamour":{"heading_font":"chong_modern_n4","heading_font_scale":110,"body_font":"news_gothic_no_2_n4","navigation_uppercase":true,"product_title_uppercase":true,"button_uppercase":true,"color_body":"#4e423e","color_accent":"#3d332f","color_border":"#e9e3e0","color_header_bg":"#384135","color_header_text":"#ffffff","color_header_links":"#ffffff","color_header_links_hover":"#ffffff","color_header_icons":"#ffffff","color_header_border":"#4e584a","solid_button_background":"#c95137","outline_button_label":"#35302e","color_price":"#35302e","color_dots":"#35302e","color_footer_border":"#59504c","color_footer_bg":"#3b3330","section_spacing_mobile":30,"section_spacing_desktop":40,"button_border_radius":3,"product_aspect_ratio":"adapt","products_hover_images_count":1,"products_hover_dots":false,"search_menu":"popular-searches","search_product_collection":"rings","sections":{"announcement-bar":{"type":"announcement-bar","blocks":{"03563edc-5c33-49b7-b848-878d67e0c6b4":{"type":"text","settings":{"icon":"ruler","text":"Add campaign text here.","link":""}},"b122c7d9-bfb2-4e2f-9044-8b7d1b325ec6":{"type":"text","settings":{"icon":"ruler","text":"Add campaign text here.","link":""}}},"block_order":["03563edc-5c33-49b7-b848-878d67e0c6b4","b122c7d9-bfb2-4e2f-9044-8b7d1b325ec6"],"settings":{"announcement_bar":true,"announcement_bar_homepage_only":false,"direction":"left","speed":"20s"}},"header":{"type":"header","blocks":{"c947d47d-abab-4f58-b89e-58ad729f6986":{"type":"megamenu","settings":{"position":"2","promo_1_heading":"Promotion heading","promo_1_link_label":"Shop","promo_1_link":"","promo_2_heading":"Promotion heading","promo_2_link_label":"Shop","promo_2_link":""}}},"block_order":["c947d47d-abab-4f58-b89e-58ad729f6986"],"settings":{"logo_height_range":24,"logo_height_range_mobile":24,"style":"style3","header_shadow":"header--shadow-small","menu":"main-menu","transparent_header":true,"show_language_switcher":true,"show_currency_switcher":true,"mobile_secondary_menu":"","mobile_promo_heading":"Alexandre Vauthier A\/W 22 Haute Couture","mobile_promo_link_label":"Shop","mobile_promo_link":"shopify:\/\/collections\/all"}},"footer":{"type":"footer","blocks":{"e9bfbc11-abdf-4291-b821-b57f5c59d29b":{"type":"text","settings":{"column_size":"large","title":"","text":"","text_size":"medium","button_text":"","button_link":"","show_social_links":true}},"919dfa59-648f-4330-afcc-8bb0c24dab8f":{"type":"text","settings":{"column_size":"large","title":"","text":"<p>Add your store address here<\/p>","text_size":"large","button_text":"Add button link","button_link":"","show_social_links":false}},"401e3886-6cb7-4742-8fda-45a0d97a26a3":{"type":"menu","settings":{"column_size":"medium","title":"COMPANY","menu":""}},"00a364e5-af4e-4073-871b-4d533bd4da06":{"type":"menu","settings":{"column_size":"medium","title":"RESOURCES","menu":""}},"a09a8a35-bedc-4119-aa04-3ce886faba9d":{"type":"menu","settings":{"column_size":"medium","title":"SUPPORT","menu":""}},"56d4ccfa-a515-4c26-9e64-c26ec5eea8d2":{"type":"signup","settings":{"column_size":"medium","title":"NEWSLETTER","text":"<p>Add a short description for this newsletter<\/p>"}}},"block_order":["e9bfbc11-abdf-4291-b821-b57f5c59d29b","919dfa59-648f-4330-afcc-8bb0c24dab8f","401e3886-6cb7-4742-8fda-45a0d97a26a3","00a364e5-af4e-4073-871b-4d533bd4da06","a09a8a35-bedc-4119-aa04-3ce886faba9d","56d4ccfa-a515-4c26-9e64-c26ec5eea8d2"],"settings":{"full_width":true,"copyright_text":"All rights reserved.","show_language_switcher":true,"show_currency_switcher":true,"show_payment_icons":true}}},"content_for_index":[]}}}